:020000040800F2
:10000000000008248D070008811D0008851D0008D8
:10001000891D00088D1D0008911D000800000000CA
:10002000000000000000000000000000951D000816
:10003000991D0008000000009D1D0008A11D00087A
:10004000DD070008DD070008DD070008DD07000800
:10005000DD070008DD070008DD070008DD070008F0
:10006000DD070008DD070008DD070008A51D000802
:10007000DD070008DD070008DD070008DD070008D0
:10008000DD070008DD070008DD070008DD070008C0
:10009000DD070008DD070008DD070008DD070008B0
:1000A000DD070008DD070008DD070008DD070008A0
:1000B000DD070008DD070008DD070008DD07000890
:1000C000DD070008DD070008DD070008DD07000880
:1000D000DD070008DD070008DD070008DD07000870
:1000E000DD070008DD07000800000000DD0700084C
:1000F000DD070008DD070008DD070008DD07000850
:10010000DD070008DD070008DD070008DD0700083F
:10011000DD070008DD070008DD070008DD0700082F
:10012000DD070008DD070008DD070008DD0700081F
:10013000DD070008DD070008DD070008DD0700080F
:1001400000000000000000000000000000000000AF
:10015000DD070008DD070008DD070008DD070008EF
:10016000DD070008DD070008DD070008DD070008DF
:10017000DD070008DD070008B11D000800000000D1
:10018000DD070008DD070008DD070008DD070008BF
:10019000DD070008DD070008DD070008DD070008AF
:1001A000DD070008DD070008DD070008DD0700089F
:1001B000DD070008DD070008DD070008DD0700088F
:1001C000DD070008DD070008DD070008DD0700087F
:1001D000DD070008C91D0008DD070008DD0700086D
:1001E000DD070008DD070008DD070008DD0700085F
:1001F000DD070008DD070008DD070008DD0700084F
:10020000DD070008DD070008DD070008DD0700083E
:10021000DD070008BD1D0008DD070008DD07000838
:10022000DD070008DD070008DD070008000000000A
:10023000DD070008DD07000800000000DD070008FA
:10024000DD070008DD070008DD070008DD070008FE
:10025000DD070008DD070008DD070008DD070008EE
:10026000DD070008DD070008DD070008DD070008DE
:10027000DD070008DD070008DD07000800000000BA
:10028000DD070008DD070008DD07000800000000AA
:0802900000000000DD0700087A
:1002A00010B5054C237833B9044B13B10448AFF3B0
:1002B00000800123237010BD600E002400000000A8
:1002C000F439010808B5034B1BB103490348AFF3E8
:1002D000008008BD00000000640E0024F43901080D
:1002E00028484FF00101016027480168002902D128
:1002F000DFF898D011E02DE9F00F00B50A6912F48B
:10030000805205D01EF0100302D12DED108A08B4E2
:10031000C1F818D04FF0000202601B4C1C4D1D4E5E
:100320004FF0100282F31188D5F80080B8F1000F69
:100330000DD1D6F800C0BCF1000F08BF11F0CCFC05
:100340004FF0000282F31188BFF36F8FE8E7C4F823
:100350000080D8F818D0D8F8100010F4805006D0DB
:10036000009B13F0100302D108BCBDEC108A5DF8AD
:1003700004EBBDE8F00F03484FF00001016081F38A
:1003800011887047748F0424708F0424E8D40224E9
:100390006C8F0424E0D3022410F8012B11F8013BE8
:1003A000012A28BF9A42F7D0D01A7047034613F8A3
:1003B000012B002AFBD1181A0138704700000000F9
:1003C00001F0FF01102A2BDB10F0070F08D010F806
:1003D000013B013A8B422DD010F0070F42B3F6D10A
:1003E000F0B441EA012141EA014122F007047FF023
:1003F00000070023F0E80256083C85EA010586EA7A
:10040000010685FA47F5A3FA87F586FA47F6A5FAB5
:1004100087F68EB9EED1F0BC01F0FF0102F00702C1
:1004200032B110F8013B013A83EA010313B1F8D16C
:100430000020704701387047002D06BF354603384D
:10044000073815F0010F07D1013015F4807F02BF86
:10045000013015F4C03F0130F0BC0138704700BFD7
:1004600053B94AB9002908BF00281CBF4FF0FF311B
:100470004FF0FF3000F088B9ADF1080C6DE904CE03
:1004800000F006F8DDF804E0DDE9022304B070476F
:100490002DE9F047089D0F4604468C46002B48D1B5
:1004A0008A42164661D9B2FA82F34BB1C3F12002F7
:1004B00001FA03FC20FA02F29E4042EA0C0C9C4036
:1004C0004FEA164EB7B2BCFBFEF1220C0EFB11CC6C
:1004D00042EA0C4201FB07F0904209D9B21801F13F
:1004E000FF3C80F0EE80904240F2EB8002393244D3
:1004F000121AA4B2B2FBFEF00EFB102244EA024430
:1005000000FB07F7A74209D9341900F1FF3280F048
:10051000DA80A74240F2D7803444023840EA0140F2
:10052000E41B00211DB1DC400023C5E90043BDE808
:10053000F0878B4206D90DB1C5E9000100210846BC
:10054000BDE8F087B3FA83F1002948D1BB4202D35A
:10055000824200F20781841A67EB0302012094466D
:10056000002DE4D0C5E9004CE1E7002A00F09280BC
:10057000B2FA82F3002B40F0A8808A1A4FEA164E96
:100580001FFA86FC0121200CB2FBFEF70EFB17229E
:1005900040EA02420CFB07F0904207D9B21807F17B
:1005A000FF3802D2904200F2E2804746121AA4B20B
:1005B000B2FBFEF00EFB102244EA02440CFB00FCEE
:1005C000A44507D9341900F1FF3202D2A44500F244
:1005D000CB801046A4EB0C0440EA0740A2E7C1F12F
:1005E00020068B4022FA06FC4CEA030C07FA01F4C1
:1005F00020FA06F3F7404FEA1C49234300FA01F8BA
:100600001FFA8CFEB7FBF9F01C0C09FB107744EACB
:10061000074400FB0EF7A74202FA01F20AD91CEBCD
:10062000040400F1FF3A80F09B80A74240F29880DA
:1006300002386444E41B9FB2B4FBF9F309FB134492
:1006400047EA044403FB0EFEA64509D91CEB04044B
:1006500003F1FF3780F08280A6457FD9023B6444D6
:1006600043EA0040A4EB0E04A0FB02E7BC42734641
:10067000B94663D360D05DB1B8EB030264EB090403
:1006800004FA06F622FA01F31E43CC40C5E90064E1
:1006900000214CE76208480842EAC1710B0C43EAAA
:1006A00000438AB242EA0342B3FBF6F1E407B446E0
:1006B0003746B6461F23B0FBF6F0D21B41EA004195
:1006C00061E7614614E7104628E7C3F1200120FAEC
:1006D00001F29E4027FA01F19F403A434FEA164E3D
:1006E0001FFA86FCB1FBFEF70EFB1710110C41EA56
:1006F000004107FB0CF8884504FA03F43AD9711855
:1007000007F1FF3001D288451FD8A1EB0801B1FBEA
:10071000FEF808FB0CF70EFB181192B242EA0142F8
:10072000BA422FD2B21808F1FF31C6D2BA42C4D2AF
:10073000A8F102013244C0E7F0459CD2BEEB0203AF
:1007400067EB0C070138B94695E7A6EB080841446A
:10075000B81EB1FBFEF808FB0CF7DCE73B467FE771
:10076000504667E70846FBE63444023832E7023F6A
:1007700032441BE7A1EB08013846B1FBFEF808FB49
:100780000CF7C8E7414698E7704700BFDFF834D060
:1007900006F0A8F80C480D490D4A002302E0D45891
:1007A000C4500433C4188C42F9D30A4A0A4C0023BB
:1007B00001E013600432A242FBD312F0A9FD01F064
:1007C00083F970470000082400000024240200245C
:1007D000C4530108600E0024886E0424FEE7000064
:1007E00000230C480C49202210B5C0E90013C0E9D1
:1007F0000223C0E9043383610363C0E90833C0E91D
:100800000A3306F033FA00B910BDBDE8104001F01C
:10081000D5B800BFF80E002400000248594B02680A
:10082000F0B59A428DB04FF00004CDE9064408942B
:10083000CDE9094401D00DB0F0BD534B0D2605465E
:100840005248D3F8DC20022742F00102C3F8DC2032
:10085000D3F8DC2002F001020092009AD3F8E020E5
:1008600042F01002C3F8E020D3F8E02002F01002BA
:100870000192019AD3F8E02042F00102C3F8E0208F
:10088000D3F8E02002F001020292029AD3F8E020AD
:1008900042F00402C3F8E020D3F8E02002F00402A2
:1008A0000392039AD3F8E02042F00802C3F8E02054
:1008B000D3F8E02002F008020492049AD3F8E02072
:1008C00042F00202C3F8E0207322D3F8E0300A9627
:1008D00003F0020305930223059906A9CDE9062337
:1008E00008F084F8502306A9294806930A9607972A
:1008F000CDE9084408F07AF8C02306A925480693F4
:10090000CDE90946CDE9077408F070F8082306A977
:1009100021480693CDE90946CDE9077408F066F849
:1009200080231E4806A90A9606931D4E0797CDE917
:10093000084408F05BF81B4A4B233046346274626B
:1009400086E81C004FF480624FF48053C6E90342EE
:1009500073614FF480424FF48073C6E9062306F0BA
:100960009FFB58B900224E20AE641146B56306F0D5
:100970008BF84E2006F0C2F80DB0F0BD01F01EF865
:10098000F0E700BF0000024800440258001002587F
:100990000000025800080258000C025800040258D7
:1009A0007C0E0024100002400C4B00220B2011464C
:1009B00010B5D3F8D84082B044F00104C3F8D84051
:1009C000D3F8D83003F001030193019B06F05CF8E3
:1009D0000B2002B0BDE8104006F090B80044025869
:1009E0002DE9F0415A4C8EB00025082159480127C5
:1009F0000C952A4602264FF48078CDE90855CDE9BA
:100A00000A55D4F8E03043F01003C4F8E030D4F8CD
:100A1000E03003F010030093009BD4F8E03043F083
:100A20000403C4F8E030D4F8E03003F00403019389
:100A3000019BD4F8E03043F08003C4F8E030D4F8F0
:100A4000E03003F080030293029BD4F8E03043F0DF
:100A50000103C4F8E030D4F8E03003F0010303935D
:100A6000039BD4F8E0300B43C4F8E030D4F8E03016
:100A70000B400493049BD4F8E03043F00203C4F825
:100A8000E030D4F8E03003F002030593059B08F052
:100A9000EFFA01224FF420512E4808F0E9FA08231A
:100AA00008A92C4808930997CDE90A5507F09EFF3D
:100AB0004FF40052002308A927480A96CDE90823DD
:100AC00007F094FF4FF420530997032708A9214802
:100AD00008930A950B9707F089FF08A91F48CDF8DE
:100AE0002080CDE90965CDE90B6507F07FFF08A9F6
:100AF0001A48CDF82080CDE90965CDE90B6507F0EE
:100B000075FFD4F8E030072208A943F00803C4F8C1
:100B1000E030D4F8E03003F008030693069BD4F8E5
:100B2000E83043F48023C4F8E830D4F8E83009967C
:100B300003F480230A9507934FF4407307980848FD
:100B40000893CDE90B7207F051FF0EB0BDE8F081BC
:100B500000440258001002580008025800000258D1
:100B6000000C025810B50023174C184801221849F0
:100B700084E80B002046C4E90323C4E90533C4E933
:100B8000073308F0B1FB50B900210F4809F038F8DD
:100B900068B900210C4809F05DF880B910BD00F07B
:100BA0000DFF0021084809F02BF80028F1D000F0D3
:100BB00005FF0021044809F04DF80028EED0BDE8FB
:100BC000104000F0FBBE00BF480F0024005400405E
:100BD0008A5E80400000000010B5B6B000210446D7
:100BE000BC2207A80691CDE90211CDE9041112F04B
:100BF00070FB1F4B22689A4201D036B010BD08230B
:100C000007A807930AF01CFD40BB1A4C042202A956
:100C10001948D4F8E03043F00203C4F8E030D4F8C7
:100C2000E0300692012203F002039FED0F7B009358
:100C3000009B00238DED027BCDE9042307F0D6FE57
:100C4000D4F8E83043F40013C4F8E830D4F8E830BE
:100C500003F400130193019B36B010BD00F0AEFE0B
:100C6000D3E700BFAFF300800003000012000000D4
:100C7000005400400044025800040258026808B5BD
:100C80000B4B9A4200D008BD0A4A4FF480710A48C3
:100C9000D2F8E83023F40013C2F8E83008F0B2F8D4
:100CA0004FF400710448BDE8084008F0ABB800BF3D
:100CB000005400400044025800040258014B1868D8
:100CC000704700BFA0A50024002A18BF002924D027
:100CD000034610B3012030B4114C2070BFF35F8F76
:100CE000104D95F800C0BCF1020F04D00023002085
:100CF000237030BC70470C4D2D78002DF6D10B4D74
:100D00002D78022DF2D10A4C24681C60094C0A4B44
:100D100024680C601B781370EBE70020704700BF5D
:100D2000A4A5002440A8002435A8002434A8002449
:100D3000A0A50024ACA50024B0A50024BFF35F8FBC
:100D4000014B00221A707047A4A500240048704788
:100D5000447E0124A02070477820704714207047FB
:100D600000207047782070477820704730B4154CC9
:100D7000247814B3144C94F800C084451AD9C9B12E
:100D8000C2B1029D002D18BF002B13D0039D8DB161
:100D900000EB800004EB8004606808600120A1681B
:100DA0001160E2681A60029A2369136063692B601C
:100DB00030BC7047002030BC704704F0FF0C30BCE2
:100DC00060467047A4A50024B0A50024024A034B46
:100DD00010601960704700BF3CA8002438A80024A8
:100DE0002DE9F84FD24C2DED0A8BDFEDD29A9FED15
:100DF000D29ADFEDD28A9FEDD28AD24B4FF0FF32EA
:100E0000012118680FF040FA0028F6DB0122CE48D5
:100E1000CE494FF0000A0270CD4ACE4BC2F800A076
:100E2000D1F8FC2042F08072C1F8FC201A6842F030
:100E300001021A60BFF34F8FBFF36F8F5F6805F039
:100E4000F3FDB6EE004AC44A0646DFEDC44A9FED04
:100E5000C45A9FEDC43A07EE90AAF6EE0E6AB8EEB9
:100E6000E77AFEEE007A37EE047AE7EE267AF5EEC0
:100E7000C07AF1EE10FA00F13581F4EEC97AF1EEA4
:100E800010FA79FE277ABDEEE77A17EE103AB8EE3F
:100E9000C77A03EB8308762B77EEC75A4FEA4818D8
:100EA00040F32781C346F6EE0E3A91464FF0000E0E
:100EB00007EE90EAB0EE692A15231421B8EEE77A1E
:100EC000FEEE007A37EE047AE7EE237AF5EEC07A8A
:100ED000F1EE10FA13D4F4EEC97AF1EE10FA79FEBD
:100EE000277ABDEEE77A17EE100AB8EEC72A411846
:100EF000762837EEC22A0B46D8BF00F1150308EB5F
:100F0000010C08EB030059445B4434F81CC0F3EEB9
:100F10000F2A34F810000EF1010E9CFA9CFC34F8F4
:100F2000111040BA34F81330CCF3451549BA5BBA06
:100F3000BEF1800F06EE105AC0F3451507EE105AA9
:100F4000C1F34515B8EE466A06EE905AC3F345154F
:100F5000B8EE477A0AEE105ACCF3C4250CF01F0CF9
:100F6000F8EE666A00EE105AC0F3C425B8EE4AAA3D
:100F700000F01F0000EE905AC1F3C425B8EE400AFD
:100F800001F01F0101EE105AC3F3C425F8EE600A08
:100F900003F01F0301EE905AC6EE287AF8EE611AAC
:100FA00087EE286AC1EEA2AA01EE90CA86EEA87A60
:100FB000C0EEA2BACAEE286AF8EE610A01EE900A03
:100FC000B8EE411A80EE22CAB8EE610A01EE901A1C
:100FD00081EE22BAB8EE611A01EE903A80EEA2AA32
:100FE000F8EE611AC0EE220A81EE220A81EEA21A00
:100FF00067EE887A26EE086A27EE087A66EE886A37
:10100000ECEE247AABEEA46AABEE247AEAEEA46AA4
:10101000EAEE057AA0EE856AA0EE057AE1EE056AB1
:1010200036EE676A76EEC76AE6EE027AA6EE827A56
:1010300037EE677AE7EE257AB0EE447AA7EE837A48
:10104000FDEEC77A17EE903A83F3080309F8013FE3
:101050007FF42EAF0AF1010A8032BAF1800F7FF4DB
:10106000FAAE03F01FFD00284BD10323364A13705C
:10107000384B5B68DF1B05F0D7FC861B09F0C0FF0F
:10108000024688B187B14FF00008374B400841460F
:10109000E7FB03014346FFF7E3F94FF0FF33024656
:1010A000834278EB010134D24FF47A7306FB03F3E9
:1010B000274A1360244A1378022B1DD01378052B7E
:1010C0001AD0214B1B78022B03D1284A1368013315
:1010D0001360274A002304211068264A13700EF07B
:1010E00051FB8AE6F0EE695A4FF0A00B4FF0000872
:1010F000D9E608F1A00BD6E603F0DEFC1E4B186023
:10110000DFE71E4803F0D0FC28B904230E4A137011
:10111000AEE71346CCE71A4804F034FA18B10223BC
:10112000094A1370A4E70523074A1370A0E700BF1C
:10113000447E0124000000000000EE4200007C42DA
:10114000A245163F3CA8002434A8002400ED00E08E
:10115000ACA50024001000E0433E01248716993E10
:10116000D578E93D00007F4340420F00A0A5002450
:1011700038A8002435A80024A8A50024443E012452
:10118000B0A500242DE9F04F524CDFF878A12DEDE9
:10119000068B8FB04FF0FF334F480025112200938C
:1011A0000F2107AB006807950EF054FBA842F1DB56
:1011B000079B18071ED4D90706D5484A1278002A7B
:1011C0003BD0002246490A709A0703D5434A127859
:1011D000022A14D05B07DDD5404B1B78022BD9D1F6
:1011E000404B1B78023B042BD4D8DFE803F0916E10
:1011F00056514400284602F02BFD079BDBE73A4E90
:1012000044F6882533483246002330F81310A033C3
:10121000B3F5964F22F8021FF7D1783DF03E023029
:1012200015F1780FEFD1A023304A28210720009331
:10123000782302F017FD079BCCE72B4E44F6882558
:101240002B483246002330F81310A033B3F5964FE5
:1012500022F8021FF7D1783DF03E023015F1780FE9
:10126000EFD1A023214A282107200093782302F000
:10127000F9FC079BA5E7002002F0EAFC1D4B0C21BE
:101280000193782210230820009102F0F3FC81E7FB
:10129000002002F0DDFC184BF1E700200C2502F0E5
:1012A000D7FC164B2946782201930820102300957D
:1012B00002F0E0FC03F0FAFB102378221E21CDE9B6
:1012C0000050082002F0D6FC64E7002002F0C0FCC9
:1012D0000B4BD4E7447E012438A8002440A8002406
:1012E0009C0F002434A80024523D012444A800246B
:1012F000A00F0024F03B0108E43B0108D83B0108A3
:10130000C83B0108B0A500240000F0420000000026
:101310009AF80030002B00F0CB81B3EE046A5FED49
:10132000067A5FED065A012B9AED027AF0EE466AD4
:101330009AED035AF0EE463AB0EE654AE7EE276AB8
:10134000B0EE657AA5EE277A9AED045AE5EE273AD3
:101350009AED055AA5EE274A3AD0023B1422CA4913
:10136000DBB202FB0313A1F11402F0EE462A92ED68
:10137000073AD2ED084A143292ED045AE3EE272AD6
:1013800092ED052AB0EE653AA4EEA73AF0EE464A91
:10139000F4EEE26AE5EE274AB0EE655AF1EE10FA95
:1013A000B4EEC37AA2EE275A72FEA66AF1EE10FAE4
:1013B000F4EEE34A33FE077AF1EE10FAB4EEC45AC3
:1013C00074FEA33AF1EE10FA35FE044A9342CCD1F2
:1013D000F7EE004ADFEDAD2A73EEE67A9FEDAC5AE8
:1013E00074EE475AB0EE086AF4EEE74AB6EE003AF9
:1013F000F1EE10FAF4EEE54A74FEA77A67EEA27AEF
:10140000F1EE10FAB4EEE76A74FEA55A65EEA25A40
:10141000F1EE10FAB4EEE56A76FE277A76EEE76A28
:10142000F1EE10FA77EEA37A36FE256A37EE467AA9
:1014300036EE046A77EEE68A76EEA76A76EE477AAB
:1014400037EE067A26EE839AC8EEA76A27EE038A5D
:10145000F4EE664AF1EE10FA77FEA88AF4EEC58A39
:10146000A8EEC39AA8EEC38AF1EE10FA40F26A81A0
:101470000027F6EE006AB7EE005ADFED855A9FEDC1
:10148000856A3846DFF824C207EE907A614600226A
:10149000B8EEE77A37EE267AC7EE257AB0EE497ACB
:1014A00075EE677AA7EEA87AFDEEC77A17EE906A16
:1014B0009F2E8CBF0025012507EE902A0132F8EE01
:1014C000E77A77EEA67A87EE867AF0EE487AE7EE4C
:1014D000287AFDEEE77A17EE903A772B04D803EBE3
:1014E0008303002D40F01581782A21F8020FE3D103
:1014F00001370CF1F00CA02FC6D17823664A2821C1
:101500000720009702F0AEFB9AF800C0BCF1000F74
:1015100000F0EA80DFED5F9A4FF00009DFED5FAA8F
:101520009FED5BAA5E4EF3EE047AD6ED045AB0EE60
:101530006A5A96ED036A96ED027A5FFA89F3F0EE45
:10154000674AD6ED056AE5EEA97A564AA6EE295A0B
:10155000F0EE6A5AA2FB0321E7EE294A01F0FC02F1
:10156000E6EEA95AB0EE677A02EB910235EE485AE0
:10157000F6EE007A9B1A37EE497A85EE284ADBB2FE
:1015800074EEC94A75EEC85A87EE286AC4EEA83AC6
:10159000C5EEA84AB0EE675AF7EE006AF0EE675A59
:1015A000A4EE295A36EEC67AB0EE676A76EEE36AA2
:1015B000A7EE0A6ABDEEC57AE6EE8A7AE4EEA95A8B
:1015C00017EE10EA2EEAEE7EFDEEE77A1FFA8EF7AE
:1015D000BDEEE57A17EE905A17EE101ABDEEC67AF8
:1015E000772917EE102AA8BF77219F2D22EAE272F1
:1015F00088B2A8BF9F258E45039007F1070080B2EF
:1016000080F29780AA4291B2ADB280F29280264ACF
:1016100001F12808049009F1010932F813B01FFA0A
:1016200088F8039B1436CDF800B05A1C0223D21B55
:101630006F1C92B27F1A4146059202F00BFB05F136
:101640002701BFB2059A022389B20498CDF800B0F1
:1016500002F000FB04983B4602224146CDF800B060
:1016600002F0F8FA039B41460222981DCDF800B023
:101670003B4680B202F0EEFA9AF800C05FFA89F3B6
:101680009C453FF650AF2FE0C4A500240AD7A33DE8
:10169000000020430000F04244A8002400000000A5
:1016A000B0A50024CDCCCCCC2043010842A8002416
:1016B000394E44F6882539483246002330F8131055
:1016C000A033B3F5964F22F8021FF7D1783DF03ED4
:1016D000023015F1780FEFD1A023314A28210720DD
:1016E0000093782302F0BEFA2E4B08A82E491A6800
:1016F0002E4B02F5FA72A3FB0232920911F062FD41
:101700000021282387220846009102F0A3FA08ABA3
:10171000B5E506EB4313782A34F8133021F8023F7D
:101720007FF4CAAE01370CF1F00CA02F7FF4ACAE01
:10173000E3E609F1010914365FFA89F39C453FF6A7
:10174000F2AED1E7B5EEC09AF1EE10FA08D475EE1C
:10175000687AB4EEE79AF1EE10FA37FE899A01E062
:101760009FED139ADFED137AF4EEE78AF1EE10FAAB
:101770003FF67EAEB5EEC08AF1EE10FA08D477EEF1
:10178000E87AB4EEE78AF1EE10FA37FE888A6FE65F
:101790009FED078A6CE600BF523D0124447E012480
:1017A00044A80024ACA50024C03B0108D34D62101E
:1017B000000000000000F0422DE9F84F01E00FF0BA
:1017C00009F94FF400515C4807F04CFC03460A202D
:1017D000012BF4D0DFF890910026584B0821584D8A
:1017E000584CDFF888B1DFF88881DFF888A1D9F894
:1017F00000002E7026601E708BF8006088F8006074
:101800000DF0C0FF31464FF416534F48524605F0D5
:101810007BFA002846D14FF40051474807F022FCDC
:1018200001284A4E4FF0010729D000B937702368CC
:10183000DBB1002323602B78002B3CD198F80030DB
:101840009BB9434B434A33F8021D9A4522F8021FC5
:10185000F9D10121D9F8000088F800700DF092FF4D
:10186000002802DA002388F8003001200FF0B2F8D7
:101870004FF40051304807F0F5FB0128D5D13378FB
:10188000002BD4D014200FF0A5F84FF400512A48B3
:1018900007F0E8FB0128CAD1002333702B7893BBF3
:1018A0002870C4E708212C4807F0E6FB4FF4AF701E
:1018B00005F0C0F8F6E72B78012BD6D1244B274A48
:1018C00033F8021D9A4522F8021FF9D10221D9F8F6
:1018D000000029700DF056FF184B01211F70204B9E
:1018E0008BF8007018680EF06DFC0028BDDA00233C
:1018F000124A0421D9F80000137006238BF8003037
:101900000DF040FFB1E72B78022B90D10B4B1B78E9
:10191000002B8CD1134B1A7802F0FF03002A86D1DA
:101920000821D9F800002B708BF8003088F80030BF
:101930000DF028FF7BE700BF0008025835A80024FF
:1019400040A8002448140224F80E002400000024BB
:101950004CAA02249E0F002400100258427E01244B
:101960003CA80024A4A5002438A8002434A80024FE
:101970009C0F00244C14022410B50C4C05F054F8B4
:101980002368C01AB0F57A7F07D2094A1368013379
:10199000084901201360086010BD05F045F8044AAD
:1019A00005490123206010680860F1E7980F0024C2
:1019B000940F0024481402244414022408B5012280
:1019C0000821074807F054FB042005F033F80022F3
:1019D0000821034807F04CFBF92005F02BF8EEE74F
:1019E0000010025830B5CDB04C22002102AC0AA83C
:1019F00011F06FFC20220021204611F06AFCBC226D
:101A000000211DA811F065FC022008F02BFF002228
:101A10002B4901922B4A906940F4404090619069B3
:101A200000F440400190C86A40F00100C862C96AF1
:101A300001F001010191019B93699B04FCD52122D6
:101A40004FF4803308250AA8CDE90A230122022396
:101A50001A951092052219931592C022CDE91333DD
:101A6000CDE9173300231692CDE91B3308F098FF18
:101A700018BB40233F22A060042122600322E361BF
:101A80002046E5606260C4E904334FF48063A361DB
:101A900009F044FB88B94FF480224FF440131DA88D
:101AA0001D923E9309F0CCFD38B94FF480124FF0EF
:101AB000807109F053FA4DB030BDFFF77FFF00BFD2
:101AC000000400580048025810B5002386B04FF0BB
:101AD0001044CDE90233CDE9043305F033F8012396
:101AE000514A02A8ADF808300593CDE9034205F04C
:101AF00047F840F201114D4A02A84D4B03944FF0B4
:101B00001054ADF808100492059305F039F8494ACD
:101B100040F20121484B02A8ADF808100394CDE92A
:101B2000042305F02DF8042005F01AF8434A536900
:101B300013F4003311D1BFF34F8FBFF36F8FC2F88F
:101B40005032BFF34F8FBFF36F8F536943F40033AD
:101B50005361BFF34F8FBFF36F8F3848436913F45E
:101B6000803326D1C0F88430BFF34F8FD0F8803057
:101B700043F6E074C3F34E3CC3F3C90E4FEA4C1C6A
:101B80000CEA0401734641EA8372013BC0F860220B
:101B90005A1CF8D1ACF1200C1CF1200FF0D1BFF38E
:101BA0004F8F436943F480334361BFF34F8FBFF3DB
:101BB0006F8F04F0FDFEFFF715FFFEF711FFFEF734
:101BC000F3FEFEF70DFEFEF7CDFF00F03FF800F04C
:101BD00027F900F019FA00F0D9F901F0EFFF02F04F
:101BE0005BFFE8B90921164801F038FC98B10020E4
:101BF00002F02EF813480C2110237822CDE90010B2
:101C0000082002F037F808210F4807F035FA78204D
:101C100004F010FFF7E702F01BF80FF0CDFFFEE72E
:101C200002F03EFFDEE700BF1B00010016000105C9
:101C300000000101120001030001010100ED00E0BC
:101C4000480F0024FC3B01080010025810B516484C
:101C50004FF48002154C4FF4C0210023A1604FF0D7
:101C6000005123616361C4E9000207224FF08060E4
:101C7000E2604FF08042C4E906012046C4E908331F
:101C8000C4E90A33C4E90D23C4E90F33C4E91133AD
:101C9000C4E91333C4E915330AF0A6FB00B910BD3B
:101CA000BDE81040FFF78ABE0034014050AA02246C
:101CB00010B5B6B000210446BC2207A80691CDE9B4
:101CC0000211CDE9041111F004FB214B22689A4264
:101CD00001D036B010BD4FF4005307A8079309F0A8
:101CE000AFFC40BB1B4B052402A91B48D3F8F020D6
:101CF00042F40052C3F8F020D3F8F02002F400526E
:101D00000092009AD3F8E02042F01002C3F8E020DD
:101D1000D3F8E030069403F010039FED097B0193A4
:101D2000019B8DED027B9FED087B8DED047B06F022
:101D30005DFE36B010BDFFF741FED3E7AFF3008084
:101D4000005000000200000000000000020000003F
:101D5000003401400044025800100258074B82B082
:101D6000D3F8F42042F00202C3F8F420D3F8F430A0
:101D700003F002030193019B02B070470044025834
:101D8000704700BFFEE700BFFEE700BFFEE700BFF1
:101D9000FEE700BF704700BF704700BF704700BF3D
:101DA00004F036BE014805F0EDBF00BF7C0E0024F4
:101DB000014805F03DB800BFF80E002401480AF0C4
:101DC0002DBE00BFE0AA0224014808F01FB800BFE2
:101DD00058AE02240D4903460D4A086810B50D4C53
:101DE000121B20B10344934207D80B6010BD0A4C6C
:101DF00020460C6003449342F7D911F083FA0C2279
:101E000003464FF0FF301A6010BD00BFD8AA02246D
:101E10000000082400040000609104240000000079
:101E200030B50024A1B02C22474D214614A80294BD
:101E30000C94CDE90344CDE90D44CDE90F44CDE93F
:101E4000114411F046FA0B23404A2846AC60AC61BD
:101E5000C5E9002340F2E733C5E90444EB600AF02A
:101E600033FD00283ED10023002202A93648CDE9E7
:101E70000223002304930BF065F800283BD1602275
:101E8000082000230CA90C9204220F902E481293D4
:101E90009FED277BCDE90D338DED107B0AF0B8FE69
:101EA00030BB00234FF4005214A927481E939FED26
:101EB000227BCDE91433CDE91633CDE91832CDE9D3
:101EC0001A338DED1C7B0BF091F870B91F4A00237B
:101ED00029680A939142CDE90633CDE908330DD044
:101EE00021B030BDFFF76AFDBDE7FFF767FDEDE705
:101EF000FFF764FDD5E7FFF761FDC0E7144B012450
:101F000006A91448D3F8E02042F01002C3F8E020FC
:101F1000D3F8E0300A9403F010039FED097B01939E
:101F2000019B8DED067B06F061FD21B030BD00BF49
:101F3000000000000000000000000002000000009F
:101F4000000400000200000030AB02240000014049
:101F500000440258001002580A4B02689A4200D00E
:101F60007047094B82B0D3F8F02042F00102C3F869
:101F7000F020D3F8F03003F001030193019B02B08D
:101F8000704700BF000001400044025808B508F047
:101F90008DFC00221749184800F0D8FC70B9174989
:101FA000154800F0E7FC88B91549134800F088FA95
:101FB000A0B9114800F0FAFCB8B908BDFFF7FEFC63
:101FC0000E490D4800F0D6FC0028EDD0FFF7F6FCD6
:101FD0000B49094800F074FA0028EAD0FFF7EEFC3C
:101FE000054800F0E3FC0028E7D0BDE80840FFF713
:101FF000E5BC00BFE00000247CAB022448000024C4
:10200000900000240000000010B50921104C114878
:102010000023022261600121206020462361E260EA
:10202000A261636223639FED087BC4E9071384ED1B
:102030000A7B07F039FE00B910BDBDE81040FFF77C
:10204000BDBC00BFAFF30080000000000000000036
:1020500058AE0224000008401E4B026830B59A4278
:1020600089B04FF00004CDE90244CDE90444069460
:1020700001D009B030BD184D4FF4C05202A9D5F8B7
:10208000E03043F00103C5F8E030D5F8E03003F06C
:1020900001030093022300981048CDE902230A238C
:1020A000069306F0A3FCD5F8D830224621466520D9
:1020B00043F00063C5F8D830D5F8D83003F000639A
:1020C0000193019B04F0E0FC652004F017FD09B0CA
:1020D00030BD00BF00000840004402580000025814
:1020E000D0F8D43200EB830010B5D0F8C04284B1F0
:1020F000D0F8C4325BB194F80002FF2807D09B6887
:10210000214694F801229847FF2384F800320020EA
:1021100010BD032010BD00BF03460A2201481A80EB
:10212000704700BF8400002470B5822106460F4826
:1021300000F0BCFD012105460C4800F0B7FD8121EF
:1021400004460A4800F0B2FD0DB11022AA711CB17C
:10215000002140226171227118B100214022417199
:10216000027143230148338070BD00BF0400002486
:1021700070B5822106460F4800F098FD0121054602
:102180000C4800F093FD812104460A4800F08EFDC2
:102190000DB11022AA711CB10021022221716271BD
:1021A00018B100210222017142714323014833809A
:1021B00070BD00BF0400002438B5D0F8D432B0336D
:1021C00050F8235095B1044600F0BCFB05F50371AF
:1021D000D4F8D432C5F80C0204EB8304D5F8040219
:1021E000D4F8C432DB689847002038BD032038BDDE
:1021F000F8B5D0F8D43200EB830EDEF8C05245B308
:1022000001F00F040A4604EB840600EB8606B3696E
:102210006BB9DEF8C43200211B69C5F8141223B172
:1022200005F50471D5F8080298470020F8BDD0F8EC
:10223000C872C4EBC40407EB8404646CB3FBF4F70A
:1022400004FB1733002BE4D11A46B36100F062FBA4
:10225000EBE70320F8BD00BFD0F8D432002200EB3A
:10226000830370B5D3F8C06282B08DF80520ADF855
:10227000062066B191F800C004460D461CF06002CD
:1022800020D0202A06D02946204600F0DFFF032078
:1022900002B070BDCA8891F801E08AB31CF0800FCB
:1022A0004ED0D3F8C432314670469B689847EA88CE
:1022B00031462046072A28BF072201F05BF800209C
:1022C00002B070BD4B780B2BDDD801A252F823F081
:1022D0002D230008BF22000887220008872200085B
:1022E000872200088722000887220008872200082A
:1022F0008722000887220008192300080F230008FE
:10230000D3F8C43270469B6898470020D8E790F80D
:102310009C32032BD3D0B6E790F89C32032BB2D17A
:1023200001220DF1050101F025F8C8E790F89C3273
:10233000032BA8D102220DF1060101F01BF8BEE724
:10234000402A314686F800E228BF402286F8012262
:1023500001F028F8B3E700BF38B504460025812115
:1023600000F094FA01212046258700F08FFA82219F
:102370002046A4F8785100F089FAD4F8D432E56404
:1023800004EB8303D3F8C0228AB1D3F8C4325B686C
:102390009847D4F8D432B03354F8230010F0F0FD4D
:1023A000D4F8D432B03344F82350C4F8BC520020DF
:1023B00038BD00BFF8B5044601214FF4077010F096
:1023C000BBFDD4F8D4320546B03344F823000028CE
:1023D00050D0237CC4F8BC02B3B340230222812135
:1023E000204600F045FA01214023022220462187A1
:1023F00000F03EFA0127102208238221A4F84E2083
:1024000020460322A4F8787100F032FAD4F8D432CE
:102410000026A4F84C7004EB8303C5F80462D3F8DB
:10242000C4321B689847D5F80422C5F81462C5F871
:102430001862FAB1237CBBB94FF4007339462046C9
:1024400000F074FA0020F8BD4FF4007302228121DD
:10245000204600F00DFA01214FF4007302222046BD
:10246000218700F005FAC5E740233946204600F0F1
:102470005DFAE7E70220F8BD70B5822106460F48F5
:1024800000F014FC012105460C4800F00FFC8121EE
:1024900004460A4800F00AFC0DB11022AA711CB1D2
:1024A000002140226171227118B100214022417146
:1024B000027143230148338070BD00BF0400002433
:1024C000034639B1D0F8D422002003EB8203C3F8CD
:1024D000C412704703207047D0F8D432B03350F89C
:1024E00023302BB10020C3F80812C3F81022704724
:1024F00003207047D0F8D432B03350F823301BB1EA
:102500000020C3F80412704703207047D0F8D4327B
:10251000B03350F8232092B110B5D2F814420CB168
:10252000012010BD01238121C2F81432D2F81032EB
:10253000D2F80822C36200F0EDF9204610BD032056
:10254000704700BFD0F8D422B03250F822208AB1B0
:10255000D2F8042208B5037C2BB14023012100F0FE
:10256000E5F9002008BD4FF40073012100F0DEF909
:10257000002008BD0320704700200349034A044B94
:10258000086010601870704768B6022464B60224B0
:1025900060B6022400207047F8B5144F0B6801465E
:1025A0003A680BB300F1FF3C114D124E0CEB030ED9
:1025B00005E01CF8014FF445B4541A460BD0531CE7
:1025C0002C68B3F5805F28BF00239C42F1D10A48F4
:1025D00001241346047009483B60FFF78BFF07484E
:1025E000FFF7B0FF0020F8BD1346F4E768B60224F9
:1025F00064B602246CB6022460B602247CAB0224CA
:1026000010B509490024094A094B0C6009481460B7
:10261000224609491C70FFF75FFF08490548FFF78C
:1026200069FF204610BD00BF68B6022464B60224CC
:1026300060B602247CAB022460B2022460B402249F
:1026400020280CD0212801D0002070470A4B1868A0
:102650009A889B79086000208A808B717047064BAE
:1026600088888A7910B40C68988000209A711C6060
:102670005DF8044B704700BFA400002410B50F4C58
:10268000D4F8D43294F89CC2B03354F823309BB1C0
:102690005FFA8CFCBCF1030F0ED1D3F814320BB1EE
:1026A000012010BD0A4601462046FFF715FF2046CF
:1026B000BDE81040FFF72ABF032010BD7CAB022409
:1026C00009B384460020114A0CF1FF3CF0B4104DD0
:1026D0000746104E14682B689C420DD014680130D8
:1026E0001368345D01330CF8014FB3F5805F05D2F8
:1026F00081421360EED10846F0BC704781421760FA
:10270000E8D10846F8E70846704700BF64B60224DF
:1027100068B602246CB60224014B1878704700BFDB
:1027200060B60224014B00221A70704760B6022482
:1027300000F57171D0F8040400F04CB9C1EBC1038D
:1027400000EB8303D0F80404D3F8082200F072B938
:10275000C1EBC10300EB8303D0F804049A6C00F0D2
:10276000A3B900BFD0F8040400F04CBAC16810B59A
:10277000044611B102290AD10121D4F8040400F061
:1027800021FAD4F80404BDE8104000F0EDB9FFF7D9
:1027900015F90121F1E700BF10B50446D0F8040493
:1027A00000F014FA2268D2F8003E43F00103C2F8A8
:1027B000003E236A23B1034A136943F00603136101
:1027C00010BD00BF00ED00E0D0F8040400F00EBA28
:1027D000D0F8040400F03CBAD0F8040400F022BAA7
:1027E000D0F8040400F04ABAD0F8040400F048BA63
:1027F00002780AB10020704738B50121144B022439
:10280000144DC3F80404C0F8C83218461D60DC60DB
:102810009C611961C3E90712C3E90922C3E90B22CC
:1028200009225A6007F040FA78B98021084807F079
:10283000F9FF40220021064807F076FF802201219F
:10284000034807F071FF002038BDFFF7B7F8ECE749
:1028500058AE02240000084008B5D0F8C80207F0BE
:10286000B3FA18B102280CBF0120032008BD00BF35
:102870009446D0F8C8021A4608B5634607F01AFE17
:1028800018B102280CBF0120032008BD08B5D0F8FC
:10289000C80207F047FE18B102280CBF0120032030
:1028A00008BD00BF08B5D0F8C80207F0C3FE18B1D4
:1028B00002280CBF0120032008BD00BF08B5D0F8D6
:1028C000C80207F0F9FE18B102280CBF012003204E
:1028D00008BD00BF0A06D0F8C83206D4C1EBC1015A
:1028E00003EB810393F8FE01704701F07F01C1EB18
:1028F000C10103EB810393F83E00704708B5D0F89F
:10290000C80207F0C1FD18B102280CBF0120032046
:1029100008BD00BF08B5D0F8C80207F063FE18B1C3
:1029200002280CBF0120032008BD00BF08B5D0F865
:10293000C80207F027FE18B102280CBF01200320AF
:1029400008BD00BFD0F8C80207F042BE78B100232E
:10295000C0F8B832C0F8C432C0F8D03209B1C0F8FB
:10296000B4120123027080F89C32FFF741BF0320AC
:10297000704700BF10B5002382B0ADF8063089B1B2
:10298000CB6A0446C0F8B81223B10DF1060098478F
:10299000C4F8D002D4F8D83200200133C4F8D832B9
:1029A00002B010BD032002B010BD00BFFFF754BF3E
:1029B000D0F8B8320BB11B6818471846704700BFF3
:1029C00008B5D0F8B8325B689847002818BF0320D4
:1029D00008BD00BF38B500F2AA250446284600F01D
:1029E00029FCB4F8B03294F8AA120122C4F8983243
:1029F00001F01F03C4F8942293420ED0022B06D09C
:102A00008BB929462046BDE8384000F065B9294613
:102A10002046BDE8384000F05FBB29462046BDE8AF
:102A2000384000F019BB204601F08001BDE8384075
:102A3000FFF738BF70B5044631B90B46D0F8941291
:102A4000032910D0002070BD90F89C32032BF9D1DF
:102A5000D0F8B8329B69002BF4D00022BDE870405A
:102A6000C0F8D4221847D0E95715A94208D890F8E1
:102A70009C22032A0FD0204600F0ACFC002070BD41
:102A80004B1B11462A469D42C0F85C3128BF1A46AE
:102A900000F096FCD6E7D0F8B8221269002AEAD0F6
:102AA000C0F8D4329047E6E770B5044659B9D0F87B
:102AB0009432022B16D094F8A03213B1002384F87C
:102AC000A032002070BD90F89C32032BF9D1D0F8D1
:102AD000B8325B69002BF4D00022BDE87040C0F82A
:102AE000D4221847D0E907360D46B34210D81CD07F
:102AF00094F89C32032B2BD080212046FFF7D2FE86
:102B0000204600F073FC94F8A032002BD9D0D5E712
:102B10009B1B1146C3611A4600F03AFC2B462A461D
:102B200029462046FFF702FFC5E782699342DFD8B6
:102B3000D0F898329A42DBD20A4600F029FC2B46A4
:102B40002A4629462046C4F89852FFF7EFFEB2E71E
:102B5000D4F8B832DB68002BCED000222046C4F86F
:102B6000D4229847C8E700BFF8B500210122D0F869
:102B7000B832044680F89C224160C0F89412C0F834
:102B8000A41280F8A0121BB15B680BB19847B0B9D2
:102B90000027002240250126402311462046FFF74A
:102BA00067FE2B46002280212046C4F86051A4F81D
:102BB0006461FFF75DFE3846A6842562F8BD0327F1
:102BC000E7E700BF034600201974704790F89C2285
:102BD0000346042A04D090F89C22D2B280F89D22A9
:102BE0000422002083F89C22704700BF90F89C329A
:102BF000042B04D190F89D32DBB280F89C32002087
:102C0000704700BF90F89C22032A01D00020704733
:102C100008B5D0F8B83213B1DB6903B1984700208A
:102C200008BD00BFD0F8D422AE3250F8222062B1E5
:102C300008B590F89C32032B01D0002008BD136A20
:102C4000002BFAD09847002008BD0320704700BF32
:102C5000D0F8D422AE3250F8222062B108B590F8F4
:102C60009C32032B01D0002008BD536A002BFAD000
:102C70009847002008BD0320704700BF0020704720
:102C80000121D0F8B82280F89C1242B15268017933
:102C900008B5904708B9002008BD032008BD0020F2
:102CA000704700BF00207047002070470278B0F8DE
:102CB00002C01346944503D80CE09C450AD902781B
:102CC0001044134442789BB2052AF6D182788A4296
:102CD000F3D170470020704770B50B7882B00D4675
:102CE000044603F06003202B28D0402B26D05BB194
:102CF00080212046FFF7D6FD00212046FFF7D2FDB8
:102D00000025284602B070BD4B78092BF0D801A2EF
:102D100052F823F08D2D0008B52D0008F12C000885
:102D2000D32D0008F12C0008EB2D00082D2E0008F3
:102D3000F12C0008612E0008552D0008D4F8D4327B
:102D400029462046AE3354F823309B6802B0BDE8D4
:102D5000704018478978B34D0129297000F24881E5
:102D600090F89C32022BDEB200F02881032E00F096
:102D700005818021FFF796FD00212046FFF792FD97
:102D800029782046FFF71CFE0325BAE790F89C320D
:102D9000013B022BACD8CA88022AA9D1D0F8A432B0
:102DA0000146003B18BF01235B0041F80C3F00F0D7
:102DB000E1FAA5E790F89C32013B022B98D84B88AA
:102DC000012B9DD100232046C4F8A43200F002FB61
:102DD00096E74B88012BF6D0022B89D18B881B0AF2
:102DE00080F8A03200F0F6FA8AE78B88002B7FF497
:102DF0007FAFCB88002B7FF47BAF4B887F2B3FF6D8
:102E000077AF90F89C22032A3FF472AFDDB22946D7
:102E100080F89E52FFF772FD204600F0DBFA002D8D
:102E200000F0FC80022384F89C3269E74A88002184
:102E3000130AADF80610013B062B3FF659AF01A16E
:102E400051F823F0F52E0008DB2E0008052F0008AE
:102E5000F12C0008F12C0008C52E0008892E00086E
:102E6000CA88012A7FF444AF90F89C32022BD9B271
:102E700000F2B78000293FF43BAF0146002341F840
:102E8000083F00F077FA3BE7037C002B7FF430AF7C
:102E9000D0F8B8320DF106001B6B9847072343703A
:102EA000EB88002B66D0BDF80620002A3FF420AF47
:102EB0009A420146204628BF1A46ADF8062000F087
:102EC00059FA1DE7037C002B7FF412AFD0F8B8321B
:102ED0000DF106005B6B9847E2E7027CD0F8B83250
:102EE000002A40F08D809B6A0DF10600984702236E
:102EF0004370D5E7D0F8B4320DF10601007C1B68B1
:102F00009847CDE7D1B2052900F28E80DFE801F0C5
:102F100026201A140E03D0F8B4329B69002B3FF41C
:102F2000E7AE0DF10601207C9847B9E7D0F8B4323E
:102F30005B69002BF5D1DBE6D0F8B4321B69002BBE
:102F4000EFD1D5E6D0F8B432DB68002BE9D1CFE67B
:102F5000D0F8B4329B68002BE3D1C9E6D0F8B43284
:102F60005B68002BDDD1C3E60223416080F89C3210
:102F7000FFF726FD204600F02DFAC1E60029F3D028
:102F800041680129F6D0C9B2FFF71AFD2978204619
:102F90006160FFF70DFD05460028EBD0802120463B
:102FA000FFF780FC00212046FFF77CFC21792046BA
:102FB000FFF706FD022384F89C32A2E60029D9D04F
:102FC00001214160FFF7F4FC054600B38021204653
:102FD000FFF768FC00212046FFF764FC84F89C6240
:102FE0008FE603297FF484AE011D00F0C3F987E664
:102FF0008021FFF757FC00212046FFF753FCC3E672
:10300000DB6A0DF1060098470223437048E720462B
:1030100000F0E0F9032384F89C3271E6012384F880
:103020009C326DE66CC60224D0F8D83273B1D0F869
:10303000B8329B6B43B10022C0F8D4220DF10602D6
:10304000984700287FF42CAF002029E7EB88002B5D
:103050007FF44EAE8EE700BF38B50B780D460446C0
:103060005A060DD503F06002402A09D08021FFF7EF
:1030700019FC00212046FFF715FC0025284638BD25
:1030800094F89C32013B022B19D82979022916D8D1
:103090002046FFF707FED8B9D4F8B8329B68BBB119
:1030A0002946C4F8D40220469847EB880546002BF1
:1030B000E4D10028E2D1204600F08CF9DEE780213F
:1030C0002046FFF7EFFB00212046FFF7EBFBD4E79C
:1030D0000325284638BD00BF30B50C468A8883B02A
:1030E00005462378D1B203F06003202B48D0402B53
:1030F00046D053B180212846FFF7D4FB0021284653
:10310000FFF7D0FB002003B030BD6378012B26D041
:10311000032B47D0002BEDD190F89C32022BD8B274
:103120005BD00328E6D101F00F03120603EB830303
:1031300005EB830362D4B3F86431002BDAD001EBE2
:1031400081040B4605EB840404F5AA74002B61D1BD
:10315000022221462846236000F00CF9D2E790F8BD
:103160009C32022BDAB22FD0032AC3D16388002B02
:10317000C8D14B0655D12846019100F02BF9019991
:103180002846FFF791FD0028BCD1D5F8B832C5F824
:10319000D4029B68002BB5D02146284603B0BDE879
:1031A0003040184790F89C32022BDAB20CD0032A38
:1031B000A0D1638823B9480602D0E388002B35D01C
:1031C000284600F007F99DE74A0693D0FFF76AFB0F
:1031D00080212846FFF766FB94E748068AD111064E
:1031E0004FF000034FF0020228464CBF05F11401D6
:1031F00005F5AA710B6000F0BDF883E79B8C002BEE
:103200003FF478AF01F07F035C1C04EB840405EB12
:1032100084049BE72846FFF75DFB031E18BF0123CC
:1032200096E70191FFF74AFB0199A4E72846FFF7CB
:1032300039FBC5E70B7803704B7843704B884380AC
:103240008B888380CB88C380704700BF10B504464D
:103250008021FFF727FB00212046BDE81040FFF743
:1032600021BB00BF30B370B503780E460546144647
:103270000BB3034613F8011F0029FBD1681CFDF7AF
:1032800095F8431CDBB201335B00DAB223800323E1
:10329000327073702C7864B12846022300215A1CC6
:1032A000F4540233D2B2DBB2B15410F8014F002C07
:1032B000F5D170BD704702221346E7E7122301489B
:1032C0000B807047CC000024042301480B8070471A
:1032D000C80000240A460348034908B5FFF7C2FFA7
:1032E000014808BD083C010870C602240A46064988
:1032F00008B520B90548FFF7B5FF034808BD0448E5
:10330000FFF7B0FF004808BD70C602241C3C01084E
:10331000403C01080A460348034908B5FFF7A2FFED
:10332000014808BD643C010870C602240A460348EF
:10333000034908B5FFF796FF014808BD703C010836
:1033400070C602241A204FF03013084A088008483B
:10335000C0F80230C0F80630C0F80A30C0F80E20BD
:10336000C0F81230C0F81630704700BF300043007C
:10337000AC00002410B5134602240A460021C0F810
:103380009442C0E90633FFF7C5FA002010BD00BF24
:103390008C46002108B513466246FFF7BBFA0020B1
:1033A00008BD00BF10B5134603240A460021C0F82B
:1033B0009442C0E95633FFF7B9FA002010BD00BFB0
:1033C0008C46002108B513466246FFF7AFFA00208D
:1033D00008BD00BF002310B504241A461946C0F8E2
:1033E0009442FFF797FA002010BD00BF002310B5EC
:1033F00005241A461946C0F89442FFF797FA0020B0
:1034000010BD00BF30B587B0012514460A460DF146
:10341000170301958DF81740017900930223846802
:1034200029440068029406F075F9003818BF01209D
:1034300007B030BD10B5134684B00A46009302238E
:10344000846801790068029401240131019406F036
:1034500089FA003818BF012004B010BD002800F020
:10346000DE80782264232DE9F0476E4C00264FF071
:103470000108082544F2560A86B007462060FA2063
:1034800089462271A3602174E66084F8118003F0FC
:10349000D1FA2068E681ADF8106000283FD021798C
:1034A000A36878295BD040F2FF12009302238DF8C5
:1034B0001080ADF8142005AA05F086FF00282DD154
:1034C000A36805AA217900931C23013120688DF897
:1034D0001430012305F078FF2179A36804AA013193
:1034E00000930123206806F043F8B8B9A36805AA41
:1034F000217900931D23013120688DF814300123B8
:1035000005F062FF2179A3680DF1110201310093EA
:103510000123206806F02CF800284BD0E66097F8CD
:103520004130202B15D0384605F034FF052003F03C
:1035300081FA384605F0D8FE4B2003F07BFA013DB6
:10354000A7D17822002301202271E36006B0BDE8F4
:10355000F0874B2003F06EFA013D9AD1F1E7CDE9F7
:10356000018304AB43F20A0279210093022306F09F
:10357000F9F90028D2D1CDF8048043F20B02A368F8
:10358000217902930DF11103013100930223206888
:1035900006F0E8F90028C1D1A081BDF810305ABA70
:1035A0005345E281BBD1484600F03EF8002006B00A
:1035B000BDE8F087BDF8103005AA21795BBA01316A
:1035C000A381A36800930A2320688DF81430012397
:1035D00005F0FAFE2179A36804AA013100930123C2
:1035E000206805F0C5FFB8B9A36805AA2179009342
:1035F0000B23013120688DF81430012305F0E4FE1F
:103600002179A3680DF11102013100930123206893
:1036100005F0AEFF0028C0D00023E3817FE7012042
:10362000704700BF70C802242DE9F04F11228BB003
:1036300043F203110546D748FFF7E4FED64C822239
:1036400043F20801D348FFF7DDFE052003F0F2F94D
:10365000237853B16178A27841EA0321CD48FFF77E
:10366000D1FE14F8033F002BF4D1CA4C4FF49670EE
:10367000012603F0DFF961224FF4864120462574CC
:103680006674FFF7BFFE324645F21F012046DFF8A1
:103690002083FFF7B7FE43F621010DF127022046F4
:1036A000FFF7C8FE9DF8272043F62101204602F0CF
:1036B000DF02BA4DFFF7A6FE0DF1270243F2020129
:1036C0002046FFF7B7FE9DF8272043F2020120466F
:1036D00042F01C02FFF796FE0DF1270243F20601AD
:1036E0002046FFF7A7FE9DF8272043F2060120465B
:1036F00002F0D702FFF786FEB8F80030002B40F04A
:103700002682237C627C05EB830135F823A0022A04
:10371000B1F802B000F00182043A012A40F20182BD
:1037200000220392072B00F0D481BAF5226F00F239
:10373000D081BBF5F36F00F2CC81994A994B168882
:103740001F885645984D994C38BF56465F451680A0
:1037500038BF5F46D6F5226201961F8048BF01320E
:10376000B5F90030D7F5F36102974FEA620248BF1E
:1037700001319342C2F1000C4FEA6101A8BF134628
:10378000B4F900206345B8BF63468A42A8BF0A4621
:1037900049421BB28A422B80B8BF0A46BAEB560F89
:1037A0004FEA560112B2228000F2C581BBEB570FDF
:1037B0004FEA570400F2BF814FF0020CCDE901142B
:1037C00031210124CDE9061406F11001DDED017A65
:1037D00007EE10AA07F1080989B2F8EEE76AB8EE19
:1037E000476ADDED027AC1F522651FFA89F9F8EE24
:1037F000E77A0F36002D2C4686EE867A06EE90BAD2
:10380000B8BFEC1C002BC9F5F36E07F107074FEAB0
:10381000A404B8BF013304EB6303F8EE666A6FF0EB
:1038200007045B0087EEA66A07EE90AAAB42A8BF2A
:103830002B46A342F8EEE77AB8BF2346BEF1000F4D
:1038400003F110039CB27346B8BF0EF10303002AC4
:103850002644B8BF01329B10B6B2A3EB62036FF0EF
:103860000302B4EEC76A5B007345A8BF7346934278
:10387000B8BF1346F1EE10FAB1FBFCF137FE067A41
:1038800067EE877A9D1DA8F800100B46ADB2FCEEDE
:10389000E77A2F4417EE902A07EE90BABFB2F8EEFF
:1038A000E77A92B28A1A67EE877A48BF0132FCEE55
:1038B000E77A5010C2F34F020190029217EE902A5D
:1038C000B9FBFCF992B2B9EB020248BF01325010C9
:1038D000C2F34F020592039A0490002A00F032814D
:1038E000BAF5A06F06D80AF104031BB25B008B4245
:1038F000B8BF0B4609F1180903F1FC0840F29E52CB
:103900004FF46051B9F1F80F2248B8BF4FF0F809F1
:103910009045B8BF9046220AFFF774FD43F60101B7
:10392000E2B21C48FFF76EFD43F602012A0A19486D
:10393000FFF768FD43F60301EAB21648FFF762FDA0
:1039400043F60401320A1348FFF75CFD43F6050114
:10395000F2B21048FFF756FD43F606014FEA1A256A
:103960000C483A0AFFF74EFD43F60701FAB2094840
:103970005FFA8AFAFFF746FD43F608014FEA1B2477
:103980002A4604485FFA8BFBFFF73CFD43F609012A
:1039900052460FE070C80224AC4301082C430108D2
:1039A000FE000024FC00002486C8022484C80224EF
:1039B00088C802248048FFF725FD43F60A01224605
:1039C0007D48FFF71FFD43F60B015A467A48FFF783
:1039D00019FD43F60C01C8F307227748FFF712FDE3
:1039E00043F60D015FFA88F27348FFF70BFD43F6CB
:1039F0000E01C9F307227048FFF704FD43F60F01DB
:103A00005FFA89F26C48FFF7FDFC029B43F6100158
:103A100069481A0AFFF7F6FC9DF8042043F61101E5
:103A20006548FFF7EFFC059B43F6120162481A0A4E
:103A3000FFF7E8FC9DF8102043F613015E48FFF7FE
:103A4000E1FC069E43F614015B483246FFF7DAFCC0
:103A5000324643F615015848FFF7D4FC0DF1270212
:103A600043F620015448FFF7E5FC9DF82720079E08
:103A700043F6200122F001024F483243FFF7C2FC17
:103A80000DF1270243F621014B48FFF7D3FC9DF8C7
:103A9000272043F62101484822F001023243FFF774
:103AA000B1FC2A4644F202614348FFF7ABFC5246A0
:103AB00044F203614048FFF7A5FC224644F204614A
:103AC0003D48FFF79FFC5A4644F205613A48FFF72C
:103AD00099FC0DF1270243F621013748FFF7AAFCB4
:103AE0009DF8272043F62101334802F0F902FFF741
:103AF00089FC0DF1270243F620012F48FFF79AFCBD
:103B00009DF8272043F620012B4842F00602FFF7DC
:103B100079FC01200BB0BDE8F08F4AEA0B02560792
:103B2000D7D10D2B3AD843F21202DA40D507D0D4C0
:103B300001220392F6E5112100204FF0010CCDE99E
:103B4000061041E6BAF5207F7FF6D4AECBE6617C65
:103B50001E46227C081F35F82220012821D902297F
:103B60001FD0B2F5207F05D9131D5B009E42B8BF60
:103B70001E46B6B2FC3640F29E5343F60C010E4888
:103B80009E42B8BF1E46C6F30722FFF73BFC43F632
:103B90000D01F2B20848FFF735FCB2E501230393AB
:103BA000C3E5B2F5A06FE5D8043212B256009E42CA
:103BB000B8BF1E46DEE700BF70C8022438B5042136
:103BC0000D4809F04BF988B90C4D0D4C2B7820604D
:103BD0006BB100F09DFA48B900F006FF4FF4167380
:103BE0002A78236012B9044A1268936338BD024AE6
:103BF00012689363EDE700BF30AB022492C8022441
:103C000094C802240E4B02689A4200D070470D4AB5
:103C10000D491368B3F57A7F94BF0A33002313600C
:103C20000A689A4205D801224FF48061074805F0DE
:103C30001FBA00224FF48061044805F019BA00BF92
:103C4000004401408CC8022494C802240010025889
:103C500000F0CABE10B4BDF8044001945DF8044BF6
:103C600000F07ABE10B4BDF8044001945DF8044B36
:103C700000F0C6BE2DE9F04FC9B0DDF84C819DF8CB
:103C800048B10590B8F1000F00F0E58098F800C049
:103C90000B4402448A46ACF1200C9BB296B25FFA08
:103CA0008CFC0293BCF15E0F00F2D580BBF10C0FCF
:103CB00018BFBBF1100F4FEA5B090BEB0107CDF802
:103CC00010B014BF0123002303930BFB09F3012B56
:103CD000079338BF0123069300EB0905B54205D9C8
:103CE0001FFA87FADDE9043003EB0A07029B9F42C3
:103CF00000F2B180039B002B40F0B080862800F2D8
:103D0000AD80BAF1EF0F00EB090500F29980872D25
:103D100000F29680F02F00F29380824B079AB3F85E
:103D200000E0814B012A9EFA9EFEB3F800B01FFA14
:103D30008EFE9BFA9BFB1FFA8BF340F2EF80039CF5
:103D400008AA63F30F0463F31F44069B5908134644
:103D500002EB810143F8044B8B42FBD1069BD90750
:103D600003D523F0010322F813B0049B0C2B78D069
:103D70006E4B002403EB0C1C21461CF9013F002B69
:103D800005DA4FEAC40B0BEB510B22F81BE013F0E2
:103D9000400F07D004F1010B4FEACB0B0BEB510B9B
:103DA00022F81BE013F0200F07D004F1020B4FEABA
:103DB000CB0B0BEB510B22F81BE013F0100F07D0CD
:103DC00004F1030B4FEACB0B0BEB510B22F81BE07A
:103DD00013F0080F07D004F1040B4FEACB0B0BEBE9
:103DE000510B22F81BE013F0040F07D004F1050B70
:103DF0004FEACB0B0BEB510B22F81BE013F0020F39
:103E000007D004F1060B4FEACB0B0BEB510B22F85A
:103E10001BE0DB0705D5E31DDB0003EB510322F8B4
:103E200013E00131B4FA84F4C9B2640910294FEAED
:103E3000C404A2D1049B514600934B4600F0E0FD20
:103E400018F801CFA8B2ACF1200C5FFA8CFCBCF1E1
:103E50005E0F7FF641AF49B0BDE8F08F00EB09057A
:103E6000EEE70CEB4C0C324B002403EB8C0B2146A1
:103E70001BF9013F002B07DA04EB440C4FEA4C0C12
:103E80000CEB510C22F81CE013F0400F09D004F1A8
:103E9000010C0CEB4C0C4FEA4C0C0CEB510C22F8C7
:103EA0001CE013F0200F09D004F1020C0CEB4C0CB9
:103EB0004FEA4C0C0CEB510C22F81CE013F0100FE5
:103EC0001ED14CBB1C0703D54C08183422F814E053
:103ED0005C0703D54C081E3422F814E09C0703D578
:103EE0004C08243422F814E0DB0703D54B082A33AE
:103EF00022F813E008240131C9B20C29B8D199E79E
:103F000004F1030C0CEB4C0C4FEA4C0C0CEB510C79
:103F100022F81CE0002CD5D00024ECE7039B08AA73
:103F200021E700BF0001002490C8022403470108D4
:103F3000F34C0108002A00F0E480002B00F0E1803F
:103F4000862800F2DE80EF2900F2DB80944682189A
:103F5000872A30B585B003D9C0F1870C1FFA8CFCD5
:103F6000CA18F02A00F2C980002401F12802273182
:103F7000C2F3072592B20B4421468DF8084065F341
:103F800007011FFA83FEC3F3072362F30F212246C2
:103F900063F317412A238DF8073000F134036EF3E1
:103FA0001F6135309C4403914FF400619CFA9CFCE6
:103FB0008DF809005448ADF80AC005F059F82246BA
:103FC0004FF40051504805F053F801220DF107015C
:103FD0004FF47A734D4808F0B5FA044601224FF4C5
:103FE00000614948002C40F0858005F041F82246E8
:103FF0004FF40061444805F03BF801224FF40051B2
:10400000414805F035F84FF47A73042202A93F487D
:1040100008F098FA0446002862D101224FF40061AA
:10402000394805F025F82B2322464FF40061364825
:104030008DF8073005F01CF822464FF40051324845
:1040400005F016F84FF47A7301220DF107012F489D
:1040500008F078FA0446002842D101224FF40061AA
:10406000294805F005F822464FF40061264804F07F
:10407000FFFF01224FF40051234804F0F9FF4FF4F1
:104080007A73042203A9214808F05CFA044638BB7D
:1040900001224FF400611C4804F0EAFF2C23224661
:1040A0004FF4006118488DF8073004F0E1FF224614
:1040B0004FF40051144804F0DBFF01220DF1070119
:1040C0004FF47A73114808F03DFA044601224FF488
:1040D00000610D4874B904F0CBFF204605B030BD37
:1040E00001224FF40061084804F0C2FF4FF0FF3096
:1040F00005B030BD04F0BCFFF8E7C1F1F0039BB29E
:1041000032E74FF0FF3070470010025850AA0224E7
:1041100030B501228BB04FF40061D64804F0A8FFFF
:1041200001224FF40051D34804F0A2FF01240A20D9
:1041300002F080FC00224FF40061CE488DF8184058
:1041400004F096FF00224FF40051CA4804F090FF9B
:104150004FF47A73224606A9C74808F0F3F90028FD
:1041600040F0E783054622464FF40061C14804F061
:104170007FFF962002F05EFC11232A464FF4006177
:10418000BC488DF8183004F073FF2A464FF40051F4
:10419000B84804F06DFF224606A94FF47A73B6487A
:1041A00008F0D0F9054622464FF40061B148002DD1
:1041B00040F0C98304F05CFF782002F03BFC5522FC
:1041C0003A234FF40061AB488DF818202A468DF849
:1041D000083004F04DFF2A464FF40051A54804F082
:1041E00047FF4FF47A73224602A9A34808F0AAF9C0
:1041F0000546002840F09D8322464FF400619D480B
:1042000004F036FF2A464FF400619A4804F030FF6C
:1042100022464FF40051974804F02AFF4FF47A7376
:10422000224606A9944808F08DF90546002840F07A
:10423000808322464FF400618E4804F019FF0A2063
:1042400002F0F8FBC8232A464FF400618DF81830BD
:10425000362388488DF8083004F00AFF2A464FF4C8
:104260000051844804F004FF4FF47A73224602A9F7
:10427000814808F067F90546002840F05A83224635
:104280004FF400617B4804F0F3FE2A464FF40061CE
:10429000784804F0EDFE22464FF40051754804F0D2
:1042A000E7FE4FF47A73224606A9734808F04AF9EC
:1042B0000546002840F03D8322464FF400616D48DA
:1042C00004F0D6FE6D4B2A464FF40061069333236B
:1042D00068488DF81C30B2238DF8083004F0C8FE11
:1042E0002A464FF40051634804F0C2FE4FF47A733B
:1042F000224602A9604808F025F90546002840F04A
:10430000188322464FF400615A4804F0B1FE2A4651
:104310004FF40061574804F0ABFE22464FF40051C1
:10432000544804F0A5FE4FF47A73052206A95248BA
:1043300008F008F90546002840F0FB8222464FF4B9
:1043400000614C4804F094FE35232A464FF4006186
:104350008DF81830B72347488DF8083004F088FEF0
:104360002A464FF40051434804F082FE4FF47A731A
:10437000224602A9404808F0E5F80546002840F02A
:10438000D88222464FF400613A4804F071FE2A4672
:104390004FF40061374804F06BFE22464FF40051A1
:1043A000344804F065FE4FF47A73224606A9324879
:1043B00008F0C8F8002840F0BC8201224FF40061E8
:1043C0002C4804F055FE1921BB23002229488DF802
:1043D00018104FF400618DF8083004F049FE0022F7
:1043E0004FF40051234804F043FE4FF47A73012246
:1043F00002A9214808F0A6F80446002840F0998256
:1044000001224FF400611B4804F032FE22464FF4B3
:104410000061184804F02CFE01224FF400511548A9
:1044200004F026FE4FF47A73012206A9124808F020
:1044300089F80446002840F07C8201224FF4006194
:104440000C4804F015FE2C22C0234FF400610948EB
:104450008DF8182022468DF8083004F009FE224617
:104460004FF40051034804F003FE4FF47A73012225
:1044700002A905E00010025850AA02240C0C0033D7
:10448000D34808F05FF80446002840F05282012229
:104490004FF40061CF4804F0EBFD22464FF4006179
:1044A000CC4804F0E5FD01224FF40051C94804F066
:1044B000DFFD4FF47A73012206A9C54808F042F8DF
:1044C0000546002840F0358201224FF40061C148C2
:1044D000012404F0CDFDC2232A464FF40061BD48FB
:1044E0008DF808308DF8184004F0C2FD2A464FF4CC
:1044F0000051B84804F0BCFD4FF47A73224602A97B
:10450000B34808F01FF80546002840F01282224602
:104510004FF40061AF4804F0ABFD2A464FF4006150
:10452000AC4804F0A5FD22464FF40051A94804F020
:104530009FFD4FF47A73224606A9A54808F002F8B9
:104540000546002840F0F58122464FF40061A1485D
:1045500004F08EFD12232A464FF400618DF81830C6
:10456000C3239C488DF8083004F082FD2A464FF49E
:104570000051984804F07CFD4FF47A73224602A95A
:10458000934807F0DFFF0546002840F0D28122461D
:104590004FF400618F4804F06BFD2A464FF4006130
:1045A0008C4804F065FD22464FF40051894804F020
:1045B0005FFD4FF47A73224606A9854807F0C2FFD3
:1045C0000546002840F0B58122464FF4006181483D
:1045D00004F04EFD20232A464FF400618DF8183078
:1045E000C4237C488DF8083004F042FD2A464FF47D
:1045F0000051784804F03CFD4FF47A73224602A93A
:10460000734807F09FFF0546002840F0928122463C
:104610004FF400616F4804F02BFD2A464FF400610F
:104620006C4804F025FD22464FF40051694804F01F
:104630001FFD4FF47A73224606A9654807F082FFF2
:10464000002840F0768101224FF40061614804F0B7
:104650000FFD0F21C62300225E488DF818104FF47D
:1046600000618DF8083004F003FD00224FF4005182
:10467000584804F0FDFC4FF47A73012202A9544813
:1046800007F060FF0446002840F0538101224FF4F8
:104690000061504804F0ECFC22464FF400614D48A4
:1046A00004F0E6FC01224FF400514A4804F0E0FC1B
:1046B0004FF47A73012206A9454807F043FF0446E8
:1046C000002840F0368101224FF40061414804F097
:1046D000CFFC4AF2A412D0234FF400613D48ADF85C
:1046E000182022468DF8083004F0C2FC22464FF410
:1046F0000051384804F0BCFC4FF47A73012202A93F
:10470000334807F01FFF0446002840F012810122C1
:104710004FF400612F4804F0ABFC22464FF40061D7
:104720002C4804F0A5FC01224FF40051294804F064
:104730009FFC4FF47A73022206A9254807F002FF76
:104740000546002840F0F58001224FF40061214821
:1047500002AC04F08DFCE0221F4B8DF807200FCB3C
:1047600007C42A4623804FF400611A4804F080FCF5
:104770002A464FF40051174804F07AFC4FF47A733C
:1047800001220DF10701124807F0DCFE0446002863
:1047900040F0CF8001224FF400610E4804F068FC25
:1047A00022464FF400610B4804F062FC01224FF4F2
:1047B0000051084804F05CFC4FF47A730E2202A901
:1047C000034807F0BFFE0546002840F0B28005E030
:1047D00050AA022400100258803C010801224FF424
:1047E00000615A4802AC04F043FCE122584B8DF8BA
:1047F00007200FCB07C42A4623804FF4006153489B
:1048000004F036FC2A464FF40051504804F030FCC6
:104810004FF47A7301220DF107014E4807F092FE22
:104820000446002840F0858001224FF4006147488B
:1048300004F01EFC22464FF40061444804F018FCCA
:1048400001224FF40051414804F012FC4FF47A73F6
:104850000E2202A93F4807F075FE0446002868D1E1
:1048600001224FF40061394804F002FC2123224662
:104870004FF4006135488DF8083004F0F9FB22460A
:104880004FF40051314804F0F3FB4FF47A730122E6
:1048900002A9304807F056FE0446002849D10122FB
:1048A0004FF40061294804F0E3FB132322464FF440
:1048B000006126488DF8083004F0DAFB22464FF4F8
:1048C0000051224804F0D4FB4FF47A73012202A96C
:1048D000204807F037FE60BB01224FF400611B48FF
:1048E00004F0C6FB0A2002F0A5F8292300224FF4A9
:1048F000006116488DF8083004F0BAFB00224FF42E
:104900000051124804F0B4FB4FF47A73012202A95B
:10491000104807F017FE044658B901224FF4006111
:104920000A4804F0A5FB782002F084F820460BB07A
:1049300030BD01224FF40061044804F099FB4FF0B0
:10494000FF300BB030BD04F093FBF8E700100258C5
:10495000903C010850AA022470B5C0B014461E460F
:10496000BDF81051FFF7E6FA002837D12B0A694647
:10497000EDB263F3070065F30F2063F3174065F3AF
:104980001F6040AB41F8040B9942FAD106FB04F4D6
:1049900000224FF400611248640004F069FB012218
:1049A0004FF400510E4804F063FB14B910E0641B8F
:1049B0000ED0B4F5807F25464FF47A73694628BF40
:1049C0004FF480750748AAB207F0BCFD0028EED06E
:1049D00001224FF40061024804F04AFB40B070BD70
:1049E0000010025850AA02240021F023872210B59B
:1049F000044682B008460094FFF7AEFF02B010BD37
:104A0000002B18BF002A70B5BDF8106017D0B6B1E2
:104A1000862814D8EF2912D81C46C3181546872BB0
:104A200002D9C0F18704A4B28B19F02B02D9C1F1CD
:104A3000F006B6B233462246FFF77CFA00B170BDED
:104A400002464FF40061124806FB04F404F010FB28
:104A500001224FF400510E48640004F009FBB4F544
:104A6000004F264629464FF47A7328BF4FF400467C
:104A70000848B2B2354407F065FD08B9A41BEED171
:104A800001224FF400610248BDE8704004F0F0BA22
:104A90000010025850AA022408B500F01FF808BD03
:104AA00001F07EBD01F02EBE01F032BE01F0B8BEB5
:104AB00001F0BABE01F0C0BE01F0C6BE0CB400B534
:104AC00083B0502104AB53F8042B01930EF0CAFBC2
:104AD000002003B05DF804EB02B070472DE9F04F01
:104AE000BF4EDFB0BF4DAE421ED80AAF80220021BC
:104AF0001EA80EF0EEFB5022002138460EF0E9FB16
:104B0000B94A50213846FFF7D9FF0024B748B849C1
:104B10003B4604700C606021B64AB7480EF01CFB9F
:104B200020465FB0BDE8F08F1EAC0AAF80220021A6
:104B3000761B20460EF0CDFB5022002138460EF0A9
:104B4000C8FB7F2EDCD9802229463EA80EF006FC49
:104B5000AA4B3E9A9A421BD1BDF8FC30012B24D0BF
:104B6000022B1CD19DF83921531E0B2B23D8BDF8E5
:104B70000E11012926D89DF83A3151B3002B4DD0A2
:104B8000581E0B2872D89C46901C0CEB800C25E01C
:104B90003EAB9B4A50213846FFF790FFB5E7994A54
:104BA00050213846FFF78AFFAFE7974A5021384631
:104BB000FFF784FFA9E713465021944A3846FFF7D0
:104BC0007DFFA2E70B46924A50213846FFF776FF59
:104BD0009BE7A3BB4FEA820C0CF1070CDDF800E168
:104BE0008C48864507D0009073468B4A5021384642
:104BF000FFF764FF89E70CEB8C00BDF8FEE0C00016
:104C00008F3020F00F0080B270450BD000907346BB
:104C1000824A50213846FFF751FF76E74FF0010CEA
:104C20006346B1E7BDF80C81C4450ED043467C4ACB
:104C300050213846CDF800C0FFF740FF65E7794ABC
:104C400050213846FFF73AFF5FE78642DDF804A1BE
:104C500003D3504501D856450ED20346724A50211F
:104C60003846CDE900A6FFF729FF4EE76F4A5021ED
:104C70003846FFF723FF48E72E186FF07C0BDFF86C
:104C800064E14FF0FF3C0596ABEB050B684EDDF899
:104C90001490CDE9062171460EF1010E0BEB0E02C8
:104CA000032A02D90A788CEA020C4CF30002F1457F
:104CB00002EA060282EA5C0242F3000101EA06010E
:104CC00081EA520141F3000202EA060282EA51023D
:104CD00042F3000101EA060181EA520141F30002B8
:104CE00002EA060282EA510242F3000101EA0601E9
:104CF00081EA520141F3000202EA060282EA51020D
:104D000042F3000C0CEA060C8CEA520CC3D16FEA99
:104D10000C0C5D9E6645DDE9062107D06346454AD9
:104D2000502138460096FFF7C9FEEEE69DF838613F
:104D300006F1FF3CBCF11F0F13D89DED4A7AB5EE8A
:104D4000C07AF1EE10FA06DBF7EE007AB4EEE77AFD
:104D5000F1EE10FA0CD9384A50213846FFF7AEFE72
:104D6000D3E63346354A50213846FFF7A7FECCE656
:104D70009DED4B7AB5EEC07AF1EE10FA04DBB4EE9D
:104D8000E77AF1EE10FA05D92D4A50213846FFF79F
:104D900095FEBAE69DED4C7AB5EEC07AF1EE10FACA
:104DA00004DBB4EEE77AF1EE10FA05D9254A50217A
:104DB0003846FFF783FEA8E6DDED4D7AF5EEC07AC2
:104DC000F1EE10FA06DBB7EE007AF4EEC77AF1EEF8
:104DD00010FA3BD91C4A50213846FFF76FFE94E683
:104DE0000000200800001E08A03C010898C802240A
:104DF0009CC80224383F010804010024435554454F
:104E0000B03C0108503D0108BC3C0108E03C0108F1
:104E1000F03C0108712AE8B3343D0108683D0108FF
:104E2000803D0108183D0108983D0108083D010832
:104E30002083B8EDB43D0108E43D0108D03D0108F0
:104E4000F83D0108043E0108183E01089DF827615D
:104E5000002E40F0A4809DF87361002E40F0408148
:104E6000B346DFF818930597CDE90821D9F8042057
:104E7000BBF1050FD9F800700692D9F80C20079203
:104E800040F22781089A1FFA8BF692000632B2424E
:104E900040F213811BF0010F40F00B8120264FF4EC
:104EA000907E069A724540F0F880079AB24240F030
:104EB000E980B84200F2DE80574500F2DB80AAEBC1
:104EC000070206998A42C0F0D580D9F8082090429E
:104ED00000F2C880524500F2C5800799AAEB02068D
:104EE000B6EB810F4FEA810EC0F0BC80D9F810C03C
:104EF000604500F2AF80D44500F2AC80AAEB0C060E
:104F0000B64500F2A780D9F81460B04200F29A804A
:104F1000564500F29780AAEB06018E4500F292807A
:104F200042EA0C0207F00F07324302F0030252EA92
:104F300007067FD1D9F8182007EE902AF5EEC07A3F
:104F4000F1EE10FA6EDDD9F81C2007EE902AF5EE8E
:104F5000C07AF1EE10FA28DD0BF1010B09F12809F6
:104F60001FFA8BF2904581D8059F284405EB0A0370
:104F70004FF0FF326C4998421FD010F801CB82EA03
:104F80000C024FF0080C42F3000E0CF1FF3C0EEA4D
:104F9000010E1CF0FF0C8EEA5202F4D1EBE7634ADB
:104FA00050213846FFF78AFDAFE5059F5B46604A12
:104FB00050213846FFF782FDA7E5D343429883424C
:104FC00006D0009050215B4A3846FFF777FD9CE5FC
:104FD00080223EA920460EF0C1F9574B01221B68E2
:104FE0003B801B0C8DF82A30544B1A70E38A544ACC
:104FF000DB07156004D594F84260012E38BF012606
:10500000E16824ABA28894F84100CDE90221CDE902
:1050100000064C4A60214C480EF09EF801205FB01B
:10502000BDE8F08F059F5B46484A50213846FFF7A0
:1050300045FD6AE5059F5B46454A50213846FFF726
:105040003DFD62E5059F5B46424A50213846FFF729
:1050500035FD5AE5059F5B463F4A50213846FFF72C
:105060002DFD52E5059F5B463C4A50213846FFF72F
:1050700025FD4AE5059F5B46394A50213846FFF732
:105080001DFD42E507995B46059F00915021354A79
:1050900038460196FFF712FD37E506995B46059FF6
:1050A00000915021304A3846CDF804E0FFF706FD64
:1050B0002BE510264FF4007EF3E60999D1B9B242F0
:1050C00014D0059F5B46294A50213846FFF7F6FC6D
:1050D0001BE5274A52F82BE0264A52F82B60E0E6FF
:1050E000254A50213846FFF7E9FC0EE505264FF02A
:1050F000A00ED6E603F1FF3CBCF10B0FE1D81A4439
:10510000B24209D802F1010292B209D0B242D8D11A
:1051100004264FF0800EC4E620264FF4806EC0E6D1
:1051200001264FF0200EBCE62083B8ED2C3E01088E
:10513000043F0108183F0108343F010898C80224C1
:105140009CC80224483F010804010024F43E0108E1
:10515000E43E0108D43E0108C43E0108B43E010803
:10516000A03E0108843E0108643E0108583E010843
:105170008051010868510108403E010880001E0866
:10518000044B187820B1044B1868003818BF012070
:10519000704700BF98C802249CC80224024B1878AC
:1051A00008B1024B1868704798C802249CC80224B2
:1051B0000B4B1A78034682B10A4A106870B1828A92
:1051C0009A420AD903EB8303C288DB0003F1A801EA
:1051D0008033914201D8184470470020704700BFC7
:1051E00098C802249CC802240B4B02461B788BB142
:1051F0000A4B186878B1838A93420BD902EB82027A
:10520000C388D20002F1A8018032994202D88358A3
:10521000184470470020704798C802249CC8022494
:105220000C4B1A78034692B10B4A106880B1828AFF
:105230009A420CD903EB8303C288DB0003F1A80177
:105240008033914203D803449B6818447047002080
:10525000704700BF98C802249CC802240C4B1A78DF
:10526000034692B10B4A106880B1828A9A420CD9E7
:1052700003EB8303C288DB0003F1A8018033914272
:1052800003D803441B69184470470020704700BFCF
:1052900098C802249CC802240C4B1A78034692B189
:1052A0000B4A106880B1828A9A420CD903EB8303BF
:1052B000C288DB0003F1A8018033914203D8034484
:1052C0005B69184470470020704700BF98C80224EB
:1052D0009CC80224084B187840B1084B186828B1C4
:1052E0008388012B06D0022B01D00020704790F854
:1052F000410070470520704798C802249CC80224CA
:10530000074B187830B1074B186818B18388022B07
:1053100001D000207047C08A00F00100704700BF34
:1053200098C802249CC802240C4B187878B10C4B06
:10533000186860B18388022B01D000207047C38AAF
:1053400013F00103F9D090F8420008B9012070472A
:10535000431E0B2B88BF0020704700BF98C8022453
:105360009CC802240B4B1B783BB10B4B1B6823B131
:105370009A88012A0BD0022A02D04FF6FF7070479C
:1053800093F841000028F8D08000063070471A20BA
:10539000704700BF98C802249CC80224164B1B7893
:1053A0003BB1164A126822B19188012901D0022925
:1053B00002D04FF6FF70704792F84110B1B18900EA
:1053C00000230631B2F816C01CF0010FF1D092F89C
:1053D000422072B102F1FF3CBCF10B0FE9D89042C0
:1053E000E7D2002BE5D1084480B270474FF6FF7139
:1053F000E8E70122F3E700BF98C802249CC8022412
:10540000164B1B783BB1164B1B6823B19A88012AB7
:1054100001D0022A02D04FF6FF70704793F8410086
:10542000DA8A50B1D107F6D5800093F842300630C1
:105430005BB90123184480B27047D207EBD593F8CB
:1054400042304FF6FF7003B970475A1E0B2AE2D85C
:105450004FF6FF729042EDD1DFE700BF98C80224FB
:105460009CC80224164B1B783BB1164B1B6823B11A
:105470009A88012A01D0022A02D04FF6FF707047A5
:1054800093F84100DA8A58B1D107F6D5800093F835
:105490004230063063B901230130034498B27047AB
:1054A000D207EAD593F842304FF6FF7003B9704740
:1054B0005A1E0B2AE1D84FF6FF729042ECD1DEE77C
:1054C00098C802249CC80224064B1B7833B1064BB3
:1054D0001B681BB11B6B00EE103A7047B6EE000A5A
:1054E000704700BF98C802249CC80224064B1B7852
:1054F00033B1064B1B681BB15B6B00EE103A704773
:105500009FED030A704700BF98C802249CC802247C
:105510003333B33E064B1B7833B1064B1B681BB1CC
:105520009B6B00EE103A70479FED030A704700BF77
:1055300098C802249CC80224CDCC4C3D064B1B7855
:1055400033B1064B1B681BB1DB6B00EE103A7047A2
:105550009FED030A704700BF98C802249CC802242C
:10556000CDCC4C3D054B1B782BB1054B1B6813B1C3
:1055700093F8400070472020704700BF98C802246D
:105580009CC80224C0B12DE9F04F4FF0000A8046BC
:105590002DED0C8B87B080F800A0FFF789FA8146CB
:1055A00020B1FFF787FAB0F5A06F07D0002007B051
:1055B000BDEC0C8BBDE8F08F00207047FFF7E0FDDD
:1055C0000028F3D0FFF7EAFD0028EFD0C36C08EE07
:1055D000903AF5EEC08AF1EE10FAE7DD066DFFF7BE
:1055E00073FFB0EE409AFFF795FFF0EE409AFFF799
:1055F000A5FFF0EE40AA09F1FF399FEDDEAA57465C
:10560000DFEDDDBADFF874B31FFA8AF34D460024EC
:105610000BEE103A15F9013FB7EE008A9B1B00EE26
:10562000103AB8EEC00A28EEC00A0DF0E3FB30EEE7
:10563000080AC8EE00DAB4EEED9AF1EE10FA00F3C3
:10564000CF8095F900319B1B00EE103AB8EEC00AEE
:1056500028EEC00A0DF0CEFB95F90032F0EE40CAFC
:105660009B1B07EE903AB8EEE70A28EEC00A0DF051
:10567000C1FB95F90033B0EE40DA9B1B07EE903A80
:10568000B8EEE70A28EEC00A0DF0B4FB30EE080AC7
:1056900095F9003488EE00CA9B1B07EE903AF8EEAD
:1056A000E77A28EEE70A0DF0A5FBF4EECC9AF1EECE
:1056B00010FA00F3958030EE080AC8EE007AF4EE96
:1056C000E7AAF1EE10FA00F38B807CEE88CA3DEE7B
:1056D00008DAF6EE005AC8EE2C6A88EE0D7A2CEE47
:1056E00025CA05EE904AB8EE4B6AF8EE655A76EE9A
:1056F000A56A66EE8A6A37EE067A36EECC6A27EE3F
:105700000A7AB5EEC06AF1EE10FA00F14F81B4EEFC
:10571000C86AF1EE10FA38FE068AB6EE006A67EE45
:10572000867A77EE675AF5EEC05AF1EE10FA00F17C
:105730004381B7EE006AF4EEC65AF1EE10FA76FE37
:10574000255A3CEE26CAB5EEC0CAF1EE10FA00F1B9
:105750003081F7EE006AB4EEE6CAF1EE10FA36FEDA
:105760008C6A77EE877AF5EEC07AF1EE10FA00F1E6
:105770001A81B7EE007AF4EEC77AF1EE10FA77FEEE
:10578000276A3B0640F1FE809BED007A01237B4AAD
:105790004FF0000CD2ED057A6146F4EEC77AF1EED7
:1057A00010FA04D5B0EE677A5FFA83FC194601332C
:1057B0001432D8B28742EDD8F4EEC7DAF1EE10FA1F
:1057C0000DDD01EB81010BEB8101C1ED00DA81ED13
:1057D000018AC1ED025A81ED036AC1ED046A802796
:1057E0000134A4B2102C7FF415AF0AF1010A09F1BB
:1057F0001009BAF1100F7FF407AF012F40F2F380C8
:10580000DFF8789107F1FF3B4FF0000ACE465FFAD0
:105810008BFB0EF1140401AD94ED007AD446A6463C
:1058200026460FCC0FC523682B6056ED057AA6F1EE
:1058300014053446B4EEE77A2E46F1EE10FA40F342
:10584000CF800CF1FF3C0FCDBCF1FF3F0FC42B68A4
:105850002360EAD1002404EB840401AD0AF1010ABB
:1058600009EB8404D3450FCD0FC42B682360D0D13E
:10587000FFF778FE202828BF2020C5B2FFF736FEAC
:1058800098F8004007EB87073C4EA54209EB870CD0
:105890006DD9002C00F0938096ED012A04EB840270
:1058A00096ED023AB6EE081AD6ED031A08EB82021C
:1058B000D6ED042A434631EEC25ADFED2F5A72EE7E
:1058C000C37ADFED2F4AA10085FE255AC7FEA57ACF
:1058D00025EE275A0DE0B4EEC06AC7EE276AF1EE56
:1058E00010FA3FDAF4EEC16AF1EE10FA3ADA9A42AF
:1058F00066D0D3ED027A143313ED026A13ED017A08
:10590000C2FE273AD3ED006A83FE064A77EE677A35
:1059100081FEC77A36EEC66AC2FEE66A37EE637A61
:1059200076EEC46AC7FEA57A86FE256A67EE867A99
:1059300087FE257AC6FEA56A27EE267A75EE276AC7
:10594000C5FE677AF4EEE47A76EEC76AF1EE10FAF5
:1059500076EEA46A87EE266ABDD8B4EEC06AF1EE90
:1059600010FAC4DB1436B44501D0A54294D8012006
:105970001DE600BF0000803D00000000A0C802241A
:105980005F70893007EB870301370BEB8303FFB2AE
:10599000C3ED00DA83ED018AC3ED025A83ED036A99
:1059A000C3ED046A1CE7F0EE6B6AEAE6B0EE6B8AC0
:1059B000B3E6B0EE6B6AD4E6F0EE6B5AC1E6214670
:1059C0000F190134B64608EB8707E4B2043788F8AC
:1059D0000040BEE80F000FC7DEF800303B60C1E7B3
:1059E0000CF1010437E7FFF7BDFD0446FFF77EFD2C
:1059F000002FBCD0202CDFF80C9028BF2024E5B26B
:105A00003EE700BFA0C80224F0B51C468DB04FF0A1
:105A100001130E4618490546019301AB174608F0DD
:105A2000BFFA18B301AB28462246144908F0B8FA69
:105A300068B1608B32467B8B10491C180E4808F009
:105A400057FBA4B2844214D101200DB0F0BD129BCB
:105A50000B4A282102A80DF07FFB02AB094A302136
:105A600009480DF079FB00200DB0F0BD129B074AEC
:105A7000EFE7129B064AECE7F8D20224D0D20224C8
:105A8000703F01086C3F010864010024643F010875
:105A9000783F01082DE9F04FADF5597DFFF770FB18
:105AA000002800F0A283FFF715FC431E0790DBB22D
:105AB0000B2B00F28E834FF00113DFF8BCA414AE61
:105AC00022AD0C9330AC0DF1F80E0DF5987C5AAF69
:105AD000BAE80F000FC6BAE80F000FC6BAE80F0009
:105AE0000FC6AAF1300B9AE80300D946D84686E8DB
:105AF0000300BBE80F000FC5BBE80F000FC5BBE8F4
:105B00000F000FC59AE8030076AE85E803004D4606
:105B10000FCD0FC40FCD0FC40FCD0FC49AE80300F3
:105B200084AD84E80300B9E80F00AEE80F00B9E8DF
:105B30000F00AEE80F00B9E80F00AEE80F009AE8DA
:105B40000300AAF13004AAF130098EE80300B8E896
:105B50000F00ACE80F00B8E80F00ACE80F00B8E8A1
:105B60000F00ACE80F009AE80300C8468CE8030079
:105B70000FCC0FC70FCC0FC70FCC0FC79AE803008D
:105B8000E02292AC87E803000AF10801A0A80DF01A
:105B9000E5FB68AFCE46CC46B9E80F000FC7B9E8C1
:105BA0000F000FC7B9E80F000FC79AE8030087E896
:105BB0000300B8E80F000FC6B8E80F000FC6B8E83A
:105BC0000F000FC69AE8030086E80300BEE80F0046
:105BD0000FC5BEE80F000FC5BEE80F000FC59AE85D
:105BE000030085E80300BCE80F000FC4BCE80F0009
:105BF0000FC4BCE80F000FC49AE8030084E8030058
:105C00000020FFF7F1FA07460020FFF709FB0646E0
:105C10000020FFF723FB05460020FFF73DFB04466D
:105C2000FFF7AEFA002840F0F882DFF85093FFF754
:105C3000A7FA002840F0EC826FF07F080020FFF701
:105C4000B7FAD0F81CA00020FFF7B2FA436AC348A5
:105C50001E930223CDF86C90CDF87480CDF870A01F
:105C6000CDE914030423CDE9185401246FF07F0516
:105C7000ADF86A307F232046ADF884408DF8684047
:105C8000CDE91F53CDE91676FFF7AEFA0746204659
:105C9000FFF7C6FA06462046FFF7E0FA054620461B
:105CA000FFF7FAFA0446FFF76BFA002840F0AB82E0
:105CB000DFF8C892FFF764FA002840F09F826FF087
:105CC0007F0800204FF0010BFFF772FAD0F81CA0FC
:105CD0000020FFF76DFA436A6FF07F027F212C935B
:105CE0009E4BCDF8A4902293CDF8AC80CDF8A8A01F
:105CF000ADF8BCB08DF8A0B0CDE926540224CDE9B2
:105D00002476042720462394ADF8A270CDE92D21F6
:105D1000FFF76AFA04902046FFF782FA03902046C4
:105D2000FFF79CFA06462046FFF7B6FA0546002024
:105D3000FFF73EFAD0F81CA00020FFF739FAD0F8A0
:105D400024902046FFF734FAD0F81C802046FFF755
:105D50002FFA0499436A0320039A32917F21CDF8E8
:105D6000E0804FF008083A937C4B3595CDF8DCA0E5
:105D7000CDF8E490ADF8DA80ADF8F4B08DF8D8B095
:105D8000CDE933266FF07F02CDE93034CDE93B21F8
:105D9000FFF72AFA05900320FFF742FA0390032049
:105DA000FFF75CFA06460320FFF776FA0546002067
:105DB000FFF7FEF9D0F81CA00020FFF7F9F9416ABF
:105DC00020460491FFF7F4F9D0F81C902046FFF725
:105DD000EFF9059B426A04990398409347917F210C
:105DE0005E4B48926FF07F02ADF812814395CDF87B
:105DF00014A1CDF81891ADF82CB18DF810B1CDE902
:105E000041063846CDE93E34CDE94921FFF7ECF9AA
:105E100004903846FFF704FA03903846FFF71EFA5D
:105E200006463846FFF738FA05462046FFF7C0F920
:105E3000D0F81CA02046FFF7BBF9D0F824903846D4
:105E4000FFF7B6F9D0F81C803846FFF7B1F9039A8E
:105E5000436A7F2004995693404B4E915195CDF85B
:105E60004CA1CDF85491CDF85081ADF864B18DF8C6
:105E700048B1CDE94F266FF07F021026CDE95720BB
:105E80000520ADF84A61CDE94C34FFF7ADF9039038
:105E90000520FFF7C5F904900520FFF7DFF98246DA
:105EA0000520FFF7F9F905462046FFF781F9D0F8FC
:105EB0001C902046FFF77CF9D0F824803846FFF785
:105EC00077F903463846DF69FFF772F923490DF188
:105ED000880C406A63460DF1500C64907F20624646
:105EE000ADF882615F95CDF88491CDF88C81629791
:105EF000ADF89CB18DF880B1CDE95A140499039C9A
:105F0000CDE95D1A6FF07F015C94CDE9651014490D
:105F1000144800911449FFF777FD002800F05F81D5
:105F200012493EAB30AA104800911149FFF76CFDB1
:105F3000002800F054810F495AAB4CAA0C4800913C
:105F40000949FFF761FD002800F0498100230B900B
:105F50000493074B0693044B039323E10300FFFFD5
:105F6000943F010870D3022448D30224983F0108CB
:105F700020D302249C3F0108103A01088180803B15
:105F80008B009BB29C1DDE1D03F108050933A4B2F2
:105F90009BB2B6B22046ADB20893FFF709F981462D
:105FA0003046FFF705F907462846FFF701F9804616
:105FB0000898FFF7FDF8B9F1000F00F0FD80002F01
:105FC00000F0FA80B8F1000F00F0F6800A90002887
:105FD00000F0F2802046FFF707F983462046FFF7DE
:105FE0001FF982462046FFF739F9034620461C4632
:105FF000FFF752F9D9F81820D9F81C30A792BC4AFB
:10600000A092D9F82020A893D9F824304FF07F0926
:10601000CDE9A923CDE9A2BA20226FF07F0ACDE90C
:10602000A44001243046ADF89A22A1948DF89842FC
:10603000ADF8B442CDE9ABA9FFF7D6F809903046E8
:10604000FFF7EEF883463046FFF708F90146304681
:106050000E46FFF721F9099AD7F818E0796A3B6AEA
:10606000FF69CDF8D4E2B697ADF8EC428DF8D04296
:10607000CDE9B02B4FF0100BCDE9B2602846ADF85A
:10608000D2B2CDE9B731CDE9AE44CDE9B9A9FFF738
:10609000ABF807462846FFF7C3F806462846FFF741
:1060A000DDF8034628461D46FFF7F6F82022D8F80B
:1060B00018C0D8F82010D8F82430D8F81CE0DDF843
:1060C0002080ADF80A238A4ACDF80CC3CDF810E33E
:1060D0008DF80843ADF82443CDE9C0504046CDE9E2
:1060E000C513CDE9BC24CDE9BE76CDE9C7A9FFF73C
:1060F0007BF807464046FFF793F806464046FFF711
:10610000ADF805464046FFF7C7F80A9B9969DA697A
:10611000D3F820E0D3F824C04FF00113D191D292EC
:10612000A0AA0D930DAB7349ADF842B3ADF85C4333
:106130008DF84043CDE9CE500398CDE9CC76CDE93A
:10614000D3ECCDE9D5A9CDE9CA4407F07DFF0028FD
:1061500051D00DABAEAA6849664807F021FF002870
:1061600060D00DABBCAA6349039807F06DFF00280F
:106170005BD00DABCAAA61495E4807F011FF002849
:1061800056D0069A5D495C4807F0B2FF202852D1EC
:10619000049B079A01339A4204934FD0039B069ABB
:1061A00006930392FFF796F80499CBB25A1C8342E8
:1061B000D2B20592FFF4E4AE059B514A18210EA815
:1061C0000CF0CAFF0EAB4F4A30214F480CF0C4FF11
:1061D00005E04E4A4C4B92E8030018609980002677
:1061E00030460DF5597DBDE8F08F494A464B07CA48
:1061F00003C31A70F3E7059B464ADFE7FEF7CEFFBD
:10620000D0F848805DE5FEF7C9FFD0F8449051E52D
:10621000FEF7C4FFD0F8488010E5FEF7BFFFD0F8C6
:10622000449004E5059B3C4AC8E7059B3B4AC5E70B
:10623000059B3B4AC2E7059B3A4ABFE70B9EFFF727
:106240005FF80446002875D1FFF78CF80746FEF783
:10625000AFFF0546002800F06E813846FEF7C4FF08
:1062600081463846FEF7DCFF80463846FEF7F6FFEB
:10627000034638461F46FFF70FF8A9698446EA69C6
:106280000CAB6F91296A70926A6A06988DF8B841D2
:10629000CDE9711201226FF07F01CDE96822ADF8DE
:1062A000D4210522ADF8BA217F22CDE9731268AA64
:1062B0000399CDE96A98CDE96C7C07F071FE00285E
:1062C00000F04D81184C039B23602BB11A46174BED
:1062D00092699A4200F03581154A0B4B07CA03C3F5
:1062E000100C002123F8022B2160187077E700BF03
:1062F00003000100A8D20224F8D20224D0D2022442
:10630000A03F01086C3F0108640100248C3F010894
:10631000803F0108A83F0108B03F0108B83F0108CD
:10632000C03F0108C83F0108A0D2022405001000A8
:1063300004400108FEF7F8FF8046FFF713F8FEF768
:1063400037FF002800F0F78008F1FF33DBB20B2B9A
:1063500000F2EA80002501274FF02009DDF818A09F
:10636000DDF80CB0CDF81080059601E0DA469B46CA
:106370002846FFF713F80446FEF71AFF06462046A4
:10638000002E00F0C780FEF72FFF03902046013556
:10639000FEF746FF80462046EDB2FEF75FFF8446DB
:1063A00020466446FEF778FF326A736AD6F818E032
:1063B000D6F81CC00399CDF8F4E1ADF8F2918DF850
:1063C000F071CDF8F8C1ADF80C72CDE97F236FF014
:1063D0007F0376AACDE97A407F24819350460CABA7
:1063E0008294CDE978185946CDE9767707F0D8FD43
:1063F0005346002800F09580049AAA42B6D1CDF801
:106400000CB0059ECDF818A0FEF7FAFF8046FFF706
:1064100029F805464046FEF7CBFE83462846FEF7A0
:10642000C7FE8146BBF1000F00F0A080B0FA80FAF1
:106430004FEA5A1A002800F099804046FEF7D4FE31
:1064400005904046FEF7ECFE04904046FEF706FF3E
:10645000034640469846FEF71FFFDBF81820DBF89E
:106460001C3005998B92DBF820208C93DBF82430CC
:106470008691049989902846ADF82A728DF828A251
:10648000ADF84472CDE98D236FF07F03CDE9871815
:10649000CDE98F34CDE98477FEF7A6FE8046284605
:1064A000FEF7BEFE83462846FEF7D8FE0346284682
:1064B0001D46FEF7F1FE0146D9F81C30D9F818E068
:1064C00084AADFF8D8C00398CDF864E28DF860A202
:1064D000CDE99651D9F820109A93D9F824309B91A0
:1064E0006FF07F01CDF800C09E94ADF87C72CDE9CD
:1064F0009C3104230699ADF8623292ABCDE9948BBE
:10650000CDE99277FFF780FA00283FF468AE069B4A
:106510000393D7E6194A1A4B92E803001860998052
:106520005DE62B46174A49E6174A154B92E80300E9
:106530001860998053E6154A114B07CA03C31A70B5
:106540004DE6039808F0BAFAB0F5A06F7FF4C4AE38
:106550000F4A0B4B1268110C1A80997040E60D4AD5
:10656000074B92E803001860197138E60A4A044B99
:1065700092E8030083E8030031E600BFE43F01082E
:1065800064010024EC3F0108DC3F0108D03F010812
:10659000343F0108FC3F0108F03F0108F83F0108C3
:1065A00038B54A4D2B782DED028B1BB10120BDEC87
:1065B000028B38BDFEF7E4FD002800F08180444CDA
:1065C0002378002B67D0FEF7DBFD00285DD19FED1F
:1065D000418AFEF7D5FD002853D16FF07F01B0EE60
:1065E000480A3D4807F0BCFC802201213A4807F0E8
:1065F000C5FC044640220821384807F0BFFC002CA7
:1066000018BF00284FF020024FF0100114BF0124E2
:106610000024334807F0B2FC00280CBF002404F02B
:106620000104402204212F4807F0A8FC00280CBFD9
:10663000002404F00104402204212B4807F09EFCB2
:10664000102200280CBF002404F001042021274858
:1066500007F094FC60B15CB1254A00202549264B27
:10666000086092E803000122186099802A709DE773
:10667000224A214B07CA83E8070000232B70002021
:1066800095E7FEF78BFD816CA9E7FEF787FD436C6C
:1066900008EE103A9DE7104808F0BEF90F4808F0E0
:1066A000BBF90F4808F0B8F90E4808F0B5F90E48E4
:1066B00008F0B2F90D4808F0AFF90123237082E722
:1066C0000F4A0D4B07CA03C31A70D8E7A4D202249D
:1066D000A5D202248180803B70D3022448D30224B7
:1066E00020D30224F8D20224D0D20224A8D2022439
:1066F0001C400108A0D202246401002410400108BB
:10670000803F0108014B1878704700BFA4D20224D3
:10671000F8B53D4B07461B782DED048B1BB9FFF7F1
:106720003FFF00285ED0394B00221A60002F53D063
:10673000FEF726FD002859D19FED358AFEF720FD92
:1067400000285CD16FF07F013248B0EE480A07F0B4
:1067500007FC802201212F4807F010FCE0B343F62C
:10676000FF767C1E451E9FED2A9A3E4414F8013F99
:10677000F0EE498A08EE103AFEF702FDB8EE488ABC
:1067800028EE098A10BBFEF7FBFC0346F0EE680A10
:106790006FF07F00B0EE480A53B908F0C9F8B44270
:1067A00005F8010FE2D1FFF775F9BDEC048BF8BDD8
:1067B000FEF7F4FCF0EE680AB0EE480A806C08F0D0
:1067C000B7F8B44205F8010FD0D1ECE7FEF7E6FCCC
:1067D000436C08EE903AD6E70F4A104B92E803005C
:1067E000186099800020BDEC048BF8BDFEF7D6FC44
:1067F000436C08EE103AFEF7C3FC0028A2D0FEF767
:10680000CDFC816CA0E700BFA4D20224A0D2022458
:106810008180803B70D3022424400108640100245D
:106820000048704764010024024B186800B10068FA
:10683000704700BFA0D20224024B186808B108F0CC
:106840003DB97047A0D20224244B1868002842D0DA
:1068500010B5046808F032F9DCB3D0B320444FF02F
:10686000FF321F4B14F8011B5140844241F30002D8
:1068700002EA030282EA510242F3000101EA030143
:1068800081EA520141F3000202EA030282EA510264
:1068900042F3000101EA030181EA520141F30002DF
:1068A00002EA030282EA510242F3000101EA030113
:1068B00081EA520141F3000202EA030282EA510234
:1068C00042F3000101EA030181EA5202CAD1D04336
:1068D00010BD002010BD0020704700BFA0D20224D0
:1068E0002083B8ED10B41A4C00221A4BD4F888005B
:1068F000194940F47000C4F888001868174C40F03B
:10690000010018601A611868014019609A61DA6123
:106910001A629A62DA621A635A639A63DA631A64D1
:106920005A64196821F4802119601A6623686FF38C
:106930000F03B3F1005F03D2094B0122C3F8082112
:10694000034B4FF000625DF8044B9A60704700BF44
:1069500000ED00E0004402587FEDF6EA0010005C14
:10696000008000510F4B1B780BB90120704710B508
:1069700004464FF47A700C4AB0FBF3F31068B0FB96
:10698000F3F000F0C9F80F2C00D808B1012010BDB9
:10699000002221464FF0FF3000F076F8034B002034
:1069A0001C6010BD9C01002498010024A00100245B
:1069B00010B50320124C00F055F804F021FB114BE8
:1069C00011499A699B69C2F3032203F00F03A25C89
:1069D000E35C02F01F020D4C03F01F03D04020FACD
:1069E00003F3206000200B60FFF7BCFF10B101240F
:1069F000204610BD0446FBF7B1F9204610BD00BF8C
:106A00009851010800440258940100249801002480
:106A1000034A044B11681B780B441360704700BF96
:106A200098D302249C010024014B1868704700BFD2
:106A300098D3022438B50446FFF7F6FF0546631CD9
:106A400002D0044B1B781C44FFF7EEFF401BA04212
:106A5000FAD338BD9C010024014B1868000C704724
:106A60000010005C06494FF6FF0C0002054BCA6897
:106A700000F4E06002EA0C0210430343CB6070476D
:106A800000ED00E00000FA05194BDB68C3F30223B8
:106A900000B5C3F1070E03F1040CBEF1040F28BFCB
:106AA0004FF0040EBCF1060F19D9A3F1030C4FF0FF
:106AB000FF3303FA0CF322EA03024FF0FF330028FE
:106AC00003FA0EF321EA030303FA0CF343EA020389
:106AD0004FEA0313DBB205DB064A135400BD002264
:106AE0009446EAE700F00F00034A135400BD00BFCC
:106AF00000ED00E000E400E014ED00E0002807DB1A
:106B0000012300F01F01034A40098B4042F8203066
:106B1000704700BF00E100E0431EB3F1807F01D366
:106B2000012070474FF0E022002005494FF0F00CA3
:106B30005361072381F823C090611361704700BF40
:106B400000ED00E0BFF35F8F044B00215A6A22F48E
:106B500080325A62C3F89410704700BF00ED00E025
:106B6000064B40F00100C3F894005A6A42F48032A8
:106B70005A62BFF34F8FBFF36F8F704700ED00E095
:106B8000174A4378C2F89830017819B3436800B5C2
:106B9000C2F89C30C37A90F80CC01B0690F80FE046
:106BA00043EA0C7390F80AC00B43817B43EACC4361
:106BB00090F80DC043EA8C4390F809C043EA414382
:106BC000017A43EA0E4343EA0C2343EA4103C2F845
:106BD000A03000BDC2F89C10C2F8A010704700BFE2
:106BE00000ED00E010B5846BA06CA26B03686AB185
:106BF0001A68A16B120301D5C90732D51A681203AE
:106C000023D5226CA36B934209D010BD1968226C66
:106C1000080310D5616CD960A36B9342F5D123684A
:106C2000DA6842F00102DA601B689B07EDD50123A8
:106C300084F8353010BD19680903E3D4E06B616C4A
:106C400001EB80011961A263DCE71B690122E16BA2
:106C500003EBC10101F02AFCA36B226C013BA3638F
:106C6000D0E7DB680022E16BF2E700BF002847D0E5
:106C700070B590F835300446002B3ED00222A3694F
:106C800084F83520002B34D1606A616866690B4353
:106C90002268102943EA0603E668156843EA0603FA
:106CA000266943EA0603A66843EA0603266A43EA1E
:106CB0000603A66A43EA0603E66A43EA0603114EA0
:106CC00006EA0506256B166043EA0503156843EAE4
:106CD000050343EA0003136001D1E3699361D368BC
:106CE0000020012143F01E03D360E06484F83510D6
:106CF00070BD002210466262C7E7F9F78FFDBDE75D
:106D00000120704707F0E0FF2DE9F041044690F8BC
:106D1000340082B001286CD0256802204FF00108B1
:106D2000DFF8D8C084F83500B3F5803F84F83480AC
:106D30002868DFF8CCE040F480402860286820F024
:106D400002002860286841EA0001A06C29604FF029
:106D50000001C0F83CC00165C0F84CE0A1632164AB
:106D6000E163616430D3C0F844C01646C4F838808B
:106D7000E363E36B6264B3F5803F09D3E36B5B08C5
:106D8000E363A36B5B00A363E36BB3F5803FF5D2D2
:106D9000A36B05F128013246023BA363A36B236476
:106DA000E36BE56B06EB8303009501F00BFAB0B9DA
:106DB000216800220B68104643F001030B6084F841
:106DC000342002B0BDE8F08105F1280100F0F8FBA5
:106DD0000028EDD04023E36484F8358004E04022AD
:106DE0000123E26484F835300023012084F8343034
:106DF000E7E7022002B0BDE8F08100BFE56B0008C4
:106E0000096E0008704700BF806B08B5836C5B6D2E
:106E1000022B06D0012380F83530C36C43F04003C9
:106E2000C364FFF7EFFF08BD704700BF704700BFA6
:106E300038B5036804461D69690737D4AA0725D405
:106E4000EB061CD4280713D4E90710D523681A6869
:106E5000920703D5DA6822F01E02DA60DA680121AF
:106E6000204622F00102DA605961FAF785FD38BD4B
:106E70002368082220465A61FFF7D8FFE4E7236819
:106E8000102220465A61FFF7CFFFDBE7236802217B
:106E9000A06C04225961E36C43F00103E3640A4BE4
:106EA00084F83520036500F0A1FEC9E70422806C58
:106EB0005A61E36C43F00203E364034B84F835202A
:106EC000036500F093FEB9E7096E000836490246F3
:106ED00003688B4233D01831591AB1FA81F149094C
:106EE00069BB3248834239D0183083423ED01830D3
:106EF000834239D0183083423BD0183083423ED091
:106F0000183083422FD000F55670834235D028497F
:106F10008B4231D018318B4234D018318B4234D06F
:106F200018318B4234D018318B4234D018318B4217
:106F300034D018318B4234D023F0FF0011E0DBB2A3
:106F40001C491D48103BA1FB031310B41B091B4C2B
:106F5000E15C5DF8044BC2E9160170471021164848
:106F6000D1659065704716211548F9E7162112483A
:106F7000F6E706211248F3E706211248F0E7102150
:106F80000F48EDE710210F48EAE716210D48E7E723
:106F900000210D48E4E706210B48E1E710210A48EB
:106FA000DEE716210848DBE71000024040000240FF
:106FB00028040240ABAAAAAA00000240A851010876
:106FC0000400024000040240040402400268284B0E
:106FD000284930B4284D294CAA4218BF9A420CBF08
:106FE000012300238A4208BF43F001032831A24253
:106FF00008BF43F0010328348A4208BF43F001036D
:107000002831A24208BF43F001038A4208BF43F07F
:107010000103D1B213B91A4B9A4211D1A1F108035D
:10702000184C194A0121A4FB0343184C1D0902EB1B
:107030001313A9409B008166C0E9183430BC704727
:10704000A1F110031249134C1144A4FB0343A829D6
:107050004FEA131308D903F01F040F4A01211A4401
:10706000A1400E4C9300E6E708331C46F5E700BF4D
:1070700008540258305402581C54025844540258C0
:1070800094540258CDCCCCCC0096001680580258AF
:10709000F0FBFDBFABAAAAAA008200108008024044
:1070A0002DE9F04F054683B0FFF7BEFC002D00F040
:1070B000AB812C680646AE4BAE4A944218BF9C4248
:1070C00002F118020CBF01230023944208BF43F0D1
:1070D00001031832944208BF43F00103183294426E
:1070E00008BF43F001031832944208BF43F0010384
:1070F0001832944208BF43F001031832944208BF8B
:1071000043F0010302F55672944208BF43F00103B5
:107110001832944208BF43F001031832944208BF6A
:1071200043F001031832944208BF43F001031832C0
:10713000944208BF43F001031832944208BF43F061
:1071400001031832944208BF43F001031BB98A4B74
:107150009C4240F096810223002285F8353085F864
:107160003420236823F00103236006E0FFF75CFC72
:10717000801B052800F243812C682368DF07F5D4C3
:10718000D5E9023029690343AA6920680B4369697C
:107190000B43E96913430B4378490140286A0343D1
:1071A00077480B43696A042900F03E8100686FF359
:1071B0000F00B0F1005F80F0F5802360636923F079
:1071C00007030B4363612846FFF780FEEA6D3F2308
:1071D0006C4902F01F026C4F611A6C4E93406C4A6E
:1071E000B1FA81F1E71B8360A4EB020A694B4909FC
:1071F000604ABAFA8AFAA4EB03095D4B4FEA5A1ABD
:10720000B7FA87F7944218BF9C4202F11802B9FA04
:1072100089F9A4EB06060CBF012300234FEA591994
:10722000B6FA86F6944208BF43F0010318327F098C
:10723000944208BF43F0010318327609944208BF14
:1072400043F001031832944208BF43F0010318329F
:10725000944208BF43F001031832944208BF43F040
:10726000010302F55672944208BF43F0010318323D
:10727000944208BF43F001031832944208BF43F020
:1072800001031832944208BF43F0010318329442BC
:1072900008BF43F001031832944208BF43F00103D2
:1072A0001832944208BF43F001031832944208BFD9
:1072B00043F00103384A4AEA0303A4EB02083C32D4
:1072C0000B43B8FA88F8A4EB020B143249EA030323
:1072D0004FEA5818BBFA8BFBA21A48EA03034FEA9D
:1072E0005B1BB2FA82F23B435209334301925BEAE1
:1072F000030301D1002A33D028460091FFF766FE30
:10730000AB68A86E802B0099D5E9184200F0838005
:10731000D5F804C05FFA8CF30CF1FF3CBCF1070F09
:10732000236050607BD84AEA010A581E49EA0A09DC
:1073300048EA090847EA08073E435BEA060603D124
:10734000019A002A00F01981144A15491A44920042
:10735000012383400020C5E91B216B6710604B604F
:1073600000200123686585F8353003B0BDE8F08F53
:107370001000024028000240B80402403F8010FE86
:107380000010005C1C540258585402586C540258A7
:107390000854025830540258445402583F9600167C
:1073A0004059025868682E2832D93F38132806D829
:1073B000784E26FA00F0C00701D543F4801323600D
:1073C0000429636923F0070343EA01037FF4FAAE5B
:1073D000E86AA96A0B4300283FF4F4AE002A35D1CD
:1073E000012949D031F002027FF4ECAEC2017FF5F1
:1073F000E9AE402201236A6585F8353004E0202299
:1074000003236A6585F83530012003B0BDE8F08FAD
:107410002828D4D9D1E700236B6023605060002373
:10742000C5E91B336B679BE70668D5E90B076FF36C
:107430000F060743B6F1005F43EA0703B2D22360A9
:10744000636923F0070343F00403C2E7B2F5005F6A
:1074500004D00229CDD90329C8D0B3E603293FF6C9
:10746000B1AE01A252F821F0F3730008ED730008E9
:10747000F373000879740008B0F1C07F7FF4A2AE06
:10748000B7E7454A4549464BA4EB020A611A454F06
:10749000A4EB0309BAFA8AFA1433B1FA81F14FEA7C
:1074A0005A1AB9FA89F9A4EB030849094FEA59199C
:1074B000E71BB8FA88F84AEA01033B4E78324FEAF4
:1074C000581849EA0303B7FA87F7A61BA4EB020B87
:1074D00048EA03037F09B6FA86F61432BBFA8BFB3F
:1074E0003B437609A21A4FEA5B1B3343B2FA82F29E
:1074F0005BEA03034FEA5212019201D1002A43D002
:107500000023DFF8B8E085F83430022385F8353001
:10751000AB682268402B02EA0E0E33D0A3F1800341
:10752000B3FA83F35B0998030091D5E9033243EA88
:10753000020C6A69AB694CEA020C1C4A4CEA030C67
:10754000EB6922444CEA030C2B6A4EEA131343EA1C
:10755000DC031843164BA3FB0223206028461B09BB
:107560009B00EB65FFF7B2FCEB6D0246009903F060
:107570001F00012383405360BEE60E4A0E491A44A1
:107580009200E5E61020CFE7402203236A6585F8E4
:10759000353039E70F030F00085402581C540258C5
:1075A00030540258585402586C540258F8ABFDA796
:1075B000CDCCCCCC3F820010400902400F00FEFF32
:1075C000002800F03B822DE9F04390F83440012C74
:1075D00000F0F781012480F8344090F83540012C08
:1075E00008D000224FF4006380F834204365012066
:1075F000BDE8F0830224674EDFF8A4E180F835404F
:107600000024654D44650468DFF8A881744518BFFF
:10761000B442624FD0F858C00CBF01260026444542
:1076200014BFB14646F00109BC4218BFAC420CBFC2
:107630000125002540F0C080276827F0010727605A
:10764000D0F86CE0D0E919767E60BEF1000F07D06B
:10765000D0E91C767E601DB9B9F1000F00F01F81E2
:10766000C76D07F01F083F2707FA08F7CCF8087026
:10767000276827F48027276063608368402B00F029
:10768000A381A160E260002D40F08581444B026C33
:107690009C4200F0C08118339C4200F0DA81B9F1BD
:1076A000000F40F0A9813F4B9C4200F0E5813E4B2A
:1076B0009C4200F0068218339C4200F00E8203F5D3
:1076C00056739C4200F0278218339C4200F02E82B1
:1076D00018339C4200F03E8218339C4200F04582F1
:1076E00018339C4200F0558218339C4200F05382BC
:1076F00018339C4200F05A8218339C4200F0618299
:10770000236823F00E0343F00A0323601AB12368B1
:1077100043F004032360254B254A944218BF9C4242
:1077200002F114020CBF01230023944208BF43F06E
:1077300001031432944208BF43F00103143294420F
:1077400008BF43F001031432944208BF43F0010321
:107750001432944208BF43F001031432944208BF2C
:1077600043F001037BB1036ED0F86CE01A68D203DA
:1077700000F12281BEF1000F05D0DEF8003043F4A5
:107780008073CEF800302368002043F001032360AB
:10779000BDE8F08370000240100002402800024063
:1077A0004000024088000240A000024008540258F5
:1077B0001C54025858000240744500F0368144457C
:1077C00000F03E81B9F1000F40F00181B04FBC42A2
:1077D00000F049811837BC4200F06A811837BC427A
:1077E00000F0878107F55677BC4200F08B8118378F
:1077F000BC4200F0A6811837BC4200F0AD811837BA
:10780000BC4200F0B4811837BC4200F0B98118378F
:10781000BC4200F0C2811837BC4200F0C981183761
:10782000BC4200F0D0819B4FDFF874E2744518BF72
:10783000BC420EF1280E0CBF01270027744508BF7B
:1078400047F001070EF1140E744508BF47F0010719
:107850000EF1140E744508BF47F001070EF1140E27
:10786000744508BF47F00107D4F800E02EF0010E80
:10787000C4F800E0DFF830E2744508BF47F00107C4
:1078800017B9854FBC424AD1D0F86CE0D0E91976DF
:107890007E60BEF1000F02D0D0E91C767E607C4F86
:1078A000DFF80882444518BFBC4208F118080CBF35
:1078B00001270027444508BF47F0010708F556781F
:1078C000444508BF47F0010708F11808444508BFC0
:1078D00047F0010708F11808444508BF47F00107C1
:1078E00008F11808444508BF47F0010708F11808D7
:1078F000444508BF47F0010708F11808444508BF90
:1079000047F0010708F11808444508BF47F0010790
:10791000002F7FF4A5AE614FBC423FF4A1AE604F93
:10792000DFF870E1744518BFBC420EF1140E0CBFB5
:1079300001270027744508BF47F001070EF1140E18
:10794000744508BF47F001070EF1140E744508BFD7
:1079500047F001070EF1140E744508BF47F0010708
:107960000EF1140E744508BF47F001071FB94A4FC6
:10797000BC4240F03481C76D07F01F0E012707FAA3
:107980000EF7CCF8047063608368402B00F024810C
:10799000A160E2607AE62368026C23F01E0343F0E4
:1079A000160323601AB1236843F008032360036EB3
:1079B0001A68D2037FF5DEAE1A6842F480721A604C
:1079C000D8E60220BDE8F083A260E1605BE6DFF864
:1079D000D4E0DEF8707027F00107CEF87070D0F8B0
:1079E0006CE0D0E919767E60BEF1000F3FF438AE4E
:1079F000D0E91C767E6033E62A490B6F23F01E0324
:107A000043F016030B67002A3FF4ADAE236843F042
:107A100008032360A7E623490B6C23F01E0343F001
:107A200016030B64002AF1D19DE6DFF878E0DEF85A
:107A3000407027F00107CEF8407001E60120704742
:107A4000DFF860E0DEF8587027F00107CEF85870D4
:107A5000C5E714498B6D23F01E0343F016038B65B5
:107A6000002AD3D17FE6DFF83CE0DEF8887027F00B
:107A70000107CEF8887007E70A49D1F8883023F06B
:107A80001E0343F01603C1F88830002ABED16AE60F
:107A9000880002401C54025894540258B804024012
:107AA000085402580000024080540258A0000240CE
:107AB000DFF830E1DEF8A07027F00107CEF8A07003
:107AC000E2E64849D1F8A03023F01E0343F0160344
:107AD000C1F8A030002A99D145E64249D1F8B83022
:107AE00023F01E0343F01603C1F8B830002A8DD1ED
:107AF00039E6DFF8F0E0DEF8B87027F00107CEF8DD
:107B0000B870C1E6DFF8E0E0DEF8107027F001079A
:107B1000CEF81070B8E634490B6923F01E0343F029
:107B200016030B61002A7FF471AF1CE62E498B6AA5
:107B300023F01E0343F016038B62002A7FF466AF26
:107B400011E6DFF8A4E0DEF8287027F00107CEF890
:107B5000287099E624495FE7DFF88CE0DEF8407092
:107B600027F00107CEF840708EE61F4972E7DFF874
:107B700078E0DEF8587027F00107CEF8587083E6F9
:107B8000DFF864E0DEF8707027F00107CEF870705F
:107B90007AE6154931E714496FE7DFF84CE0DEF883
:107BA000887027F00107CEF888706DE60E4989E7E6
:107BB000DFF834E0DEF8A07027F00107CEF8A070FF
:107BC00062E609498AE7DFF820E0DEF8B87027F0BE
:107BD0000107CEF8B87057E6A260E16056E5026C86
:107BE00061E500BF0000024000040240002860D0B0
:107BF00090F83530022B5AD10268594B594910B5CB
:107C0000594CA24218BF9A4204F130040CBF012320
:107C100000238A4208BF43F001033031A24208BF6B
:107C200043F0010330348A4208BF43F0010330318E
:107C3000A24208BF43F0010330348A4208BF43F038
:107C4000010301F55C71A24208BF43F0010304F592
:107C50005C748A4208BF43F001033031A24208BF7E
:107C600043F0010330348A4208BF43F0010330314E
:107C7000A24208BF43F0010330348A4208BF43F0F8
:107C800001033031A24208BF43F001038A4208BF1A
:107C900043F0010313B9354B9A420CD1042380F809
:107CA0003530136823F001031360002010BD8023DA
:107CB0004365012070472E4BDFF8C4C01168624550
:107CC00018BF9A422B4C21F00E010CF13C0C0CBF5A
:107CD000012300231160A24208BF43F00103116891
:107CE0002834624508BF43F0010321F00101A2429C
:107CF00008BF43F0010314341160A24208BF43F0EF
:107D000001031D498A4208BF43F0010313B91B4B0D
:107D10009A4219D10123D0F858C0D0E9171422682B
:107D200001F01F0122F480728B402260CCF80430F5
:107D3000C36ED0E91921516033B11A68D0E91C141F
:107D400022F480721A604C6000210122036D80F8D9
:107D5000341080F83520002BA7D09847A5E700BF46
:107D6000100002404000024028000240B8040240D7
:107D70001C540258305402588054025894540258EB
:107D800008540258F0B50022944B83B0856D074625
:107D90001E680192924B026892482C68824218BF7A
:107DA0009A4200F1180029680CBF01230023824287
:107DB00008BF43F001031830824208BF43F00103BB
:107DC0001830824208BF43F001031830824208BFD6
:107DD00043F001031830824208BF43F0010318301A
:107DE000824208BF43F0010300F55670824208BF8B
:107DF00043F001031830824208BF43F001031830FA
:107E0000824208BF43F001031830824208BF43F0AA
:107E100001031830824208BF43F001031830824248
:107E200008BF43F001031830824208BF43F001034A
:107E30001BB96D4B9A4240F02F81FB6D082103F076
:107E40001F03994021420BD01068400708D51068E5
:107E500020F004001060A960796D41F0010179659E
:107E600024FA03F1C80709D55169090606D501218D
:107E70009940A960796D41F002017965042199402A
:107E8000214207D01068800704D5A960796D41F0C0
:107E90000401796510219940214200F0B0801068FA
:107EA000000740F1AC80A960116811F4802F1168BF
:107EB00040F09E80C90503D4116821F008011160CB
:107EC000396C002900F09B8038468847FB6D2021E3
:107ED00003F01F039940214253D03A684048414C77
:107EE000A24218BF824204F118040CBF01200020F6
:107EF000A24208BF40F001001834A24208BF40F07F
:107F000001001834A24208BF40F001001834A24218
:107F100008BF40F001001834A24208BF40F0010041
:107F20001834A24208BF40F0010004F55674A24282
:107F300008BF40F001001834A24208BF40F0010021
:107F40001834A24208BF40F001001834A24208BF12
:107F500040F001001834A24208BF40F0010018347C
:107F6000A24208BF40F001001834A24208BF40F00E
:107F70000100002847D11C48824244D01068800785
:107F800044D47B6D002B70D07B6DDC071ED53A6826
:107F9000042187F8351015491368A1FB066123F009
:107FA0000103890A136002E01368D80704D5019B16
:107FB00001338B420193F7D9002387F834301368DB
:107FC000DB074CBF0323012387F83530FB6C002B04
:107FD0004BD0384603B0BDE8F04018479801002464
:107FE0001000024028000240B8040240B5814E1B38
:107FF00008037FF565AFB96C00297FF465AF2021D8
:1080000099400C42BDD01068C406BAD5A96097F853
:10801000351004290ED0136813F4802F136826D06E
:108020001D0331D5FB6B002BABD0384698477B6DD9
:10803000DBB1A9E7116821F016011160516921F047
:1080400080015161396C19B3116821F00801116088
:108050003F22002102FA03F30122AB603B6D87F857
:10806000341087F83520002BB3D103B0F0BD13F4E2
:108070008073D7D1116821F010011160012287F8B7
:10808000343087F83520CDE77B6C002BCDD178E7F5
:10809000B96C0029D8D1DBE7404B4148824218BF78
:1080A0009A4200F114000CBF01230023824208BF52
:1080B00043F001031430824208BF43F0010314303F
:1080C000824208BF43F001031430824208BF43F0EC
:1080D00001031430824208BF43F0010313B9314B4E
:1080E0009A42C2D1F86D0424136800F01F00844046
:1080F0000C420BD05E0709D519046C6032D5DA0347
:1081000036D4BB6C002B7FF464AFAEE7022484400E
:108110000C420BD09E0709D519046C602DD5DA03EB
:1081200037D47B6C002B7FF454AF9EE70824844047
:108130000C429AD01B0798D51368002123F00E0338
:1081400013600123FA6C03FA00F068607B6587F81E
:10815000341087F83530002A87D0384603B0BDE8A0
:10816000F04010479B0603D4136823F00403136008
:108170003B6C002B7FF42DAF77E713F0200308D181
:108180001168012021F00A01116087F8343087F866
:108190003500FB6B002B7FF41CAF66E708540258D8
:1081A0001C5402589454025870B485680468402DD9
:1081B000636003D0A160E26070BC7047A260E160C0
:1081C00070BC70472DE9F04F856883B00446802D60
:1081D00000F0CB8090F83450012D00F0518190F8E0
:1081E00035500126B5425FFA85F880F8346006D034
:1081F0004FF400634365012003B0BDE8F08F0568CC
:108200008C46A54E9646A54FDFF89CB2BD4218BFDE
:10821000B54206F13006A7F148070CBF4FF0010A3E
:108220004FF0000AB54208BF4AF0010A06F556763B
:10823000B54208BF4AF0010A1836B54208BF4AF0F5
:10824000010A1836B54208BF4AF0010A1836B5428D
:1082500008BF4AF0010A1836B54208BF4AF0010AC1
:10826000A6F58666BD4218BFB54206F58966A7F138
:1082700030070CBF4FF001094FF00009B54208BFAD
:108280004AF0010AA6F58F66BD4218BFB54206F155
:1082900060060CBF01270027B54208BF49F001095D
:1082A0005D4514BF56464AF001064FF0020A0BF135
:1082B000180B80F835A04FF0000AC0F854A05D45B7
:1082C00014BFB24646F0010AC66D06F01F0B866D5C
:1082D000019657EA090602D1BAF1000F49D0286881
:1082E0007246614640F4802028602B613F2301984C
:1082F00003FA0BF3836020460C9BFFF755FF002F1A
:1083000048D0D4E919325A60E36E13B1D4E91C3273
:108310005A602B6823F01E0343F016032B606B6931
:1083200043F080036B61236C002B00F0AB802B6863
:1083300043F008032B6017B9B9F1000F71D0236E19
:108340001A68D20303D51A6842F480721A60E36E89
:108350001BB11A6842F480721A602B68002043F047
:1083600001032B6003B0BDE8F08F4FF480734365C9
:1083700041E7D5F800E048F2200C08FA0BF84EEA85
:108380000C0CC5F800C02B61019BC3F804800C9B4A
:10839000FFF70AFF424A954214BF53464AF00103D1
:1083A0001432954208BF43F001031432954208BFCE
:1083B00043F001031432954208BF43F00103143225
:1083C000954208BF43F001031432954208BF43F0C1
:1083D00001031432954208BF43F001031432954261
:1083E00008BF43F0010313B9B9F1000F09D0D4E974
:1083F00019325A60E36E13B1D4E91C325A60002E70
:1084000087D1BAF1000F84D12B68226C23F00E03C0
:1084100043F00A032B60002A39D02B6843F0040391
:108420002B60204B1E4A954218BF9D4202F1280244
:108430000CBF01230023954208BF43F0010314320F
:10844000954208BF43F001031432954208BF43F040
:1084500001031432954208BF43F0010314329542E0
:1084600008BF43F001031432954208BF43F00103F3
:10847000002B7FF464AFBAF1000F7FF460AF6CE7BC
:108480000220B9E6A36C002B7FF451AF53E7A36C35
:10849000002BC2D1C5E700BF88000240A000024007
:1084A000085402581C540258A0040240006810B43A
:1084B00022B9C16000205DF8044B704701610020C3
:1084C0005DF8044B704700BF2DE9F04106462A4C89
:1084D0002769FEF7A9FA022E05461AD0274B07EAAC
:1084E00003084CF2503704E0FEF79EFA431BBB42F0
:1084F0001CD823695807F7D4B8F1000F25D1012EF5
:1085000017D01D4BD3F81021D20319D40020BDE899
:10851000F081D4F810714CF25036D4F810315B076A
:108520001DD5FEF781FA401BB042F6D90320BDE805
:10853000F0812369D903E9D54FF480336361E5E71E
:108540004FF48032C3F81421E0E70D4A936948EAFA
:1085500003039361C4F814800120BDE8F081074B48
:108560001F40CED0064A47F0004391690B43936108
:10857000C4F81471F0E700BF002000520000EE17AD
:108580009CD30224F8B52F4E337D012B51D001F13D
:10859000784301270C461546B3F5801F377539D34C
:1085A000A1F10163B3F5801F41D200230220B36122
:1085B000FFF78AFF58BB244A0227D2F80C3143F058
:1085C0000203C2F80C31BFF36F8FBFF34F8F2B68DC
:1085D00023606B686360AB68A360EB68E3602B6942
:1085E00023616B696361AB69A361EB69E361BFF30D
:1085F0006F8FBFF34F8F3846FFF766FF012F124A88
:1086000019D0D2F80C3123F00203C2F80C31002348
:108610003375F8BD00233846B361FFF755FF0028D6
:10862000F5D1094AD36843F00203D360CBE738465B
:10863000F8BD0220F8BDD36823F00203D360002305
:108640003375E6E79CD30224002000520F4BDA6812
:10865000D20706D50E490F4A59605A60DB68DB071E
:1086600011D40A4BD3F80C0110F001000AD00849CC
:10867000084AC3F80411C3F80421D3F80C0100F030
:108680000100704770470120704700BF0020005272
:1086900023016745AB89EFCD0A4BDA6842F001024E
:1086A000DA60DA68D2070BD5D3F80C2142F0010268
:1086B000C3F80C21D3F80C01C04300F0010070474F
:1086C00001207047002000522DE9F0410D46314C49
:1086D00006462769FEF7A8F9022D80461ED02E4BCC
:1086E000701C07EA030737D123695A07FCD457BB2C
:1086F000012D0BD0274BD3F81021D20303D54FF413
:108700008032C3F814210020BDE8F081214B1A69A2
:10871000D103F8D54FF480325A61F4E7771CD4F8CE
:10872000105126D1D4F810315907FBD41A4B1D40F3
:10873000E0D01A4A45F0004316499069034393611B
:10874000C1F8145105E0154A124993693B439361FE
:108750004F610120BDE8F08123695807C7D5FEF7B6
:1087600063F9A0EB0803B34201D8002EF4D1032033
:10877000CAE7B6FA86F77F09D4F810315B07D5D57A
:10878000FEF752F9A0EB08039E42F0D3002FF3D07E
:10879000EDE700BF002000520000EE179CD302243A
:1087A00001F00303032B22D0CA070BD51C4BDA6858
:1087B00022F03002DA60DA680243DA60DA6842F006
:1087C0008802DA608B0711D5154BD3F80C2122F003
:1087D0003002C3F80C21D3F80C211043C3F80C016C
:1087E000D3F80C2142F08802C3F80C2170470C4BDF
:1087F000DA6822F03002DA60D3F80C2122F030027D
:10880000C3F80C21DA680243DA60D3F80C21024382
:10881000C3F80C219A6942F010029A61704700BFB8
:10882000002000522DE9F0476D4F82B03B7D012BB7
:1088300000F0CB800023884601210546BB613975D5
:108840004368D8077DD49A0773D42A68012A00F0B8
:10885000C1804FF0FF33C8F80030A868D5F80CC0CD
:10886000814600EB0C0398423BD24FEA002A5D4C54
:108870005D4E6B682A6903F00201DB0738D5E368B7
:1088800023F4E663E360E36843EA0A03134343F037
:108890008403E36071B1D4F80C3123F4E663C4F8C7
:1088A0000C31D4F80C3143EA0A03134343F0840338
:1088B000C4F80C3101214CF25030FFF705FFE2689B
:1088C00003463240E2606A68920722D473BBD5E95E
:1088D000020C09F101090CEB00030AF5807A4B4503
:1088E000C7D80023002218463A7502B0BDE8F087C9
:1088F0000029EED0D4F80C3123F4E663C4F80C312F
:10890000D4F80C3143EA0A03134343F08403C4F858
:108910000C3102214CF25030FFF7D6FED4F80C2176
:1089200003463240C4F80C21002BD0D0C8F8009088
:10893000D8E702214CF25030FFF7C6FE60B10123A8
:10894000D0E74CF25030FFF7BFFE6B6803F0020334
:10895000002832D1002BECD12C68012C7FF479AFA8
:1089600069682869FFF71CFF11F001030DD021464B
:108970004CF25030FFF7A8FE1A49031ECA6818BF10
:10898000012322F00802CA60696801F0020100298F
:10899000A8D002214CF250300193FFF795FE114907
:1089A000019BD1F80C21002818BF43F0010322F0ED
:1089B0000802DBB2C1F80C2194E7002BBFD00221E2
:1089C0004CF25030FFF780FEB9E70223184602B0A0
:1089D000BDE8F08719462869FFF7E2FE81E700BF8E
:1089E0009CD3022400200052FBF8FFFF0B68002BF1
:1089F00000F0DA817B4A90424FF000022DE9F04FFF
:108A00004FF0010985B000F0EA804FF0B0480193C3
:108A10003CE0D0F808B0022FCB680BEA050B03FA54
:108A20000CFA4AEA0B0AC0F808A04FEA161AD0F866
:108A300004B00AFA02FA2BEA04044AEA0404446085
:108A4000C46804EA050444EA0E04C46040F0CF811F
:108A500007FA0CF702F007044FEAD20C0E69A400E3
:108A60000F2300EB8C0CA64003FA04F4DCF820E0A2
:108A70002EEA04042643CCF8206004682C402743E7
:108A800007600132019B33FA02F474D009FA02F450
:108A9000019B14EA030AF4D04E684FEA420C8D6839
:108AA000032326F0100705FA0CFE03FA0CF507F174
:108AB000FF3BED43BBF1010FABD9C468F30004EAFF
:108AC000050444EA0E04C46006F00304076804FACF
:108AD0000CF405EA070544EA05040460D1D5424DCB
:108AE00022F003070F23D5F8F44007F1B04744F014
:108AF000020407F58067C5F8F440D5F8F44002F0A9
:108B00000305AD0004F0020403FA05FC374B03949F
:108B1000039C9842BC6824EA0C045CD0344B984215
:108B20002CD0DFF8D0C0604500F03981DFF8C8C034
:108B3000604500F03A81DFF8C4C0604500F029814B
:108B4000DFF8BCC0604500F03681DFF8B8C0604592
:108B500000F03781DFF8B0C0604500F03881DFF801
:108B6000ACC060450CBF4FF0090C4FF00A0C0CFA7A
:108B700005F52C4307E005B0BDE8F08F4FF0020C7F
:108B80000CFA05F52C43BC606FEA0A05D8F8804062
:108B9000F70354BF2C404AEA0404B303C8F88040EA
:108BA000D8F8844054BF2C404AEA0404F702C8F8BD
:108BB0008440D8F8004054BF2C404AEA0404B6026E
:108BC000C8F80040D8F8044054BF2C404AEA0404D6
:108BD000C8F8044055E709FA05F52C43D3E74FF0F0
:108BE000B04756E000000258004402580004025802
:108BF00000080258000C02580010025800140258D5
:108C000000180258001C0258002002580024025884
:108C1000D0F808B0BCF1020F05EA0B0BCD6805FADD
:108C20000EF8019D48EA0B08C0F808804FEA1618B4
:108C3000D0F804B008FA02F82BEA040448EA040465
:108C40004460C46804EA05044AEA0404C46040F0CD
:108C5000C4800CFA0EFC02F007044FEAD20E0E6933
:108C6000A4000F2500EB8E0EA64005FA04F4DEF8F2
:108C70002080019D28EA04042643CEF82060046881
:108C80002C404CEA04040460013233FA02F43FF44D
:108C900072AF09FA02F413EA0408F5D04FEA420E63
:108CA0008D684E6805FA0EFA032526F0100C05FAB9
:108CB0000EF50CF1FF3BED43BBF1010F0195A7D978
:108CC000C4682C4044EA0A04C46006F00304D0F8E7
:108CD00000C004FA0EF40CEA05052C430460F4000D
:108CE000D2D5474D4FF00F0C16F4803FD5F8F44025
:108CF00044F00204C5F8F440D5F8F44022F003052E
:108D000004F0020405F1B045039405F58065039C69
:108D100002F003044FEA84040CFA04F4D5F808C006
:108D20002CEA0404AC606FEA0805D7F8804016D13D
:108D30002C4016F4003FC7F88040D7F8844017D184
:108D40002C4016F4801FC7F884403C6818D12C4092
:108D5000B6023C607C6819D42C407C6094E744EAFD
:108D6000080416F4003FC7F88040D7F88440E7D0E5
:108D700044EA080416F4801FC7F884403C68E6D033
:108D800044EA0804B6023C607C68E5D548EA04047D
:108D9000E3E74FF0050C0CFA05F52C43F3E603234B
:108DA00003FA05F52C43EEE670474FF0040C0CFA7D
:108DB00005F52C43E7E64FF0060C0CFA05F52C43BD
:108DC000E1E64FF0070C0CFA05F52C43DBE64FF01B
:108DD000080C0CFA05F52C43D5E606F00304019DBA
:108DE000066804FA0EF435402C4304604CE706F0A4
:108DF0000304066804FA0CF435402C43046040E692
:108E000000440258002900F00C818B4B98422DE958
:108E1000F04F00F09A8000234FF001084FF00F0A46
:108E20004FF0B04708FA03F212EA010E77D023F0B0
:108E3000030603F00304814D06F1B046A400A842E6
:108E40000AFA04F9D6F808C406F5806609EA0C0C9B
:108E500027D07B4DA8426ED07A4DA84270D07A4D73
:108E6000A84263D0DFF8E8B1584500F0D580DFF8BC
:108E7000E4B1584500F0D680DFF8DCB1584500F089
:108E8000C680DFF8D8B1584500F0D180DFF8D0B106
:108E900058450CBF4FF0090B4FF00A0B0BFA04F4C6
:108EA00001E008FA04F4A44517D1D7F8804024EA79
:108EB0000E04C7F88040D7F8844024EA0E04C7F8AF
:108EC00084403C6824EA0E043C607C6824EA0E047A
:108ED0007C60B46824EA0904B46003245E004FEAAD
:108EE000D30C04FA06F6046800EB8C0C34430460DF
:108EF00003F00704DCF820E0A4000AFA04F42EEAE8
:108F00000404CCF82040C46824EA0604C460446821
:108F100024EA02024260826822EA06028260013389
:108F200031FA03F27FF47EAFBDE8F08F4FF0040B0F
:108F30000BFA04F4B7E74FF0020B0BFA04F4B2E7B4
:108F40004FF0030B0BFA04F4ADE700224FF0010CD5
:108F50003E4C0F264FF0B0474FF0030E02F00303D4
:108F60000CFA02F522F003089B0011EA0509A0445F
:108F700006FA03F345D0D8F808A013EA0A0F1DD16A
:108F8000D7F880A02AEA090AC7F880A0D7F884A0F9
:108F90002AEA090AC7F884A0D7F800A02AEA090A31
:108FA000C7F800A0D7F804A02AEA0909C7F8049076
:108FB000D8F8089029EA0303C8F808304FEA4208B5
:108FC00003684FEAD2090EFA08F800EB890948EA6B
:108FD0000303036002F00703D9F820A09B0006FA00
:108FE00003F32AEA0303C9F82030C36823EA08031D
:108FF000C360436823EA05034360836823EA0803E8
:109000008360013231FA02F3A8D1BDE8F08F4FF04E
:10901000070B0BFA04F446E74FF0050B0BFA04F4C8
:1090200041E770474FF0060B0BFA04F43BE74FF0B3
:10903000080B0BFA04F436E700000258000402584B
:1090400000080258000C0258001002580004005892
:109050000014025800180258001C02580020025840
:109060000024025803691940081E18BF01207047E8
:1090700002B9090481617047436901EA030221EAE8
:10908000030141EA02418161704700BF2DE9F041CF
:109090000546481C30D12C68A36999072AD4A369D6
:1090A000DA06F9D5A3699B06FCD520231022E261DC
:1090B000E361A3699E0701D50023A362A369D807D2
:1090C00013D563682021234A1340002263606B6C30
:1090D00043F004036B6485F8411085F842200023B7
:1090E000012085F84030BDE8F081A36943F0010319
:1090F000A361E6E70020F6E70E4617462C68A36951
:109100009907F7D4A369DA0613D5A369B6FA86F8E6
:109110009B064FEA5818C8D4FDF786FCC01B864250
:109120000ED3B8F1000F0BD12C68A3699B06F3D5C1
:10913000BBE7FDF779FCC31BB34201D8002EDDD19C
:109140006B6C202100220B436B6485F8411085F87D
:109150004220C4E700E800FE70B504460D461646FE
:10916000236899698A0647D49969CA062ED5681C6E
:109170000AD09A6992060AD4FDF756FC801B8542F4
:109180002BD355B32368F4E79A699106FCD52022C6
:109190001021D961DA619A69900701D500229A629B
:1091A0009A69D10723D55A682021144802405A6091
:1091B0000022636C43F00403636484F8411084F874
:1091C00042200023012084F8403070BDFDF72CFCC4
:1091D000801BA84201D8002DC2D1636C202100223F
:1091E0000B43636484F8411084F84220E9E79A69EC
:1091F00042F001029A61D6E7002070BD00E800FE4F
:1092000070B504460D46164623689A69520753D432
:10921000986910F010002FD0681C0BD09A69920644
:109220000BD4FDF701FC801B85423BD3002D39D0C8
:109230002368F3E79A699106FCD520221021D961B1
:10924000DA619A69900701D500229A629A69D1077A
:1092500023D55A682021234802405A600022636CBB
:1092600043F00403636484F8411084F8422000232F
:10927000012084F8403070BD9A6992061ED4FDF733
:10928000D3FB801BA84201D8002DBDD1636C2022E6
:109290001343636484F84120E9E79A6942F00102CC
:1092A0009A61D6E7636C202100220B43636484F843
:1092B000411084F84220DAE7002070BD9A69510716
:1092C00002D5228D002AD6D12020064D0021D8615A
:1092D0005A682A405A60616484F8410084F8421058
:1092E000C5E700BF00E800FE00284ED010B590F89A
:1092F0004130044603F0FF02002B41D023682421B3
:10930000626884F84110196822F07062E06821F008
:109310000101012819601A619A68A16822F40042CB
:109320009A6029D041F404410228996002D14FF497
:1093300000625A6058684FF0200C154922690143B9
:109340005960D96821F40041D960D4E9050102438C
:1093500042EA0122D4E90710DA60002201431046F4
:109360001960196841F001011960626484F841C014
:10937000226384F8422010BD41F400419960D9E78E
:1093800080F84020F7F728FCB8E70120704700BFBD
:1093900000800002B0B10268242310B580F841308B
:1093A0000446136823F001031360F7F767FC0023FA
:1093B0006364184684F8413084F84030236384F8AD
:1093C000423010BD012070472DE9F843984690F8CF
:1093D0004130089E202B40F08F8090F840300446AA
:1093E000012B00F0898001230F46914680F8403020
:1093F000FDF71AFB054604E0FDF716FB401B192894
:109400007DD82368986910F40040F5D12122C7F374
:109410000907C4F8249084F841201022606384F87E
:1094200042206064A4F82A80628D92B2FF2A7BD821
:10943000628D494892B259682285D2B2014047EA0A
:1094400002420A43454911435960638D2A46314619
:1094500020469BB2002B3ED0FFF718FE002859D1C2
:10946000616A226811F8010B238D9062B4F82AC05A
:10947000013B61620CF1FF3C9BB21FFA8CFC23851F
:10948000A4F82AC0618D89B2002BDED10029DCD07E
:10949000701C42D093691B0609D4FDF7C5FA401B26
:1094A00086422CD35EB3226893691B06F5D5638D83
:1094B0009BB2FF2B42D95368204629490B402949CA
:1094C0003B431943FF23238551602A46638D314670
:1094D0009BB2002BC0D1FFF73FFED8B923682021F3
:1094E000214DD9615A682A405A6084F8411084F8A5
:1094F000400084F8420000E00220BDE8F883636C7D
:10950000202100220B4384F84020636484F841103A
:1095100084F842200120BDE8F88393691906C6D477
:1095200093691906C3D4F8E75A680B490A400F49F2
:109530003A431143FF222285596086E7638D08482C
:109540009BB2D9B22385536803403B4343EA0143AE
:1095500043F00073536078E7009800FC002000821D
:10956000009C00FC0000FF0100E800FE0020FF81DD
:109570002DE9F843984690F84130089E202B40F0A2
:10958000888090F840300446012B00F0828001234F
:109590000F46914680F84030FDF746FA054605E053
:1095A000FDF742FA401B192800F281802368986970
:1095B00010F40040F4D12222C7F30907C4F8249024
:1095C00084F841201022606384F842206064A4F88B
:1095D0002A80628D92B2FF2A77D8628D474892B274
:1095E00059682285D2B2014047EA02420A434449FF
:1095F00011435960638D2A46314620469BB2002BA9
:1096000036D0FFF7FDFD00285CD12268636A526AFC
:109610001A70B4F82AC0238D626A0CF1FF3C013B3A
:1096200001321FFA8CFC9BB26262A4F82AC0628DE0
:10963000238592B2002BDDD1002ADBD0701C2BD108
:10964000226893691906FCD5638D9BB2FF2B46D91E
:10965000536820462B490B402B493B431943FF23BA
:10966000238551602A46638D31469BB2002BC8D1B9
:10967000FFF772FD30BB23682021244DD9615A6861
:109680002A405A6084F8411084F8400084F842006F
:1096900000E00220BDE8F883226893691B06D3D45A
:1096A000FDF7C2F9401B864201D3002EF4D1636C52
:1096B000202100220B4384F84020636484F8411089
:1096C00084F842200120BDE8F8835A680B490A401B
:1096D0000F493A431143FF22228559608AE7638D7F
:1096E00008489BB2D9B22385536803403B4343EA01
:1096F000014343F0007353607CE700BF009800FC17
:1097000000240082009C00FC0000FF0100E800FE35
:109710000024FF812DE9F84F994690F84130BDF8BB
:109720002CB0202BDDF830A05DD10A9B0446002B25
:1097300053D0BBF1000F50D090F84030012B52D0E5
:1097400001230F46904680F84030FDF76DF906463C
:1097500005E0FDF769F9801B192800F2AC80236849
:109760009D6915F40045F4D10A9AC7F309077849B1
:10977000204662622122656384F84120402284F8F9
:1097800042206564A4F82AB05A680A405FFA89F159
:1097900042EA01426F493A43114332465960514609
:1097A000FFF774FC002840F08280B9F1010F2268B5
:1097B00040F0A9805FFA88F39362BAF1FF3F15D0B9
:1097C0009369190615D4FDF72FF9831B9A4565D3C4
:1097D000BAF1000F62D02268F2E74FF400736364BD
:1097E0000120BDE8F88F0220BDE8F88F93691806C4
:1097F000FCD5638D9BB2FF2B77D9536856490B403C
:1098000056493B431943FF232385516004E0638D90
:109810009BB2002B00F08680324651462046FFF76F
:1098200035FC0028DCD1606A216810F8012B238DFB
:109830008A62628D013B6062013A9BB292B22385DB
:109840006285628D92B2002BE1D1002ADFD0BAF19D
:10985000FF3F1CD08B691B060BD4FDF7E5F8801B7E
:10986000824528D3BAF1000F25D021688B691B06E9
:10987000F3D5638D9BB2FF2B29D94B68364A134031
:10988000364A3B431A43FF2323854A60BFE78B696F
:109890001A06EED48B691A06EBD4F8E7636C202124
:1098A00000220B43636484F8411084F842200023B3
:1098B00084F8403094E7636C202100220B4384F845
:1098C0004020636484F8411084F8422088E7638D67
:1098D00021489BB2DAB223854B6803403B4343EAFD
:1098E000024343F000734B6091E7638D1A489BB2CB
:1098F000D9B22385536803403B4343EA014343F015
:109900000073536088E74FEA18235146204693625C
:109910003246FFF7BBFB0028C9D15FFA88F3226803
:1099200093624AE7324651462046FFF715FC00286D
:109930007FF456AF23682021094DD9615A682A4027
:109940005A6084F8411084F8400084F8420048E7E7
:10995000009800FC00200081009C00FC0000FF013A
:1099600000E800FE2DE9F0471F4690F84130BDF8B1
:1099700024A0202BDDF828805AD1089B0446002B18
:1099800050D0BAF1000F4DD090F84030012B4FD09D
:1099900001230E46914680F84030FDF745F8054614
:1099A00005E0FDF741F8401B192800F28B80236881
:1099B000986910F40040F4D1089AC6F30906894961
:1099C00062622222606384F84120402284F84220AF
:1099D00060642046A4F82AA05A680A40F9B242EA14
:1099E00001428149324311432A4659604146FFF7FB
:1099F0004DFB00287BD1012F216840F0BF805FFA2A
:109A000089F38B62B8F1FF3F15D08B69580615D4E6
:109A1000FDF70AF8431B984560D3B8F1000F5DD0FD
:109A20002168F2E74FF4007363640120BDE8F0871A
:109A30000220BDE8F0878B695F06FCD5638D9BB281
:109A4000FF2B40F2AA804B68664A1340674A3343B3
:109A50001A43FF2323854A60B8FA88F77F09B8F1D3
:109A6000FF3F6DD08B69580709D4FCF7DDFF401B21
:109A7000804527D337BB21688B695807F5D5606AC5
:109A80004B6A0370638D606A013B01309BB2606278
:109A90006385238D628D013B92B29BB22385002AA0
:109AA0003AD0002B38D1B8F1FF3F24D02268936917
:109AB0001B0624D4FCF7B8FF431B984502D3B8F12A
:109AC000000FF3D1636C202100220B4384F8402067
:109AD000636484F8411084F84220A6E7636C202177
:109AE00000220B43636484F8411084F84220002371
:109AF00084F8403099E7226893691906FCD5638D94
:109B00009BB2FF2B0ED9536839490B403949334377
:109B10001943FF2323855160638D9BB2002B4AD0EC
:109B200021689CE7638D32499BB2D8B22385536884
:109B30000B40334343EA004343F000735360EBE7C9
:109B4000606A8B695A079BD48B695B07FCD54B6AAB
:109B50000370628D238D013A606A013B92B201303D
:109B60009BB26285628D606292B223850AB1002B3E
:109B7000C1D0638D9BB2F3B12168E2E74FEA1923AC
:109B80002A4620468B624146FFF780FA0028AED174
:109B90005FFA89F321688B6234E7638D11489BB2C9
:109BA000DAB223854B680340334343EA0243124A47
:109BB0001A434A6050E72A4641462046FFF7CCFA4E
:109BC00000287FF432AF236820210C4DD9615A68F8
:109BD0002A405A6084F8411084F8400084F842001A
:109BE00024E700BF009800FC002000800024FF81D3
:109BF000009C00FC0000FF010024008200E800FE41
:109C000090F84120202A22D15FFA82FC90F840206F
:109C10000346012A1BD00268242000B583F84100C6
:109C20004FF0000E106820F001001060106820F462
:109C3000805010601068014370461160116841F057
:109C40000101116083F841C083F840E000BD0220AB
:109C5000704700BF90F84120202A21D1034600B56B
:109C60005FFA82FE90F84020012A1BD0026824206F
:109C70004FF0000C83F84100106820F001001060E4
:109C8000106820F4706040EA01216046116011689C
:109C900041F00101116083F841E083F840C000BD4C
:109CA00002207047022000BDF0B58BB060B390F881
:109CB000BD330546046803F0FF02002B79D020462F
:109CC00003232E462F1D85F8BD33E36B6C4613F43A
:109CD000807308BF2B6103F0D5FA56F810EBB44639
:109CE000BCE80F000FC4BCE80F000FC49CE80300E1
:109CF00084E80300704697E80E0003F0C3F90446B9
:109D000030B1022385F8BD33012420460BB0F0BDED
:109D10000146286803F0BEFA686858B322464FF03F
:109D2000010E2146C2EBC20302F1010C05EB8303D5
:109D300083F83C20A3F842205FFA8CF283F83DE0E0
:109D4000824283F83F101965C3E91111EAD300225A
:109D5000C4EBC403611C05EB830383F8FC41CCB264
:109D600083F8FD21844283F8FF21C3F81022C3E960
:109D70008122EDD36C460FCE0FC40FCE0FC496E8F0
:109D8000030084E8030097E80E00286803F09AFABD
:109D900004460028B5D101226B6A85F83800934249
:109DA00085F8BD230BD0286803F0B8FE20460BB021
:109DB000F0BD80F8BC23F8F74FF9286880E7284603
:109DC00000F036FDEFE700BF10B590F8BC33044655
:109DD0000068012B17D00122A36A934284F8BC23A8
:109DE00009D003F08DFE206803F044FA00231846E2
:109DF00084F8BC3310BDA3699342F2D0836B43F463
:109E000080338363EDE7022010BD00BF2DE9F04FE2
:109E1000066887B00446304603F0BAFE10B107B0BA
:109E2000BDE8F08F0546206803F086FE0028F6D0D6
:109E3000206803F081FE8107236803D55A6902F088
:109E400002025A61184603F077FEC206236814D551
:109E50009A6922F010029A61376A07F4F01207F04B
:109E60000F08B2F5802F00F06E82B2F5402F00F09F
:109E7000CC819A6942F010029A61184603F05CFEA8
:109E800010F4002F206840F0DA8003F055FE10F443
:109E9000802F206876D103F04FFE00285EDB20681B
:109EA00003F04AFE07054ED4206803F045FE010189
:109EB00014D52268536903F00063536194F8F433B6
:109EC000002B40F08C810121204684F8F413536D5F
:109ED000C3F38303C4F8F83300F0C2FC206803F036
:109EE0002BFE03462068DA0400F12A8103F024FEE9
:109EF000034620689B0400F10C8103F01DFE070758
:109F000000F1FE80206803F017FEC60200F1EE802B
:109F1000206803F011FE850200F1DE80206803F066
:109F20000BFE400000F1CF80206803F005FE4107E2
:109F30007FF575AF23685D686A0700F125825A686E
:109F40002A435A606BE7D6F80838D80700F1188220
:109F50002068436903F400634361A6E7D6F8042848
:109F600022F00102C6F8042894F8F433012B00F023
:109F700045812046F8F728FC2068436903F0004338
:109F800043618DE703F0E4FD8046002800F0528134
:109F900006F5106BB24627462E464FF000092068A2
:109FA000254618F0010F09D14FEA580809F10109B7
:109FB0001C370BF1200B18F0010FF5D05FFA89F474
:109FC000214603F0D5FDC107034616D5012009F04F
:109FD0000F01DAF8342800FA01F122EA01022969B6
:109FE0008142CAF83428CBF8080000F0D28121461B
:109FF00028460293F8F7ACFB029B1A0702D5082209
:10A00000CBF80820D80602D51022CBF80820590634
:10A0100002D54022CBF808209A0702D50222CBF8BD
:10A0200008201B0600F10C8128685FEA580800F040
:10A03000038109F101091C370BF1200BB1E703F093
:10A040007FFD0746002800F0F38006F53069A24640
:10A050004FF0000B2068FB0708D47F080BF1010BC1
:10A0600009F120090AF11C0AFB07F6D55FFA8BF308
:10A070001946029303F074FD8046206818F0010F22
:10A0800040F0318118F0080F40F04C8118F0100FAB
:10A0900002D01023C9F8083018F0200F02D0202376
:10A0A000C9F8083018F4005F03D04FF40053C9F822
:10A0B00008307F083FF4E9AE0BF1010B09F12009EC
:10A0C0000AF11C0AC7E72046F8F78AFB20684369B3
:10A0D00003F08043436128E720460021F8F778FB2E
:10A0E0002068436903F40013436118E72046002108
:10A0F000F8F772FB2068436903F48013436108E7B3
:10A100002046F8F72FFB2068436903F008034361FA
:10A11000F9E603F041FD206803F01EFA2568E060CF
:10A1200001F026F9227B0146284603F029F8204653
:10A13000F8F71CFB2068436903F400534361DCE635
:10A14000D6F80438102106F5006723F001037B6080
:10A1500003F0F0F9606808B306F510634FF67F313D
:10A16000996001351A682033854222F4001243F8C1
:10A17000202C53F8202C42F0006243F8202CC3F826
:10A18000E811D3F8E02122F40012C3F8E021D3F85B
:10A19000E02142F00062C3F8E021E1D1FB69226BCB
:10A1A00043F00113FB61F2B97A6942F22B031343C6
:10A1B0007B613B6943F00B033B61D6F8003804F543
:10A1C0007172217C23F4FE632068C6F8003803F026
:10A1D000F3FC2068436903F48053436186E620461C
:10A1E000F8F7DAFA7AE6D7F8843043F00B03C7F8C9
:10A1F00084307B6C43F00B037B64DEE70021204658
:10A2000084F8F41300F02CFBB6E6C8EBC80808226B
:10A2100004F57171304603F0E9FBC7F30A1204EB51
:10A2200088012368D1F814020244C1F8142220E600
:10A2300020682AE620682EE62C46354656462AE651
:10A24000D7E9143228689A423FF6EFAEA3EB020C2E
:10A25000796C05908C4528BF8C4600F5106101EBA8
:10A2600049110CF1030CD1F818E01FFA8EFEBEEB79
:10A270009C0FC0F0C380CDF810908946CDE902A6AE
:10A280001E4682461AE07B6C224650469E4228BFFC
:10A290001E462B7C0093B3B2B96C03F091FB7A6D30
:10A2A000BB6CF01C324433443E6D7A65D9F818100B
:10A2B000BB6489B2B1EB900FC0F099809642A6EBD7
:10A2C0000206E0D8DDE902A6DDF810902868059BBB
:10A2D00009F00F0201219140D3F8342822EA01024B
:10A2E000C3F83428A1E601222169C9F8082000F545
:10A2F00030620129D0F840E002EB4B12936869D03C
:10A300005F498E4500F08280BBF1000F04D1D4F884
:10A310001022002A00F0AD8020460299F8F70EFACC
:10A320002068AFE608225749C9F8082000F53062D6
:10A33000006C02EB4B12884293683ED82046F8F737
:10A34000F7F92068A2E647F6F07217423FF491ADA4
:10A35000C8EBC808C7F30A12304604EB8808174652
:10A36000D8F8081203F042FBD8F808323B44C8F88A
:10A370000832D8F814323B44C8F81432236878E520
:10A380002046F8F709FAE3E52046F8F72DFA2368A6
:10A39000D5E5D7E911020244BA64B9F1000F7FF4A0
:10A3A00026AE2A6D002A7FF422AE05F57172286868
:10A3B000029303F001FC029B19E6180422D54FF426
:10A3C000004120469160F8F7B3F92169012929D0AD
:10A3D00020685BE6190720D52A498E457FF652AEE4
:10A3E0001B047FF54FAE4FF4004191604AE63346BF
:10A3F000DDF808A0DDF81090039E286893423FF630
:10A4000014AE64E72046F8F793F9DEE71904EAD4BE
:10A410009B0681D5202191607EE7990608D52021F1
:10A4200091602FE604F57172206803F0C5FBCFE759
:10A4300014498E4501D91B04D5D41269DAF80412E7
:10A44000C2F312028A1ACAF81422DAF808220A445D
:10A45000CAF80822BBF1000F7FF45EAFD4F81022D7
:10A46000002A7FF459AF04F57172012103F0A4FBB7
:10A4700052E704F57172594603F09EFB4CE700BFAA
:10A480000A31544F0A30544F90F8BC23012A0ED0A1
:10A49000012210B50446006884F8381084F8BC2303
:10A4A00003F01CFB0023184684F8BC3310BD0220C7
:10A4B000704700BF01F00F0C090610B50446CCEB45
:10A4C000CC004FEA800022D400F5FE714FF0000E60
:10A4D0002044214480F8FDE18A604A7881F800C078
:10A4E000CB700AB1A1F806C0022B01D100230B7179
:10A4F00094F8BC33012B13D00123206884F8BC33BB
:10A5000003F036F80023184684F8BC3310BD00F180
:10A510003C014FF0010E2044214480F83DE0DBE790
:10A52000022010BD01F00F020906C2EBC20310B5F4
:10A530004FEA8303044616D403F5FE710344014435
:10A54000002083F8FD010A7094F8BC33012B16D06B
:10A550000123206884F8BC3303F050F80023184628
:10A5600084F8BC3310BD03F13C01034401440120D5
:10A5700083F83D000A7094F8BC33012BE8D1022027
:10A5800010BD00BF10B501F00F040021C4EBC40CD6
:10A590004FEA8C0C00EB0C0E0CF5FE7C8EF8FD11D6
:10A5A0008EF8FC41CEF80822CEE98431036900EB35
:10A5B0000C010068012B08BFCEF80C22DAB21CB9DE
:10A5C00003F082F9002010BD03F076F8002010BDE2
:10A5D00001F00F01C1EBC10100EB8100D0F81402C2
:10A5E000704700BF38B501F00F0400250121C4EB0E
:10A5F000C40C4FEA8C0C00EB0C0E0CF13C0C8EF8EA
:10A600003D1000EB0C018EF83C40CEF84820CEE91E
:10A61000143503690068012B08BFCEF84C20DAB26C
:10A620001CB903F051F9002038BD03F045F80020B3
:10A6300038BD00BF38B5436801F00F059D4231D8E1
:10A640000B0604461BD4C1EBC101890001F5FE7263
:10A6500043188118002283F8FD2101230D708B70AF
:10A6600094F8BC239A421BD0206884F8BC3303F0D2
:10A67000D1F9CDB10023184684F8BC3338BDC5EB01
:10A68000C50301229B0003F13C010344014483F80C
:10A690003D2001230D708B7094F8BC239A42E3D1C6
:10A6A000022038BD012038BD04F57172217C20687C
:10A6B00003F082FADEE700BF01F00F0238B543680D
:10A6C0009A422ED8C2EBC203090604464FEA83031E
:10A6D00017D403F5FE71002503440144002083F8DC
:10A6E000FD010A708D7094F8BC33012B17D0012343
:10A6F000206884F8BC3303F0C5F9284684F8BC53BD
:10A7000038BD03F13C01002503440144012083F8D6
:10A710003D000A708D7094F8BC33012BE7D1022004
:10A7200038BD012038BD00BF00681204436A19B962
:10A73000134383620020704710B50139846A03EB2C
:10A74000144367D0D0F80441012903EB144361D0CE
:10A75000D0F80841022903EB14435BD0D0F80C4138
:10A76000032903EB144355D0D0F81041042903EB1F
:10A7700014434FD0D0F81441052903EB144349D0BA
:10A78000D0F81841062903EB144343D0D0F81C41FC
:10A79000072903EB14433DD0D0F82041082903EBEF
:10A7A000144337D0D0F82441092903EB144331D0A6
:10A7B000D0F828410A2903EB14432BD0D0F82C41C0
:10A7C0000B2903EB144325D0D0F830410C2903EBBF
:10A7D00014431FD0D0F834410D2903EB144319D092
:10A7E000D0F838410E2903EB144313D0D0F83C4184
:10A7F0000F2903EB14430DD04FF00F0C0CF1400E5A
:10A800000CF1010C00EB8E0E8C45DEF8044003EBDE
:10A810001443F3D31A4300EB81030020C3F804214F
:10A8200010BD00BF034600201B685962704700BF7F
:10A8300003464FF0000C09491A68604610B4012421
:10A8400083F8F4C3C3F8FC4393695DF8044B43F009
:10A8500000639361536D1943516570470300001005
:10A86000704700BF38B5104CE36813F0040FE3687D
:10A8700005D103F00703181A18BF012038BD23F0D3
:10A8800007030343E360FCF7CFF8054605E0FCF758
:10A89000CBF8401BB0F57A7F04D863689B04F6D5EB
:10A8A000002038BD012038BD00480258024AD36854
:10A8B00043F08073D360704700480258334B30B484
:10A8C000996A9C6ADD6A14F47C7F5A6BC4F30510A4
:10A8D00036D0C2F3CC0205F0010501F0030107EE0A
:10A8E000900A05FB02F20129B8EEE77A06EE902AFB
:10A8F000FAEEE96A02D0022942D019B3DFED247AD8
:10A9000087EE876A1B6BC3F3080307EE903AF7EEF6
:10A91000005AF8EEE77A77EEA67A77EEA57A67EE38
:10A92000867A1A4B1B6BC3F34623013307EE103AAA
:10A93000F8EEC76A87EEA67AFCEEC77A17EE900AA1
:10A9400030BC70471A6892061DD51968F7EE005A98
:10A95000104A1B6BC1F3C101C3F30803CA4007EEE1
:10A96000903A06EE102AF8EEE77AB8EEC66A77EE6D
:10A97000A66AC6EE077A36EEA57A67EE877AD0E742
:10A98000DFED057ABCE7DFED057AB9E70044025850
:10A990000024744A0090D00320BCBE4B0024744CA9
:10A9A000002800F0E681F8B503680446D9072ED5E3
:10A9B0009F490A69896A02F03802102A00F025814D
:10A9C000182A00F01D816368B3F5803F00F05F81B5
:10A9D000002B00F07781B3F5A02F954B1A6800F09B
:10A9E000668222F480321A601A6822F480221A6089
:10A9F000FCF71AF88E4E054605E0FCF715F8401BEB
:10AA0000642800F25D8133689F03F6D523689907B7
:10AA100021D5874A1369926A13F0380340F0A48065
:10AA2000834B1B685B0703D5E368002B00F0E680CF
:10AA3000FCF712F841F203032269984200F27B818D
:10AA4000402A00F03C827A494B6823F47C3343EA85
:10AA500002334B602368D90653D41D0716D56369AA
:10AA6000734D002B00F0AE806B6F43F001036B67FA
:10AA7000FBF7DAFF064605E0FBF7D6FF801B02284E
:10AA800000F21E816B6F9807F6D523689A0616D5DB
:10AA9000A369674D002B00F02B812B6843F4805392
:10AAA0002B60FBF7C1FF064605E0FBF7BDFF801BEF
:10AAB000022800F205812B689F04F6D52368590708
:10AAC00000F1AD80626AD2B1594D2B6903F03803B1
:10AAD000182B00F0BE812B68022A23F080732B60B4
:10AAE00000F05281FBF7A0FF044605E0FBF79CFF56
:10AAF000001B022800F2E4802B689B01F6D40020A2
:10AB0000F8BD4B4A1369926A03F03803082B6ED0E4
:10AB1000182B68D0E369464D002B00F0FA802B68B3
:10AB200043F080032B60FBF77FFF064605E0FBF751
:10AB30007BFF801B022800F2C3802B68DB05F6D563
:10AB4000FBF78AFF41F20303226A984200F2DE819A
:10AB50006B68202A23F0F8430CBF43F0804343EA9C
:10AB600082636B60236878E7182B00F0FE80304D1D
:10AB7000E2682B68002A00F0E78023F019031343F2
:10AB80002B60FBF751FF064605E0FBF74DFF801BEE
:10AB9000022800F295802B685F07F6D5FBF75CFF73
:10ABA00041F20303226998426B6800F2B78123F4F3
:10ABB0007C33402A0CBF43F4003343EA02336B601A
:10ABC000236848E76B6F23F001036B67FBF72CFFEB
:10ABD000064604E0FBF728FF801B022870D86B6F45
:10ABE0009907F7D451E702F00302012A92D1104BE2
:10ABF0001B68DA0551D5E369802B4ED00120F8BDE2
:10AC000001F0030102297FF4DEAE094A12689203C3
:10AC10007FF5FDAE6268002A7FF4F9AEEEE7054DE0
:10AC20002B6843F480732B60FBF7FEFE064608E0BA
:10AC30000044025800480258FBF7F6FE801B6428C7
:10AC40003ED82B68DA05F7D5A368012B00F06D819B
:10AC5000002B00F03D81052BA54B1A6F00F074818D
:10AC600022F001021A671A6F22F004021A67FBF73A
:10AC7000DBFE9F4E41F28837054604E0FBF7D4FE29
:10AC8000401BB8421CD8336F9B07F7D51AE7984A88
:10AC9000136843F480331360AAE6FBF7DDFE41F24C
:10ACA0000303226A984266D8202A00F04481904922
:10ACB0004B6823F0F84343EA82634B602368CCE699
:10ACC0000320F8BD8A4D2B6823F480332B602B685A
:10ACD00023F480232B60FBF7A7FE064604E0FBF776
:10ACE000A3FE801B6428EBD82B689803F7D48DE66D
:10ACF0002B6823F480532B60FBF796FE064604E096
:10AD0000FBF792FE801B0228DAD82B689804F7D450
:10AD1000D4E62B6823F080032B60FBF785FE064604
:10AD200004E0FBF781FE801B0228C9D82B68DF05F1
:10AD3000F7D4236891E66E494B6823F0FE4343EA5B
:10AD400002634B60236886E623F001032B60FBF768
:10AD50006BFE064604E0FBF767FE801B0228AFD8B7
:10AD60002B685807F7D4236875E692077FF4FFAE87
:10AD700056E6012070475E49CB6823F07C5343EAD6
:10AD80000263CB60236868E6FBF74EFE064604E0EC
:10AD9000FBF74AFE801B022892D82B689901F7D452
:10ADA000A96A544BA26A0B401343E26A43EA0213B6
:10ADB000AB62216BD4E90D320139013B013AC1F399
:10ADC00008015B0212049BB202F4FE021343E26B21
:10ADD000013A0B43120602F0FE4213432B63EB6A67
:10ADE00023F00103EB626B6BA26C6FF3CF0343EABA
:10ADF000C2036B63EB6A226C23F00C031343EB6218
:10AE0000EB6A626C23F002031343EB62EB6A43F4D8
:10AE10008033EB62EB6A43F40033EB62EB6A43F49A
:10AE20008023EB62EB6A43F00103EB622B6843F093
:10AE300080732B60FBF7F8FD2D4D044605E0FBF712
:10AE4000F3FD001B02283FF63BAF2B689A01F6D5B5
:10AE500055E6012AA96A2B6B3FF4D0AE01F003023C
:10AE6000A06A82427FF4CAAEC1F30511E26A914240
:10AE70007FF4C4AE226BC3F30801013A91427FF420
:10AE8000BDAE626BC3F34621013A91427FF4B6AE88
:10AE9000A26BC3F30641013A91427FF4AFAEE26B7D
:10AEA000C3F30663013A981A18BF0120F8BD42F4B3
:10AEB00080221A601A6842F480321A6098E50C4ABF
:10AEC000536823F47C3343F4003353602368C2E5B2
:10AED000074D41F288372B6F23F001032B672B6F4F
:10AEE00023F004032B67FBF79FFD06460AE000BF33
:10AEF000004402580CFCFFFFFBF796FD801BB84294
:10AF00003FF6DEAE2B6F9807F6D4DBE5EB6823F057
:10AF10007C5343EA0263EB6023689EE523F0FE4323
:10AF200043EA02636B60236895E50B4A136F43F0B5
:10AF3000010313679BE6084A536823F0F84343F084
:10AF400080435360236888E542F004021A671A6F51
:10AF500042F001021A678AE60044025870B5254E95
:10AF600088B00D461446D6F8E030F8B943F0010336
:10AF70004FF4807202A9C6F8E030D6F8E0300690AF
:10AF800003F001031C480093009B0223CDE9022338
:10AF900000220323CDE90423FDF728FD336923F0C4
:10AFA000FE732B432343336108B070BD43F00403A9
:10AFB0004FF400721148C6F8E030D6F8E03003F0E4
:10AFC000040301930223019902A9CDE9022300227F
:10AFD0000323CDE9042300230693FDF707FD33691E
:10AFE00023F07E4343EA050141EAC411316108B010
:10AFF00070BD00BF0044025800000258000802580B
:10B000003F4A136903F03803102B4FD0182B0AD096
:10B01000002B4DD1136899064CD513683948C3F3FA
:10B02000C103D8407047916A30B4946AD56A14F469
:10B030007C7F536BC4F3051036D0C3F3CC0305F00B
:10B04000010501F0030107EE900A05FB03F3012956
:10B05000F8EEE77A06EE903AFAEEE96A02D00229B3
:10B0600048D049B39FED287A87EE276A136BC3F364
:10B07000080307EE103AF7EE005AB8EEC77A37EE3B
:10B08000267A37EE257A27EE067A1D4B1B6BC3F323
:10B090004623013307EE903AF8EEE76AC7EE267AC8
:10B0A000FCEEE77A17EE900A30BC704717487047FD
:10B0B000174870471348704713689B061DD51068E2
:10B0C000F7EE005A136B0F49C0F3C102C3F3080334
:10B0D000D14007EE103A06EE101AB8EEC77AB8EE75
:10B0E000C66A77EE266A86EE277A76EEA57A27EE8E
:10B0F000277ACAE79FED077AB6E79FED077AB3E7AD
:10B10000004402580090D0030024744A40787D0126
:10B1100000093D0020BCBE4B0024744C002800F008
:10B120000E818D4A136803F00F038B422DE9F04125
:10B1300004460D460CD2136823F00F030B43136033
:10B14000136803F00F038B4202D00120BDE8F081A9
:10B15000236858070BD5814920698A6902F070027B
:10B16000904204D98A6922F0700202438A61190769
:10B170000BD57A496069CA6902F07002904204D91D
:10B18000CA6922F070020243CA61DA060BD573491C
:10B19000A069CA6902F4E062904204D9CA6922F443
:10B1A000E0620243CA619F060BD56C49E0690A6AF6
:10B1B00002F07002904204D90A6A22F0700202433F
:10B1C0000A629E0703F0010240F1AB80634EE06823
:10B1D000B16901F00F01884204D9B16921F00F0172
:10B1E0000143B161002A30D05C4AA168936923F41D
:10B1F00070630B43936161681368022900F0A180BA
:10B20000032900F09880012900F0A1805F079CD5F8
:10B21000524E41F28838336923F007030B43336100
:10B22000FBF702FC074605E0FBF7FEFBC01B4045B1
:10B2300000F28B803369626803F03803B3EBC20F0E
:10B24000F2D123689E0706D5E06844498A6902F076
:10B250000F02824269D840490A6802F00F02AA42EE
:10B260000AD90A6822F00F022A430A600A6802F02B
:10B270000F02AA427FF469AF58070BD537492069FE
:10B280008A6902F07002904204D28A6922F0700248
:10B2900002438A6119070BD530496069CA6902F017
:10B2A0007002904204D2CA6922F070020243CA615D
:10B2B000DA060BD52949A069CA6902F4E062904216
:10B2C00004D2CA6922F4E0620243CA619B060BD52C
:10B2D000224AE169136A03F07003994204D2136AA7
:10B2E00023F070030B431362FFF78AFE1B4A0346E9
:10B2F0001B4891699269C1F303211A4D02F00F02B4
:10B30000194C415C825C01F01F01184802F01F02D9
:10B31000CB4000682B60D3402360BDE8F041FBF7D1
:10B3200021BB002A7FF460AF95E78A6922F00F0203
:10B3300002438A618FE79A013FF56AAF05E7012072
:10B34000704798033FF564AFFFE60320FEE6DB0598
:10B350003FF55EAFF9E600BF0020005200440258FE
:10B36000985101089801002494010024A0010024B0
:10B37000184A38B5136903F03803102B24D0182B62
:10B3800009D01BBB13689B0622D51268124BC2F36F
:10B39000C102D34002E0FFF791FA03460D480F4C7B
:10B3A00082698069C2F303220D4D00F00F000D4940
:10B3B000A25C205C02F01F0200F01F00D34023FAC1
:10B3C00000F00B60286038BD074BE7E7074BE5E767
:10B3D000014BE3E7004402580090D0039851010864
:10B3E000940100249801002440787D0100093D006B
:10B3F0001C4A38B5136903F03803102B2BD0182BD7
:10B4000009D053BB13689B0629D51268164BC2F3AB
:10B41000C102D34002E0FFF751FA0346114A134933
:10B420009069134DC0F30320124C085C00F01F001C
:10B43000C340906900F00F002B60085C00F01F0013
:10B44000C3402360D269C2F30212885C00F01F007F
:10B4500023FA00F038BD084BE0E7084BDEE7024B6B
:10B46000DCE700BF004402580090D0039851010867
:10B47000980100249401002440787D0100093D00DA
:10B48000F8B5364C06460F46236823F080632360E8
:10B49000FBF7CAFA054604E0FBF7C6FA401B022890
:10B4A00056D823681A01F7D4A36A326823F47C3390
:10B4B00043EA0233A362D6E90232013B013A5B025E
:10B4C00012049BB202F4FE0213437268013AC2F303
:10B4D000080213433269013A120602F0FE42134396
:10B4E000A363E36A726923F0C0031343E362E36A70
:10B4F000B26923F020031343E362E36A23F01003ED
:10B50000E362E36BF2696FF3CF0343EAC203E363E1
:10B51000E36A43F01003E362E36ADFB1012F0CBF7B
:10B5200043F4801343F40013E3620C4C236843F0AC
:10B5300080632360FBF778FA054604E0FBF774FAB2
:10B54000401B022804D823681B01F7D50020F8BD52
:10B550000320F8BD43F40023E362E6E70044025809
:10B56000F8B5364C06460F46236823F08053236017
:10B57000FBF75AFA054604E0FBF756FA401B02288F
:10B5800056D823689A00F7D4A36A326823F07C73F4
:10B5900043EA0253A362D6E90232013B013A5B025D
:10B5A00012049BB202F4FE0213437268013AC2F322
:10B5B000080213433269013A120602F0FE421343B5
:10B5C0002364E36A726923F440631343E362E36A2A
:10B5D000B26923F400731343E362E36A23F48073D4
:10B5E000E362636CF2696FF3CF0343EAC2036364FF
:10B5F000E36A43F48073E362E36ADFB1012F0CBFB7
:10B6000043F4000343F08073E3620C4C236843F07F
:10B6100080532360FBF708FA054604E0FBF704FAC1
:10B62000401B022804D823689B00F7D50020F8BDF2
:10B630000320F8BD43F48003E362E6E700440258C8
:10B640002DE9F8430368044613F0006624D0426EE7
:10B65000B2F5001F00F0578500F20C86002A00F0BA
:10B660002985B2F5801F40F00986A34A926A02F04C
:10B670000302032A00F0028602210430FFF700FFD4
:10B680002368002840F02286626E9B480026016DE8
:10B6900021F440110A430265DD050AD5626D042AD2
:10B6A00006D8DFE812F07603E9049B047B037B03F2
:10B6B00001263546980522D5A26D802A00F0AD847A
:10B6C00000F2BF85002A00F0BC84402A40F0C0850B
:10B6D000894A926A02F00302032A00F0B985002128
:10B6E000201DFFF7CDFE23680546002D40F0A684FF
:10B6F0008149A06D0A6D22F4E07202430A65590582
:10B7000026D5D4F8A420B2F5800F00F0E58400F22D
:10B71000A585002A00F0D584B2F5001F40F0A6856B
:10B72000754A926A02F00302032A00F09F85002105
:10B73000201DFFF7A5FE23680546002D40F0C984B3
:10B740006D49D4F8A4008A6D22F4600202438A6530
:10B750001A0526D5D4F8A820B2F1007F00F09A840B
:10B7600000F26385002A00F04D84B2F1807F40F042
:10B770006485614A926A02F00302032A00F05D8543
:10B780000021201DFFF77CFE23680546002D40F0B8
:10B7900041845949D4F8A8008A6D22F0E06202433E
:10B7A0008A659F0118D5A26C202A00F0F48300F26C
:10B7B00068853AB1102A40F067854F49CA6A42F459
:10B7C0000032CA62002D40F043834B49A06CCA6C22
:10B7D00022F030020243CA64D80424D5E26DB2F5E7
:10B7E000005F00F0358400F21485002A00F08484A4
:10B7F000B2F5805F40F015853F4A926A02F003027D
:10B80000032A00F00E850021201DFFF739FE236872
:10B810000546002D40F02D843749E06D0A6D22F475
:10B82000E04202430A65990422D5226EB2F5003F38
:10B8300000F0578300F2B88482B1B2F5803F40F047
:10B84000BD842D4A926A02F00302032A00F0B684F6
:10B850000121201DFFF714FE23680546002D40F04E
:10B8600010832549206E0A6D22F4E02202430A6506
:10B870005A0424D5D4F8AC20B2F1005F00F09C83C8
:10B8800000F2848482B1B2F1805F40F089841A4A68
:10B89000926A02F00302032A00F082840121201D33
:10B8A000FFF7EEFD23680546002D40F0F0821249B7
:10B8B000D4F8AC008A6D22F0E04202438A651F048E
:10B8C0000DD5E26EB2F1805F00F0E681B2F1005F6B
:10B8D00000F0E384002A00F0E48101263546D80117
:10B8E00015D5626C032A00F2F884DFE812F00C0030
:10B8F000070043030C0000BF004402583549CA6AE0
:10B9000042F40032CA62002D00F098822E4659029D
:10B9100000F1FE81DF072FD5A26F282A2AD8DFE8A1
:10B9200012F0DB0129002900290029002900290043
:10B930002900CE0129002900290029002900290019
:10B9400029002304290029002900290029002900B1
:10B950002900DB01290029002900290029002900EC
:10B960002900DB01290029002900290029002900DC
:10B970002900DB010126354698071CD5626F052A90
:10B9800000F2A084DFE812F013000600CC031300DD
:10B99000130013000F4A926A02F00302032A00F018
:10B9A00091840121201DFFF76BFD23680546002DC2
:10B9B00000F054822E4659071FD5D4F89020052A4E
:10B9C00000F27C84DFE812F015000800BE031500C9
:10B9D0001500150000440258A54A926A02F00302BD
:10B9E000032A00F06B840121201DFFF749FD236825
:10B9F0000546002D00F03A822E469A0624D5D4F84A
:10BA00008C20B2F1005F00F04A8200F2DB8382B149
:10BA1000B2F1805F40F0E083954A926A02F003023F
:10BA2000032A00F0D9830021201DFFF729FD236898
:10BA30000546002D40F029828D49D4F88C004A6DCE
:10BA400022F0E04202434A655F0624D5D4F89820EC
:10BA5000B2F5006F00F0348200F2C18382B1B2F51A
:10BA6000806F40F0C683824A926A02F00302032A82
:10BA700000F0BF830021201DFFF702FD236805466B
:10BA8000002D40F000827A49D4F898008A6D22F4A3
:10BA9000E05202438A65180624D5D4F89C20B2F5FA
:10BAA000804F00F02F8200F2A78382B1B2F5005FD1
:10BAB00040F0AC836E4A926A02F00302032A00F05F
:10BAC000A5830021201DFFF7DBFC23680546002D20
:10BAD00040F0C2816649D4F89C008A6D22F460422D
:10BAE00002438A6519070BD5D4F88010B1F5805F41
:10BAF00000F062815E48426D22F440520A43426582
:10BB0000DA060BD5D4F89410B1F5807F00F0678188
:10BB10005748826D22F440720A4382651F0322D582
:10BB2000D4F8A010B1F5803F00F0FD81B1F5003FE1
:10BB30000ED0002940F0C0804D4A926A02F0030204
:10BB4000032A00F0B980201DFFF79AFC2368054600
:10BB5000002D40F09E814649D4F8A0008A6D22F461
:10BB6000403202438A6558030FD5D4F88420B2F5D9
:10BB7000001F00F0ED81B2F5401F00F0BD80B2F56E
:10BB8000801F00F0B48001263546D9031CD5E26C35
:10BB9000002A00F03781B2F5803F7AD1344A926AA8
:10BBA00002F00302032A74D00221201DFFF768FC73
:10BBB00005462368002D40F02D812D49E06CCA6CAC
:10BBC00022F480320243CA649A000FD5284A926A4E
:10BBD00002F00302032A00F0ED80022104F12400A8
:10BBE000FFF7BEFC0028236818BF01269F0341D43D
:10BBF000301E18BF0120DE0206D51D49256F0A6DD3
:10BC000022F000422A430A65DD0007D51849D4F81E
:10BC1000B4500A6922F480422A430A61990206D587
:10BC20001349A56E0A6D22F080722A430A655A00F4
:10BC300009D50F4A116921F4004111611169D4F845
:10BC4000B85029431161002B06DA0949256DCA6CE9
:10BC500022F040522A43CA641B0207D5044AD4F892
:10BC60008810536D23F440030B435365BDE8F883FC
:10BC700000440258E26FB2F5807F00F0CD8040F2C0
:10BC80000A8122F48071B1F5007F00F0CA800120A2
:10BC9000B1E70126354697E7AB49CA6A42F400325C
:10BCA000CA62002D40F0D680A749E06E0A6D22F0EE
:10BCB000405202430A6512E60126354653E7A24A7E
:10BCC000926A02F00302032A3FF454AE0121201DC0
:10BCD000FFF7D6FB23680546002D40F0D0809A4937
:10BCE000A06F4A6D22F0380202434A6544E6964945
:10BCF000CA6A42F40032CA62002D40F0A78092491D
:10BD0000D4F884004A6D22F4401202434A653CE7AD
:10BD10008E4F3B6843F480733B60FAF785FE8046A4
:10BD200006E0FAF781FEA0EB0800642800F2B0827A
:10BD30003B68DA05F5D5002D40F0AB82824AD4F895
:10BD4000B030116F594011F4407F0BD0116F106F5C
:10BD500021F4407140F480301067106F20F480307F
:10BD600010671167B3F5807F00F0BB8203F4407267
:10BD7000B2F5407F00F0C98273490A6922F47C520F
:10BD80000A61714AC3F30B03116F0B4313672368F6
:10BD9000C0E56D49CA6A42F40032CA623546002DD8
:10BDA00040F02D816849606D0A6D22F00702024360
:10BDB0000A657FE4012619E7634A926A02F00302EA
:10BDC000032A00F08682022104F12400FFF7C8FB59
:10BDD0000028D4F88010236818BF01268AE65A4A42
:10BDE000926A02F00302032A00F07582022104F134
:10BDF0002400FFF7B5FB0028D4F89410236818BF7F
:10BE0000012685E65049CA6A42F40032CA62002D12
:10BE10003FF4D3AE2E46D7E64B48C16A41F4003119
:10BE2000C162002D7FF433AF474D301E696D18BFDE
:10BE3000012021F440710A436A65DCE64249606CE6
:10BE4000CA6C22F003020243CA6460E52E469CE6F7
:10BE50002E46C1E42E4642E52E4643E63A49606F3F
:10BE60004A6D22F0070202434A65A4E53649D4F838
:10BE700090008A6D22F0070202438A65BDE52E46D6
:10BE80007AE52E46F4E42E4605E62E46DCE52E46FF
:10BE900015E52E4667E6002A7FF4F9AEC1E72A4A87
:10BEA000926A02F00302032A00F09681022104F153
:10BEB0002400FFF755FB05462368002DE5D1BBE5BF
:10BEC000214A926A02F00302032A00F092810221C1
:10BED00004F12400FFF744FB05462368002DD2D16E
:10BEE000D1E5194A926A02F00302032A00F0668142
:10BEF000012104F12400FFF733FB05462368002DE0
:10BF0000BFD1AEE4104A926A02F00302032A00F0A5
:10BF10007D81022104F12400FFF722FB05462368FE
:10BF2000002D99D1D6E5084A926A02F00302032A4D
:10BF30003FF4C2AE022104F12400FFF711FB0546D5
:10BF40002368002DA5D106E6004402580048025897
:10BF5000C14A926A02F00302032A3FF414AE01219F
:10BF600004F12400FFF7FCFA05462368002D7FF456
:10BF70006DAFC4E6B84A926A02F00302032A00F0E9
:10BF8000AC810221201DFFF77BFA05462368002DB6
:10BF90007FF4BCAC52E7B04A926A02F00302032A73
:10BFA00000F072810221201DFFF76AFA054623681E
:10BFB000002D7FF44DAF08E4A74A926A02F0030215
:10BFC000032A00F0ED80012104F12400FFF7C8FAF4
:10BFD00005462368002D7FF45AAF68E49E4A926AB2
:10BFE00002F00302032A3FF463AB002104F12400B2
:10BFF000FFF7B6FA05462368002D3FF4D3AE2E4670
:10C00000FFF758BB9449CA6A42F40032CA62002D55
:10C010003FF4BFAB2E46FFF7C4BB8F4A926A02F0D3
:10C020000302032A00F01481002104F12400FFF729
:10C0300097FA05462368002D3FF45AAB2E46FFF7CA
:10C040005EBB8549CA6A42F40032CA62FFF74DBB43
:10C05000814A926A02F00302032A00F0E280002182
:10C0600004F12400FFF77CFA05462368002D3FF415
:10C07000D3AB2E46FFF7D7BB774A926A02F0030292
:10C08000032A3FF415AB0021201DFFF7F9F92368BF
:10C09000054684E6704A926A02F00302032A00F021
:10C0A000CC80002104F12400FFF75AFA23680546EA
:10C0B000FFF76CBB6848C16A41F40031C162FFF709
:10C0C000E4BA6549CA6A42F40032CA62002D3FF4FC
:10C0D00037AB2E46FFF73CBB5F4A926A02F0030281
:10C0E000032A00F0C380002104F12400FFF738FA8E
:10C0F00023680546FFF721BB5749CA6A42F400325C
:10C10000CA62FFF786BB544A926A02F00302032A0E
:10C1100000F0B48002212430FFF722FAFFF7B0BA12
:10C120004D4A926A02F00302032A00F0CB800121FB
:10C1300004F12400FFF714FA05462368002D7FF46C
:10C1400039AC8BE6444A926A02F00302032A00F0FB
:10C15000B580012104F12400FFF702FA05462368A7
:10C16000002D7FF449AC81E63B4A926A02F003025B
:10C17000032A3FF4FFAB012104F12400FFF7F0F99B
:10C1800005462368002D7FF47AAEA8E522F08051A1
:10C19000B1F1804F3FF488ABB2F1405F3FF484AB24
:10C1A00001263546FFF78BBB22F48031B1F5802F95
:10C1B0003FF454ABB2F5403F3FF450AB0126354657
:10C1C000FFF756BB22F08051B1F1804F3FF431AC04
:10C1D000B2F1405F3FF42DAC0126354634E422F441
:10C1E0008061B1F5805F3FF44BACB2F5406F3FF436
:10C1F00047AC012635464EE422F40051B1F5004F1C
:10C200003FF465ACB2F5C04F3FF461AC0126354652
:10C2100068E4B2F5405F3FF4FCAAB2F5804F3FF40A
:10C22000F8AA01263546FFF7FEBAB2F1407F3FF487
:10C23000ADAAB2F1806F3FF4A9AA01263546FFF7F7
:10C24000B0BAC02A3FF451AAB2F5807F3FF44DAA9C
:10C2500001263546FFF753BA00440258B2F5C00F25
:10C260003FF46BAAB2F5000F3FF467AA01263546EA
:10C27000FFF76EBAB2F5401F3FF407AA0126FFF799
:10C280000BBA302A3FF49EAA01263546FFF7A4BA1E
:10C29000032523682E46FFF73DBB234A926A02F02E
:10C2A0000302032A3FF419AB0121201DFFF7E8F830
:10C2B00005462368002D7FF4CDADF5E40126354613
:10C2C000FFF79BBB01263546FFF775BB0326FFF73B
:10C2D000E3B901260EE401261AE401263546FFF7EC
:10C2E00016BBFAF7A1FBDFF84080074641F2883918
:10C2F00004E0FAF799FBC01B484510D8D8F8703015
:10C300009B07F6D5D4F8B03030E50748074A0169F5
:10C3100002EA131221F47C510A43026131E503263B
:10C3200023683546FFF7F6BA00440258CFFFFF00F6
:10C3300003682C495A6910B49C6944F008049C6154
:10C340009C6944F010049C611C6824F001041C608A
:10C350001C6921401961996821F44041996090F865
:10C360008110042901D0910630D490F8811003295E
:10C3700001D054061FD4910509D5D0F8841041F09E
:10C380000101C0F88410996941F400719961D205E6
:10C3900009D5D0F8842042F00802C0F884209A69B8
:10C3A00042F480729A6100235DF8044BA0F8623079
:10C3B000A0F86A307047D0F8841041F00401C0F84A
:10C3C0008410996941F040019961D4E7D0F8841054
:10C3D00041F08001C0F88410996941F02001996111
:10C3E000C3E700BF90FCFFFF002800F0A3800268B5
:10C3F0000021F8B5524B0446C5689A42816259D073
:10C40000A3F578439A4255D003F580639A4200F031
:10C4100089800F2D5ED8C66BEB087109013301FBD3
:10C420000333082B56D894F8813003F0FF01002B1A
:10C430006ED0002002236168A76B84F881301368F6
:10C4400023F001031360A369B3F1806F51D00B4354
:10C450003043666B3B433343666A33432669334359
:10C4600066693343266A3343E66C3343A668334335
:10C47000E669304328439060A06C0343A06D0343FA
:10C48000D36049BB936823F4C05343F400639360C3
:10C49000936823F4C06343F480639360136D23F0C7
:10C4A0000103136500230122C4F88430184684F880
:10C4B0008120F8BD224BE66B9A4203D0A3F5784366
:10C4C0009A42B0D105F108037109DB0801FB03337F
:10C4D000102BA8D90120F8BD136D23F001031365BB
:10C4E0004B02DFD5D368616D23F000430B43D3606B
:10C4F000D8E7B1F5800F1FD00029A8D1B7F1805F30
:10C50000A5D1D2F800C04CF4805CC2F800C09EE710
:10C51000204684F88010F5F7CBFB2268A06AE66B12
:10C52000E56887E7C66B05F108037109DB0801FBC5
:10C530000333CDE701207047002FE2D087E700BF2B
:10C54000003001402DE9F0471E4690F88030012B65
:10C5500000F08480012304460D46904680F8803028
:10C56000D0F800A0FAF760FA94F881300746012B62
:10C570005FFA83F96FD1002D00F0D780B8FA88F305
:10C580005B09B8F1000F00F0D08003226366A4F8C5
:10C59000683084F88120C4F88430A4F86280A4F85C
:10C5A0006A302168E565A4F860800D46C4E91C3353
:10C5B000A368B3F5C02F03D10B6843F400630B608D
:10C5C0004B686FF30F0343EA08034B600B6843F0BB
:10C5D00001030B606368B3F5800F03D10B6843F46C
:10C5E00000730B6016F10108E36818BF4FF00108F3
:10C5F0000F2B76D8072BB4F862309BB253D9DBB936
:10C600003BE0B4F86220E36D92B21846012A40F292
:10C61000A580E26B002A00F0A18053F8042B0A6287
:10C62000E365B4F86230023B9BB2A4F86230B4F820
:10C6300062300D469BB203B34D6915F00205E0D19F
:10C64000FAF7F2F9C01BB04203D3B8F1000F40F083
:10C65000B0802168EBE7002384F880304FF00209B6
:10C660004846BDE8F087FAF7DFF9C01B864203D8D9
:10C67000B8F1000F40F0968025686B691B07F2D572
:10C680002046FFF755FE0123002284F88130D4F8BC
:10C69000843084F88020B3EB020918BF4FF0010901
:10C6A0004846BDE8F087002BE7D04D6915F002053C
:10C6B0006ED0B4F86230E26D9BB2032B3BD9E36BD2
:10C6C000402B38D952F8043B0B62B4F86230E26573
:10C6D000043B9BB2A4F86230B4F862300D469BB2C2
:10C6E000E1E7B4F862309BB28BB9C6E7E26D52F86D
:10C6F000043B0B62B4F86230E265013B9BB2A4F8E4
:10C700006230B4F862300D469BB2002BB5D04D6953
:10C7100015F00205EAD1FAF787F9C01BB04202D33F
:10C72000B8F1000F45D12168EBE70023484684F8B3
:10C730008030BDE8F087B4F862309BB2012B19D984
:10C74000E36BBBB132F8023BAAF82030B4F8623098
:10C75000E265023B9BB2A4F86230BDE730F8023BD1
:10C76000AAF82030B4F86230E065013B9BB2A4F82F
:10C7700062305CE7137881F82030B4F862302168C9
:10C78000013B9BB2A4F86230E36D0133E365A3E79C
:10C79000FAF74AF9C01BB04202D3B8F1000F08D132
:10C7A000216899E7D4F8843043F02003C4F884303A
:10C7B00066E72046FFF7BCFDD4F88430012284F8F8
:10C7C000805043F48073C4F8843084F8812047E7B4
:10C7D000036A1B4A23F0010370B40362036A4468CE
:10C7E000856923F002032A400D682A438D682B4394
:10C7F000144DA8420ED005F58065A8420AD0124E0D
:10C8000005F58045A84218BFB04203D005F5806504
:10C81000A8420DD1CD6823F0080324F440742B43C3
:10C82000D1E9056523F0040346EA050C4CEA04044B
:10C830004968446082614163036270BC704700BF15
:10C840008CFFFEFF0000014000400140036A23F41A
:10C85000807370B40362036A4468C26923F400738E
:10C860000D6822F073022A438D6843EA0523144DB4
:10C87000A8420FD005F58065A8420BD0114E05F5F2
:10C880008045A84218BFB0420BD005F58065A8428C
:10C890000FD106E023F40063CD6843EA052323F4B7
:10C8A000806324F44054D1E9056546EA050C44EA66
:10C8B0000C1449684460C261C163036270BC704774
:10C8C0000000014000400140002800F09180F8B5D0
:10C8D00090F83D30044603F0FF02002B00F0838007
:10C8E0002268022343494448B2F1804FA2EB010180
:10C8F00084F83D30A2EB000E1368B1FA81F1A7690C
:10C90000BEFA8EFEE6684FEA511165684FEA5E1E78
:10C9100020D0F9B9DFF8F0C062454BD00CF5806C3F
:10C92000624547D00CF5806C624513D0BEF1000F14
:10C9300010D1324832498A4218BF82423ED001F5B6
:10C9400080618A423AD023F080033B431360D66271
:10C95000956213E0A06823F070030343206923F479
:10C960004073034323F080033B431360D662956218
:10C9700011B9BEF1000F2BD06369136301230020AE
:10C98000536184F8483084F83E3084F83F3084F8AE
:10C99000403084F8413084F8423084F8433084F8E1
:10C9A000443084F8453084F8463084F8473084F8C1
:10C9B0003D30F8BD23F07003A1680B43216923F4D7
:10C9C00040730B4323F080033B431360D6629562B0
:10C9D0000C490A4B9A4218BF8A42CDD003F58063B6
:10C9E0009A42C9D0CAE780F83C20F5F7B5FA77E754
:10C9F0000120704700000140000401400040014058
:10CA0000004401400048014000040040704700BF5E
:10CA1000704700BF704700BF704700BF03681A69C6
:10CA2000910710B5044602D5DA68920768D41A69EE
:10CA3000520702D5DA6850074FD41A69110702D598
:10CA4000DA68120737D41A69D00602D5DA68D10637
:10CA50001ED41A69D20702D5DA68D00769D41A69D8
:10CA6000110602D5DA6812066BD41A69D00502D510
:10CA7000DA6811066DD41A69520602D5DA685006D2
:10CA80006FD41A69910602D5DA68920649D410BDAE
:10CA90006FF010010822204619612277DB6913F438
:10CAA000407F6FD1FFF7B2FF2046FFF7B3FF0022B0
:10CAB00023682277CDE76FF0080104222046196130
:10CAC0002277DB699B075AD1FFF7A0FF2046FFF7CB
:10CAD000A1FF002223682277B5E76FF0040102224C
:10CAE0002046196122779B6913F4407F44D1FFF7F8
:10CAF0008DFF2046FFF78EFF0022236822779CE7F8
:10CB00006FF002010122196102779B69990730D108
:10CB1000FFF77CFF2046FFF77DFF00222368227786
:10CB200085E76FF0200220461A61BDE8104000F052
:10CB3000A3BA6FF0010220461A61F7F763F8236881
:10CB40008DE76FF0800220461A6100F097FA2368A3
:10CB50008BE76FF4807220461A6100F091FA236827
:10CB600089E76FF0400220461A61FFF755FF2368FE
:10CB700087E7FFF74DFFD0E7FFF74AFFBCE7FFF776
:10CB800047FFA6E7FFF744FF91E700BF036A1D4A8E
:10CB900023F0100370B40362036A4468856923F0CC
:10CBA00020032A400D6842EA05228D6843EA0513F6
:10CBB000154DA8420FD005F58065A8420BD0134E45
:10CBC00005F58045A84218BFB0420BD005F5806539
:10CBD000A8420FD106E023F08003CD6843EA051395
:10CBE00023F0400324F44064D1E9056546EA050CCE
:10CBF00044EA8C044968446082618163036270BCCA
:10CC0000704700BFFF8CFFFE000001400040014064
:10CC1000F8B590F83C30012B00F01981012304464F
:10CC20000D4680F83C30142A51D8DFE812F0950008
:10CC3000500050005000A900500050005000BE00AD
:10CC40005000500050001500500050005000D2001D
:10CC5000500050005000550003682E681A6A22F4F4
:10CC600080521A621A6A5868D96922F4005221F473
:10CC7000E64141EA0621AE6842EA0632754EB34209
:10CC80000ED006F58066B3420AD0734F06F5804693
:10CC9000B34218BFBB4203D006F58066B34204D14D
:10CCA00020F480406E6940EA861058606868D96157
:10CCB000296918641A62DA6942F40062DA61DA6991
:10CCC00022F48062DA61DA6942EA0122DA61002341
:10CCD000184684F83C30F8BD03682E681A6A22F4BE
:10CCE00080121A621A6A5868596D22F4001221F4EF
:10CCF000E04141EA0621AE6842EA0652554EB3428F
:10CD00000ED006F58066B3420AD0534F06F5804632
:10CD1000B34218BFBB4203D006F58066B34204D1CC
:10CD200020F400306E6940EA8620586068685965D2
:10CD30002969D8651A625A6D42F400625A655A6DC3
:10CD400022F480625A655A6D42EA01225A65002334
:10CD5000184684F83C30BEE70068FFF739FD2A69C1
:10CD6000836943F008038361836923F004038361CB
:10CD70008369134383610023184684F83C30AAE793
:10CD80000068FFF703FF2A69836943F40063836146
:10CD9000836923F480638361836943EA02238361A7
:10CDA0000023184684F83C3095E70068FFF74EFDF5
:10CDB0002A69C36943F00803C361C36923F004030C
:10CDC000C361C3691343C3610023184684F83C3030
:10CDD00081E703682E681A6A22F480321A621A6A9E
:10CDE0005868596D22F4003221F070013143AE6869
:10CDF00042EA0642174EB3420ED006F58066B342B1
:10CE00000AD0154F06F58046B34218BFBB4203D087
:10CE100006F58066B34204D120F480306E6940EAA2
:10CE20000620586068685965296998651A625A6DC4
:10CE300042F008025A655A6D22F004025A655A6D92
:10CE40000A435A650023184684F83C3043E7022021
:10CE5000F8BD00BF0000014000400140002949D159
:10CE600090F84430012B51D1022380F844300368FC
:10CE700001F01F012E4A0420B3F1804F18BF9342E6
:10CE800000FA01F12B480CBF0122002230B41C6AC9
:10CE9000294D24EA0104AB4208BF42F0010205F526
:10CEA00080651C621C6AAB4208BF42F0010221434C
:10CEB000834208BF42F0010200F578401962596CC4
:10CEC000834208BF42F0010241F40041596412B9A3
:10CED0001A4A934207D19968194A0A40062A06D08D
:10CEE000B2F5803F03D01A6842F001021A600020B8
:10CEF00030BC704704290BD0082911D090F8473076
:10CF0000012B03D1022380F84730B0E7012070479E
:10CF100090F84530012BF9D1022380F84530A6E77F
:10CF200090F84630012BF1D1022380F846309EE77D
:10CF300000000140000C00400004004000180040C8
:10CF40000700010090F83C30012B45D003680246F1
:10CF5000022030B4214D82F83D00AB4258689C68F5
:10CF600023D005F58065AB421FD01D4D20F0700029
:10CF7000AB4218BFB3F1804F05F580650CBF4FF091
:10CF8000010C4FF0000CAB4208BF4CF0010C0D68D7
:10CF90002843144D5860AB4214BF60464CF001006A
:10CFA00060B91148834209D00DE04D6820F470004B
:10CFB00028430D6820F0700028435860896824F0E9
:10CFC00080040C439C6000230121184682F83D1028
:10CFD00082F83C3030BC70470220704700000140AE
:10CFE00000040040000C00400018004090F83C3065
:10CFF000012B3DD00246486810B4D1E9024323F426
:10D00000407323430C6823F480630343086923F4CB
:10D01000006323434C6923F480530343886A23F459
:10D02000005323438C6923F480430343106823F4A3
:10D03000702343EA04430F4CA0420BD004F58064F4
:10D04000A04207D00021436482F83C1008465DF8F6
:10D05000044B70474C6A23F4700343EA0453D1E94C
:10D06000074123F08073234323F000730B43E9E768
:10D070000220704700000140704700BF704700BFAA
:10D08000704700BF84B0844600B50DF1080E8EE8ED
:10D090000E00079B012B37D0C268384B42F040028C
:10D0A000C26001E0013B64D0DCF81020002AF9DA0C
:10D0B000DCF81030314A43F00103CCF8103001E0C5
:10D0C000013A56D0DCF8103013F00103F8D11846BD
:10D0D0000B9B002B46D1DCF8383043F48033CCF87E
:10D0E0003830059B012B0BD1DCF8083043F00603E8
:10D0F000CCF80830DCF8083043F02003CCF80830D6
:10D100005DF804EB04B07047826BA3F142130E99F3
:10D1100022F4803201298263C26803EA0203C360F9
:10D12000C36823F44013C36003D1C36843F480137E
:10D13000C360124B01E0013B1DD0DCF81020002A37
:10D14000F9DADCF810300D4A43F00103CCF8103066
:10D1500001E0013A0FD0DCF8103013F00103F8D1F0
:10D160001846BEE7DCF8383023F48033CCF838308A
:10D17000B7E70320ACE70320B3E700BF400D03008F
:10D18000022A03460AD04FF41051DA68002022F434
:10D190007052DA60DA680A43DA607047234A24483A
:10D1A0000A4482422CD9234A23480A4482422AD97B
:10D1B000224A23480A44824228D9224A22480A4461
:10D1C000824226D3214A22480A44824224D9214A53
:10D1D00021480A44824222D3204A21480A448242FA
:10D1E000D1D3204A20480A4482421BD31F4A2048F8
:10D1F0000A4482422CBF4FF4C0514FF4E051C4E7BF
:10D200004FF47051C1E74FF46051BEE74FF45051F5
:10D21000BBE74FF44051B8E74FF43051B5E74FF456
:10D220002051B2E74FF40051AFE700BF405327FF52
:10D23000FF340C00401E1BFF3F420F0000DC0BFFC1
:10D240007F4F1200808CF9FE20D6130060B6E5FEF9
:10D250005FE3160000D3CEFE40771B00C05BB3FE39
:10D26000C091210000CA91FE20753800E05459FE9B
:10D27000E09C4100034600209A6842F001029A6057
:10D28000704700BF034600209A6822F001029A60AE
:10D29000704700BF08B5C368012923F0C043C360CD
:10D2A0000BD041B9C36843F08043C3603220F9F723
:10D2B000C1FB002008BD012008BDC36843F0005336
:10D2C000C360F3E784B084462DE9F04709AC139EB0
:10D2D00000F5006E84E80E000023C0F80431C0F8A9
:10D2E0000831C0F80C31C0F81031C0F81431C0F862
:10D2F0001831C0F81C31C0F82031C0F82431C0F812
:10D300002831C0F82C31C0F83031C0F83431C0F8C1
:10D310003831C0F83C31002E40F0DD80DEF80430BA
:10D3200043F00203CEF80430836B23F400138363CD
:10D33000036843F040030360036843F08003036025
:10D340000023CCF8003EDCF80038CCF800380E9B07
:10D35000012B00F0C580DCF8003843F00303CCF863
:10D3600000384FF48463704ACCF8103002E0013A80
:10D3700000F0C680DCF8103013F02003F7D1102243
:10D38000CCF81020684A02E0013A00F0B780DCF8DF
:10D390001000C006F8D4181E18BF01200022CEF8D5
:10D3A0001020CEF81420CEF81C20002956D0DCF82E
:10D3B00000494FF67F35002C4FF00004B8BF4FF006
:10D3C00000620129CCF80029CCF81049CCF80859A2
:10D3D00000F098800CF5126301224FF0904807E0AE
:10D3E00091421C601C6103F1200343F8185C0CD0CF
:10D3F0001F680132002FF3DA9142C3F800801C61EC
:10D4000003F1200343F8185CF2D1DCF8003B0CF583
:10D410003062002B5ADB0023CCF8003B4FF00008B1
:10D420004FF67F3A0CF532630127C2F81080C2F83C
:10D4300008A0D3F8009000244FF090454FF67F32BB
:10D44000A14507F1010738DB8F42C3F80080C3F81C
:10D45000108003F1200343F818ACEAD1DEF8103055
:10D46000002223F48073CEF810306FF08043CCF8A4
:10D470001820CCF814300C9B2BB9DCF8183043F092
:10D480001003CCF81830DCF81820284B13430F9AFF
:10D49000CCF818302AB1DCF8183043F00803CCF887
:10D4A0001830012E05D1DCF81820214B1343CCF89D
:10D4B0001830BDE8F04704B070478F421D601C6112
:10D4C00003F1200343F8182CB3D1C7E74FF00063F2
:10D4D000CCF8003BA2E7836B43F4001383632FE790
:10D4E0000B9B23B9DCF80038CCF8003839E7DCF8BE
:10D4F000003843F00103CCF8003832E701204DE753
:10D5000003233CE7DCF8002B0CF53063002A04DB36
:10D51000CCF8004B1C619D60A0E74FF00062CCF896
:10D52000002B1C619D6099E7400D030000383C8092
:10D53000040000408901074A41F02001016101E037
:10D54000013A05D0036913F02003F9D1184670475A
:10D5500003207047400D0300D0F808389A0705D41F
:10D5600013F0060F0CBF00200F20704702207047F9
:10D5700030B50A78012300F5006C02F00F0E00EBC5
:10D58000421003FA0EF391F801E0BEF1010F18D03A
:10D59000DCF81C2042EA0343CCF81C30D0F8003BF6
:10D5A0001B040CD48B68D0F8004BC3F30A03C97872
:10D5B000114A234343EA81431A43C0F8002B002059
:10D5C00030BDDCF81C402343CCF81C30D0F80039C7
:10D5D0001C04F4D48B68D0F80059C3F30A03CC7848
:10D5E00005492B4343EA844343EA82531943C0F875
:10D5F0000019002030BD00BF008000104A780B7871
:10D60000012A00EB431C2AD0DCF8002B002A19DB8E
:10D610004FF4803203F00F03D0F83C1802FA03F302
:10D62000234A21EA0301C0F83C18D0F81C1821EA6B
:10D630000303C0F81C380020DCF8003B1A40CCF88B
:10D64000002B7047DCF8002B42F00062CCF8002B76
:10D65000DCF8002B42F08042CCF8002BD8E7DCF855
:10D660000029002A0BDADCF8002942F00062CCF82D
:10D670000029DCF8002942F08042CCF8002903F0B0
:10D680000F020123D0F83C1893400A4A21EA030113
:10D69000C0F83C18D0F81C1821EA0303C0F81C3865
:10D6A0000020DCF800391A40CCF80029704700BF90
:10D6B0000078F3EF007833EC2DE9F0434E7891F8E1
:10D6C00000E0012E4B6900EB4E1CCC7858D0DCF802
:10D6D000105B0CF5306E6FF31205CCF8105BDCF8C4
:10D6E000105B6FF3DC45CCF8105B8D6893B32B4473
:10D6F000744E012A03F1FF33B3FBF5F306EAC34688
:10D700009BB205FB03F3DEF8105045EA0605C3F3B0
:10D710001203CEF81050DEF8105043EA0503CEF89D
:10D72000103027D0012C0CD1D0F8083813F4807FAA
:10D73000DCF8003B0CBF43F0005343F08053CCF8BF
:10D74000003BDCF8003B43F00443CCF8003B0020F6
:10D75000BDE8F083DEF81030C5F31205012A45EA72
:10D760000305CEF81050DEF8103043F40023CEF855
:10D770001030D7D1CB68002BD4D0CEF81430D1E7FD
:10D780000CF5106593B32F69012CD1F808906FF355
:10D79000120709EB03082F6108F1FF382F69B8FB66
:10D7A000F9F86FF3DC472F61464F07EAC847D5F811
:10D7B000108047EA08072F61C3F31207D5F81080DD
:10D7C00047EA08072F6148D0012A76D0DCF80039F3
:10D7D0000EF00F0E43F0044306FA0EF6CCF80039B3
:10D7E000D0F834381E43C0F83468B0E72E69012AF7
:10D7F0006FF3DC462E612E6946F400262E612E69F9
:10D800006FF312062E6139D0DCF80059012C45F077
:10D810000445CCF800599AD1D0F8084814F4807F18
:10D82000DCF800490CBF44F0005444F08054CCF8BC
:10D830000049002A8BD19BB203339A0887D0CB686A
:10D8400000EB0E3E03EB82010EF5805E53F8042BD5
:10D850008B42CEF80020F9D179E72C69012A24F017
:10D86000C0442C612C6944F000542C6114D0DCF8C5
:10D87000004944F00444CCF80049CDE70B6903B1FA
:10D880006B61012C0BD0DCF80039002043F004431D
:10D89000CCF80039BDE8F0830B6903B16B61D0F8B7
:10D8A000083813F4807FDCF800390CBF43F00053D4
:10D8B00043F08053CCF80039E5E70B69002BE2D048
:10D8C0006B61E0E70000F81F4B78F0B4012B0C7897
:10D8D0004D6900EB441C27D0DCF8100B0CF53063CD
:10D8E0006FF31200186118696FF3DC4018618868E3
:10D8F00005B148611C69C0F31200012A44F40024F8
:10D900001C611C6940EA0400186108D0DCF8003B87
:10D9100043F00443CCF8003B0020F0BC7047CA68D9
:10D92000002AF3D05A61F1E70CF5106365B31E6964
:10D930006FF312061E611E696FF3DC461E618E686E
:10D94000AE4201D235464E611E69012A46F40026D8
:10D950001E61C5F312061F6946EA07061E612AD03A
:10D96000DCF8003943F00443CCF80039002DD3D063
:10D9700004F00F040123D0F83428A3401343F0BC73
:10D98000C0F83438002070471869012A6FF3DC4072
:10D990001861186940F40020186118696FF31200CB
:10D9A000186108D0DCF80039002043F00443F0BCD3
:10D9B000CCF8003970470A69002AF3D05A61F1E7C0
:10D9C00010B49DF8044064B903339B0809D00132B8
:10D9D00001EB830300EB023051F8042B8B42026011
:10D9E000FAD100205DF8044B704700BF033210B538
:10D9F00094080DD000F5805C01EB840E0B46DCF83A
:10DA0000002043F8042B7345F9D101EB840010BDCD
:10DA1000084610BD0B784A7800EB4310003B18BF56
:10DA20000123012A0CD0D0F8002B002A00DBA3B977
:10DA3000D0F8003B43F40013C0F8003B00207047CF
:10DA4000D0F80029002A00DB73B9D0F8003943F47C
:10DA50000013C0F8003900207047D0F8003B23F0D5
:10DA60008043C0F8003BE3E7D0F8003923F080435F
:10DA7000C0F80039D0F8003943F40013C0F8003979
:10DA8000E9E700BFCB784A7891F800C0023B012A51
:10DA900000EB4C10DBB211D0D0F8002B012B22F49C
:10DAA0000012C0F8002B01D900207047D0F8003BCD
:10DAB00043F08053C0F8003B00207047D0F80029A5
:10DAC000012B22F40012C0F80029EDD8D0F800395B
:10DAD00043F08053C0F80039002070470346090125
:10DAE0000020D3F8002801F4FE6122F4FE62C3F89E
:10DAF0000028D3F800281143C3F80018704700BF6E
:10DB000008B503460320D3F8042822F00202C3F824
:10DB10000428F8F78FFF002008BD00BF08B50346B2
:10DB20000320D3F8042842F00202C3F80428F8F7CF
:10DB300081FF002008BD00BF426980691040704726
:10DB4000D0F81838D0F81C081840000C704700BFF7
:10DB5000D0F81838D0F81C08184080B2704700BFC1
:10DB600000EB4111D1F8082BD0F814081040704791
:10DB7000D0F81028D0F8343800EB411001F00F0134
:10DB8000D0F80809CB40DB01DBB2134318407047E3
:10DB9000406900F00100704703460020D3F80029D7
:10DBA00019466FF30A02C3F80029D3F8043843F486
:10DBB0008073C1F80438704730B4056C00F53063E9
:10DBC000104CA54203D9D0F8004B002C16DB0024E2
:10DBD00001291C611C6944F400241C611C6944F087
:10DBE00018041C611C6944F0C0441C6106D15A61D0
:10DBF000D0F8003B43F08023C0F8003B002030BC4D
:10DC0000704700BF0A30544F2DE9F04F83B0002811
:10DC100071D00F4600296ED0594E0446356975B152
:10DC20002B4601E01B6953B19C42FBD1D4F804B0F0
:10DC3000BB456AD32568284603B0BDE8F08F33683A
:10DC4000002B69D00023D6F808A0C4E90033236173
:10DC50004C4BC4F808A063617369E360002B59D092
:10DC60001C61F368B8464FF0000B74610133F36038
:10DC70001AEB08093FD2D6E9005399451CD9B9F5EA
:10DC8000003F4946284638BF4FF40031019105F066
:10DC90002DFA054600282ED0B36901990133B361EE
:10DCA0003369C6E900013BB15A684AB39A682A440D
:10DCB0001A601B69002BF7D1A3689B44BAEB0B0ACF
:10DCC00050D1236963B1D3E90112424408469A60F6
:10DCD00011B1002D44D0A81818601B69002BF2D197
:10DCE000A368676005B11D4428462560C6F8089002
:10DCF00003B0BDE8F08F0025284603B0BDE8F08FE3
:10DD00001A601B69002BCFD1D6E7D6F808A0A7EB85
:10DD10000B08ADE73461A4E77368B3F5003F91D217
:10DD20004FF4003005F024F900288BD0B36930603F
:10DD30000133B3614FF400337360002D82D06B6800
:10DD40004BB1AB6803442B602D69002D3FF47AAFD3
:10DD50006B68002BF5D12B602D69002DEFD171E799
:10DD60002846B9E73B4405EB0B015246E81805F09D
:10DD700097FAF3690133F361336A53443362A0E7DE
:10DD8000B8D302244641424E002800F091802DE98C
:10DD9000F0414B4D04462B691BB96BE01B69002B0E
:10DDA00068D09C42FAD16668002E3FD0A368AF6865
:10DDB000F118B7EB01086BD1D4F810C0BCF1000F1B
:10DDC00077D0D5F800E06346BEF1000F57D0D3E915
:10DDD0000112921B0EEB02009A60002940D01860DD
:10DDE0001B69002BF3D1BF1BE368AF60002B5CD035
:10DDF000C3F810C0D4F810C0BCF1000F1FD0CCF88D
:10DE00000C30EB68FBB9C4E90033C4E90233C4E960
:10DE10000433286805F0B4F8002300200021AB602B
:10DE2000C5E90033C5E90401BDE8F081D4E9033C4C
:10DE3000002BDDD1C5F810C0BCF1000FDFD16B6144
:10DE4000EB68002BDFD00022013B2260EB606261B7
:10DE5000C4E90122C4E90322002BDAD0BDE8F08135
:10DE600019601B69002BB2D1BF1BE368AF60002BA8
:10DE7000BED11AE00023C4E90033BDE8F0819A68FE
:10DE8000C3F800E0921B9A601B69002BF7D1AAE748
:10DE9000286842460144184405F002FAEB69013350
:10DEA000EB612B6A43442B6286E7C5F810C0A6E7F6
:10DEB0007047BE1BE368AE60002B99D12B61BEE7B3
:10DEC000B8D30224002845D038B5234D04462B6929
:10DED00013B906E01B6923B19C42FBD12046FFF732
:10DEE00053FF2B6893B10023A9686A692361C4E9D1
:10DEF00000331A4BC4E9021263612AB11461EB6862
:10DF00006C610133EB6038BD2C61F8E76B68B3F5E9
:10DF1000003FE8D24FF4003005F02AF80028E2D0A4
:10DF2000AB694FF40032286001336A60AB612B6942
:10DF3000002BD8D05A6842B19A6802441A601B6913
:10DF4000002BD0D05A68002AF6D11A601B69002B2A
:10DF5000F0D1C8E7704700BFB8D302244641424E13
:10DF600058B1B5EEC00AF1EE10FA06DD01F18003FA
:10DF7000FF2B02D880ED080A4162704758B190ED3E
:10DF8000080A436AB5EEC00AF1EE10FAD8BFB7EE40
:10DF9000000A00F05DBDB7EE000A034600F058BD70
:10DFA000F0B594469BB004460E461D460DF1300E6A
:10DFB000BCE80F00AEE80F00BCE80F00AEE80F00B1
:10DFC000BCE80F009DF84870AEE80F00012F9CE8F8
:10DFD00003008EE803002BD02B88012B1CD002A855
:10DFE00000F01AFD204602AA0CA900F0C7F9044669
:10DFF00060B1144B32462C6893E8030002A80094E9
:10E00000ADF80410694600F06DFD044602A800F06A
:10E0100011FD20461BB0F0BD6B88012BDFD13246CD
:10E020000CA9204600F0AAF9044620461BB0F0BD1A
:10E0300010469DED140A00F0B3FC179B9842C8BF30
:10E040001790C9E7283B0108F0B594469BB00446F9
:10E050000E461D460DF1300EBCE80F00AEE80F0075
:10E06000BCE80F00AEE80F00BCE80F009DF8487058
:10E07000AEE80F00012F9CE803008EE803002BD0D0
:10E080002B88012B1CD002A800F0C6FC204602AA57
:10E090000CA900F00DFA044660B1144B32462C680E
:10E0A00093E8030002A80094ADF80410694600F05C
:10E0B00019FD044602A800F0BDFC20461BB0F0BDCF
:10E0C0006B88012BDFD132460CA9204600F0F0F915
:10E0D000044620461BB0F0BD10469DED140A00F02A
:10E0E0005FFC179B9842C8BF1790C9E7283B0108FF
:10E0F00000F0EEBD30B5039C8446002818BF002C0C
:10E100000CBF012000201CD0002B18BF00290CBF21
:10E110004FF0010E4FF0000E12D04FF6FF75AA42DD
:10E1200011D0ACEB010111EB420C09D4A28062804A
:10E130009CFBF3F301339BB2181E238018BF012010
:10E1400030BD002030BD5A1E62449342B2FBF3F052
:10E1500004D8421E03FB02118C450ED37346714650
:10E16000B0F5803FEDD2002BEBD1C1F34F032080FF
:10E170000120C91A6380A18030BD044BA1EB0C01C2
:10E18000994294BF00230123EAE700BFFEFF01008C
:10E190002DE9F04F044699B00E9010461293226874
:10E1A000BDF89830BDF894B00C93DDF89C801192C6
:10E1B000DDE92A35002900F083807F2BABEB000AD4
:10E1C000C0F100044FF00006A8BF7F23013D079473
:10E1D0001A460BFB0BF317940993289B1591DB1739
:10E1E0000F93229BDB1710936FF07F039342B8BF0E
:10E1F000134616935B46D3469A46CDE91326159BE4
:10E200002C46179F2B440D930E9BB3F81AE01B8BE3
:10E210000EFB0EF206930892002B00F0AA80129BD0
:10E220009946FD1A079B03FB0EFC0023BAF1000F71
:10E230004AD1069A01339342FCD12298109EB0F144
:10E24000004F76F100036DDAB0F1004F76F1FF3642
:10E25000C0F29180DDE9231200F0AEFA289B0F9AFC
:10E26000C31842EBE070B3F1004F70F1000276DAB0
:10E27000B3F1004F299A04F1010470F1FF30B8BFE7
:10E280004FF000439342B8BF13460C9A1744139AB9
:10E290009342A8BF13466FF07F029342B8BF134664
:10E2A00023700D9BA342AFD1079A0C99149B0A448B
:10E2B0000D9D01338B440792159A14939A429ED177
:10E2C000012019B0BDE8F08FDDE9106222983A44D0
:10E2D000CDE90A47029264462F464946079ACDF88F
:10E2E00014C0CDE90339002A01DB96451DDC5144F9
:10E2F0000132A7EB0A0774445A45F4D1099ADDF8B4
:10E3000014C0AD1ADDE903399144089A01339444ED
:10E31000069A9A42DFD1B0F1004F76F10003DDE9B1
:10E320000A4791DB6FF0004094E7029B8C46514412
:10E33000019403EB040907EB0C039E4507D999F9F7
:10E3400000309CF90040A3EB0803C3FB04060CF16A
:10E35000010C09F101096145EDD1019CC8E7169B4B
:10E3600004F8013F0C9B1F440D9B9C427FF44CAF73
:10E370009AE722986EE74FF000406BE7904218BF93
:10E3800000282DE9F04F8FB000F08A801646002A51
:10E3900000F0868003680446002B00F08180037F34
:10E3A000022B7DD18B680D46002B79D00B69002B99
:10E3B00076D04B69002B73D04F8B002F70D0D1EDEE
:10E3C000076AF7EE005A90ED087AB0EEE65A9FED34
:10E3D000376AF0EEC77A37EE667AC7FE857AC7FEEF
:10E3E000A57AB0EEC77A67EE867AB4EEE77AF1EEF8
:10E3F00010FA55D84A6A436A9A4251D10CAB00933D
:10E400008B884A88408B0988FFF774FE002847D024
:10E41000BDF830A0304695ED080A3946AB6A524641
:10E4200000F016FB064600283AD028880AFB0AFBB3
:10E43000B4F8189000FB00F16B8B01FB09F9002B7D
:10E4400030D04FF00008BDF8323047460B93B9008A
:10E45000D5E9023243440AB152F8272003B30996A2
:10E4600001370390C844286B5E440890E86A07901F
:10E47000A86A0690686A0590A88804906869405860
:10E480000290286941582046CDE900210B9A514657
:10E49000FFF77EFE6A8BBBB29A4203D92888D6E783
:10E4A0004FF0000A50460FB0BDE8F08FBD378635FB
:10E4B0002DE9F04F904218BF00289DB0079000F062
:10E4C00058811446002A00F0548103680246002B4C
:10E4D00000F04F81037F022B40F04B818B68084690
:10E4E000002B00F046810B69002B00F042814B6944
:10E4F000002B00F03E818B8E002B00F03A81D1ED95
:10E50000076AF7EE005A92ED087AB0EEE65A9FEDF0
:10E51000A96AF0EEC77A37EE667AC7FE857AC7FE3B
:10E52000A57AB0EEC77A67EE867AB4EEE77AF1EEB6
:10E5300010FA00F21E81496A526A914240F0198134
:10E54000079A128B03FB02F9438B0BB91FFA89F36D
:10E55000B9F5803F80F00D814B4540F00A811AAB40
:10E56000064600938388428801880798408BFFF70E
:10E57000C1FD002800F0FD80BDF86850204696EDF2
:10E58000080A4946B36A2A4600F062FA002800F0F9
:10E59000F0803288314605FB05FA02FB02F8B9F13A
:10E5A000000F00F0E7800023CB46464281461F461D
:10E5B000119344460B46998EBAB2B2FBF1F20F9218
:10E5C000D3E902120991002A00F0F18052F82720C5
:10E5D0000E92002D00F0C280BA000B961395109297
:10E5E000BDF86A2005920E9AD217129200220D925F
:10E5F0001A464B469046CDE914BACDE91646CDE908
:10E600001897139AC1460893D3180C93079B089A3E
:10E610005D8B1B68B9F800B004930F9BB9F80480B8
:10E6200003FB05F60B9BD9F824A01344BBF1000FA4
:10E6300000F0B8800D9A03FB08F3CDF82890D94676
:10E6400008FB02F8059ADDF844E0A8EB0204ABEB06
:10E6500002070E982644B844DDF848C01F4405FB65
:10E6600006F6069304E001342E44CE44A04522D0A1
:10E67000002CF8DBA542F6DD0499CDF80C9001EBF7
:10E68000060BDDE905239B1A099A72449D4207D9BE
:10E690001BF9031092F90090A1EB0A01C1FB090CD0
:10E6A000013301329F42F1D10134DDF80C902E4448
:10E6B000A045CE44DCD1B0F1004FDDF828907CF1CC
:10E6C00000036CDAB0F1004F5CF1000C6CDBD9F8A0
:10E6D00014301099D9F830605A58D9F81030D9E967
:10E6E0000A45595800F068F8E317041943EBE07342
:10E6F000B4F1004F73F1000240DAB4F1004F0C9A0C
:10E7000073F1FF336FF07F03B8BF4FF00044AC42AA
:10E71000B8BF2C467F2EA8BF7F26A642A8BF26469C
:10E720009E42B8BF1E46089B03F8016B93420893B4
:10E730007FF46CAF13460D9A0B98C84601321399BB
:10E74000401A91420D920B907FF45BAF0D46434609
:10E75000DDE914BADDE91646DDE91897119A0137AB
:10E76000D144A6EB0A062244BB4511927FF423AFA5
:10E7700000E0002528461DB0BDE8F08F7F2E6FF029
:10E780007F030C9AA8BF7F269E42B8BF1E46089BF7
:10E7900003F8016B9A4208937FF438AFCAE76FF031
:10E7A000004094E70E9892E74FF000408FE70E92FA
:10E7B0000FE700BFBD3786351E2A4FEAE07C10DD2B
:10E7C000BCF1000F5FDB6FF0004381FB0301002908
:10E7D00078DB10F1804041F10001C00F40EA4100B8
:10E7E000704722EAE27300B5A3F1200E0CFA03FC95
:10E7F00000FA0EFE4CEA0E0CC3F1200E00FA03F3F1
:10E8000020FA0EFEB3F1004F4CEA0E0C7CF1000032
:10E8100065DAB3F1004F7CF1FF304EDBB3F1004F0E
:10E8200002D1B1F1004F5FD0C81701FB0CFC03FB14
:10E8300000CCA1FB03311CEB010163D44FF08040FD
:10E840004FF0000C1B1841EB0C01002904DA6FF0AB
:10E8500000401B1841F10001D80F002A40EA410096
:10E8600010DA12F11F0F26DB01464FEAD07C52422C
:10E87000012393401041013B19400CEB5303994293
:10E8800088BF013000BDB1F1004F38D04FF00043D8
:10E8900081FB0313002B3BDA2348081863F10003C4
:10E8A000002B04DA6FF00042801843F10003C00F20
:10E8B00040EA43007047C01700BD4FF000434FF0DF
:10E8C000FF3CABE7184A801861F10001002902DA29
:10E8D000C01841F10001C00F40EA410070476FF0DD
:10E8E00000434FF0000C9FE7002A19DA12F11F0FC6
:10E8F0000CDB6FF000414FF0000C0846B7E76FF0FB
:10E900000040704708484FF0FF3C9BE7002000BDE7
:10E9100011F1804143F10002CB0F43EA42007047FE
:10E920006FF0004000BD00BF010000C0000000000B
:10E93000F5EEC00A82B00190F1EE10FA1FDDB7EEDD
:10E94000C05A07EE900AB7EEE06AB8EEE77B85EEB4
:10E95000064B9FED0F3BB6EE444B37EE047BB4EE17
:10E96000C37BF1EE10FA0CDC9FED0B6BB4EEC67BB3
:10E97000F1EE10FA08D4FDEEC77B17EE900A02B054
:10E9800070477F2002B070476FF07F00F7E700BF4D
:10E990000000000000C05F4000000000000060C0F8
:10E9A000B5EEC00A82B00190F1EE10FA1FDDB7EEAD
:10E9B000C00A07EE900A9FED124BB8EEE77B84EE9B
:10E9C000006B9FED115BB6EE466B37EE067BB4EE47
:10E9D000C57BF1EE10FA0CDC9FED0D6BB4EEC67B3F
:10E9E000F1EE10FA08D4FDEEC77B17EE900A02B0E4
:10E9F00070477F2002B070476FF07F00F7E700BFDD
:10EA000000000000000000000000000000C05F40A7
:10EA100000000000000060C058B110B50446FFF7C8
:10EA200051FA00234FF07E52A36122622377636282
:10EA300010BD704758B110B50446FFF7A5F9002383
:10EA40004FF07E52A36122622377636210BD70474C
:10EA5000002918BF00282ED0B2FA82FCF8B54FEA80
:10EA60005C1C15462DED028BEAB1B5EEC00AB0EE86
:10EA7000408AF1EE10FA16DD1E468033FF2B16D8C1
:10EA80000F4602FB02F1044607FB01F1FFF7BCF859
:10EA900030B102232783658384ED088A2377666279
:10EAA000BDEC028BF8BDBDEC028B0020F8BDBDECC7
:10EAB000028B6046F8BD0020704700BF28B1037F7D
:10EAC000012B03D0022B06D000207047038B408B14
:10EAD00003FB00F07047438B008B03FB00F003FB4C
:10EAE00000F07047904218BF00282DE9F04F2DED3F
:10EAF000028B8BB00FD015466AB10368834653B1C1
:10EB0000037F022B07D10A888A4622B1498811B1B6
:10EB1000438B9A4207D90023009300980BB0BDECB9
:10EB2000028BBDE8F08F9B1A068B93FBF1F3013348
:10EB30009AB20092002EEED0002AECD090ED088A16
:10EB4000B5EEC08AF1EE10FAE5DD476A07F1800301
:10EB5000FF2BE0D802FB02F4284604FB06F1FFF786
:10EB600053F80028D7D0009A2E836A8302226F625E
:10EB70002A77BBF81A2085ED088A02FB02F6BBF85B
:10EB80001820002AC9D000212746054634460846E9
:10EB9000DBF800300026039503443546029603F166
:10EBA000FF3ECDE90674CDE90801039A4FF0000855
:10EBB00002EB0509CDE90456BAF802209AF80410D0
:10EBC00002980129BAF8007012FB00F018FB02F25B
:10EBD00080B292B24ED0002F79D0BBF81AC0791E05
:10EBE0000026DBF824400CFB00F01944019301449B
:10EBF0008518881831460EEB050212F9013F1B1BE0
:10EC000090421944F9D1013665446044B742F2D1CB
:10EC10000029019B07FB07F749DB01EB6701B1FB0B
:10EC2000F7F73C447F2C4DDC14F1800F4CDB64B2D1
:10EC300089F8004008F10108009909F101091FFA5B
:10EC400088F29142B8D80A46DDE9045601360D44EF
:10EC5000B1B28A420291A8D8BBF81820039DDDE921
:10EC60000801DDE90674013120443D448BB29A422B
:10EC70008ED852E7BBF81AC00CFB00F08518595724
:10EC800097B17C1E00261C44044414440EEB05027C
:10EC900012F9010F8142B8BF01469442F8D1013602
:10ECA00065446444B742F1D189F80010C2E7002FEF
:10ECB0003A46B8BF7A1CA1EB620191FBF7F73C44DE
:10ECC0007F2CB1DD7F24B3E76FF07F04B0E7FFDE78
:10ECD000002A18BF00292DE9F04F2DED028B85B0D9
:10ECE0000BD0054648B103683BB10B680C4623B115
:10ECF00090F81C800B7F434506D00027384605B0AE
:10ED0000BDEC028BBDE8F08FB0F81A90B1F81AA0F4
:10ED1000D145F2D190ED088AB7EE006A91ED087AFC
:10ED2000F0EEC87ADFED3F6AF0EEC75A38EE477A68
:10ED3000C7FEA57AC7FE867AB0EEC77A67EEA67AD6
:10ED4000B4EEE77AF1EE10FAD7D8466A496A8E42F5
:10ED5000D3D1218BB0F818B001910BEB0107BFB2F2
:10ED6000B9F1000F18BF002F0CBF01210021012BAA
:10ED700051D0B8F1020F2CD04FF0000BDA46002929
:10ED8000BBD1B5EEC08AF1EE10FAB6DD06F1800314
:10ED9000FF2BB2D809FB07F110460192FEF734FFB2
:10EDA00003460028A9D04FF00108019A82F81C8080
:10EDB00018462968A2F81A905662178382ED088ACD
:10EDC0005A4604F0CBFA52462168584404F0C6FA79
:10EDD00094E7002991D1B5EEC08AF1EE10FA8CDDEE
:10EDE00006F18003FF2B88D809FB09F3104603FBCB
:10EDF00007F1CDE90232FEF707FF034600283FF492
:10EE00007CAF029A0AFB0AFA02FB0BFB019A02FB97
:10EE10000AFA039ACAE7019B09FB0BFB03FB09FAF9
:10EE2000ADE700BF95BFD63310B500F087F80028D6
:10EE300003DB02F029FF00280BDA0F4802F084F907
:10EE400002F024FF0D4802F07FF9BDE8104000F009
:10EE50006FB8002203210A4802F0AAF903F002FF6A
:10EE6000044602F013FF002CECDA204602F016FFF5
:10EE7000BDE8104000F05CB8504001086C4001084B
:10EE80002C40010808B502F033FF02F03DF900F014
:10EE9000F3FE002820DB02F0F5FE002828DB02F05C
:10EEA0007DFE00281CDB01F011FF002824DB01F0AF
:10EEB00037FE002824DB164801F024FC002813DB71
:10EEC000002101F0A3FC00281EDB02F03BFE01F054
:10EED00057FE02F0DFFEFEE70E4802F035F9FAE7D2
:10EEE0000D4802F031F9F6E70C4802F02DF9EEE793
:10EEF0000B4802F029F9EEE70A4802F025F9E8E7A5
:10EF0000094802F021F9E4E7084802F01DF9DEE7BC
:10EF1000B051010884400108B4400108384101089B
:10EF20009C400108D0400108F44001081441010848
:10EF300008B501F025FE02F0ADFEFEE738B52D491B
:10EF40002D4802F0B9F8041E4BDB2C4B00252C4950
:10EF500003F148002B4A1D721860C3F8940003F1B6
:10EF600090005A609864C3F8DC0003F59070136059
:10EF7000C3F8D800C3F86C0103F5D870DB6483F8DC
:10EF8000505083F8985083F8E05083F8285183F864
:10EF9000705183F8B851C3F8F821C3F86801C3F879
:10EFA000FC0183F80052C1E9001103F1D801C3F854
:10EFB0009010C3F8241103F5B471C3F82011C3F8FD
:10EFC000B41103F5FC71C3F8B011516000F0AAF957
:10EFD000041E06DB0C4B2C461D6000F05FF920463A
:10EFE00038BD00F06FF900F0B5FA034802F07CF884
:10EFF000204638BD5C410108DC700424986E04246E
:10F00000906E0424886E0424D87004242DE9F04FF7
:10F010000B46054683B000219A480024019302F074
:10F0200007F86B69D3E90DB6D3F8149001F072FCC0
:10F030002B6B6863A342AC6300F30281A84658F8C7
:10F04000204F444526D0904FE368002B00F0B3805A
:10F05000237F43F01003237702F04AFE3A68002032
:10F06000538C0133538402F039FE04F110014B46F6
:10F070000122E068B04702F03BFE3A680020538C62
:10F08000013B538402F02AFEAB6B24680133A04598
:10F09000AB63D9D100217B4801F0F8FFAB6B002BAB
:10F0A00005DD4FF0FF320121E86B01F0EDF84FF084
:10F0B000000A74485146C5F834A001F0B9FF2C6A23
:10F0C000A04536D0704F714E237F00216D4843F02C
:10F0D0001003237701F0DAFF02F00AFE3A680020FD
:10F0E000538C0133538402F0F9FD01214B464FF05C
:10F0F000FF3204F11000D84702F0FAFD3A68002010
:10F10000538C013B538402F0E9FD00215D4801F07E
:10F110008FFF23689C4243D0626813605A60736813
:10F12000C4E900631C607460C4F808A02C6AA045A0
:10F13000CAD10021534801F0A9FF0021514801F034
:10F1400077FFE86BD5E90584D8F82C60D8F81470FF
:10F1500000F0FAFF2B689D4202D06A6813605A6083
:10F160002B4653F8082F9A4202D0EB681A6053607E
:10F17000414600232B6151F8403F8B4203D123E0ED
:10F180001B688B4220D09A699442F9D1D8F81810A4
:10F1900011F0010114D13B4801F078FF00243DE05B
:10F1A0007368C4E900631C607460C4F808A02C6A2A
:10F1B000444589D1BDE7246844457FF445AF69E7FC
:10F1C000019B23F00103019300212E4801F05EFF13
:10F1D000002EE3D0DFF8B09002F08AFD0020D9F8CD
:10F1E0000020538C0133538402F078FD2848294BCA
:10F1F0003A46A8EB00000199C01003FB00F0013073
:10F2000004EB0020B047044602F072FDD9F800205C
:10F210000020538C013B538402F060FD002119480B
:10F2200001F006FF1C4B002116485A68C5E9003260
:10F2300015605D6001F02AFF204603B0BDE8F08F45
:10F24000114FD5F82C8002F053FD3A682046538CBC
:10F250000133538402F042FD4B4658F8040C05F18B
:10F260002008D5E90B12B04702F042FD3A6820466B
:10F27000538C013B538402F031FDAB6B0133AB6324
:10F2800008E700BFDC700424708F0424F8700424A5
:10F29000986E0424398EE3384074042410B500219C
:10F2A000064801F0C5FE064C00210448C4E90044AC
:10F2B000A160BDE8104001F0E9BE00BFDC7004248D
:10F2C000EC70042470B5144D2B6823B3002113484F
:10F2D00001F0AEFE124AA968002613682C685B1A7A
:10F2E000AE60AC42136010D00021A6600B4801F064
:10F2F000CDFE0021A4F10800FFF788FE0021074899
:10F3000001F096FE2C68AC42EED100210348BDE826
:10F31000704001F0BBBE70BDEC700424DC700424AE
:10F32000DCD30224874A884B02F5C07102F5E070F5
:10F33000DFF81CC22DE9F04F02F5107402F52075BC
:10F34000002702F1400B02F1800A02F1C00902F528
:10F35000807802F5A07E02F50076C2F84011C2F86E
:10F36000800102F5607102F55070C2F80042C2F8E7
:10F37000405202F5407402F5307517611A60176546
:10F38000C2F800B0C2F89070C2F840A0C2F8D070C5
:10F39000C2F81071C2F85071C2F89071C2F8D07101
:10F3A000C2F81072C2F85072C2F89072C2F8D072ED
:10F3B000C2F81073C2F85073C2F89073C2F8D073D9
:10F3C000C2F8C033C2F88090C2F8C080C2F800E131
:10F3D000C2F8C061C2F88052C2F8C042C2F800034D
:10F3E000C2F840134031C2F884B0C2F88013A1F5CE
:10F3F0001071C2F8C4A0C2F8C4114031C2F804911F
:10F40000C2F804128031C2F84481C2F8841240313B
:10F41000C2F884E1C2F8C41201F58071C2F84462F6
:10F420000CF13406C2F8C4134031C2F804530CF195
:10F43000680559604549C2F844430CF19C04C2F880
:10F4400084030CF1D00053600CF5B673C1F800C012
:10F450000CF5827152640CF59C72CCF89C00CCF8CF
:10F460000870CCF83C70CCF80060CCF87070CCF828
:10F47000A470CCF8D870CCF80C71CCF84071CCF8F2
:10F480007471CCF83450CCF86840CCF8D010CCF87B
:10F490000421CCF83831CCF870210CF5D072CCF8BE
:10F4A000A4310CF5EA73CCF86C21CCF8D8210CF51A
:10F4B0000272CCF8A031CCF80C320CF50F73CCF8FA
:10F4C000D421CCF840220CF51C72CCF80832CCF8D0
:10F4D00074320CF52973CCF83C11CCF83C221B4952
:10F4E000CCF8A8220CF53672CCF87032CCF8DC32AD
:10F4F0000CF54373CCF808013846CCF86C60CCF8B6
:10F50000A050CCF8D440CCF8A871CCF8DC71CCF881
:10F510001072CCF84472CCF87872CCF8AC72CCF89B
:10F52000E072CCF81473CCF80C13CCF80410CCF8BF
:10F5300038C0CCF8A422CCF8D832CCF810234B60D9
:10F54000BDE8F08F4874042440740424F870042447
:10F550000071042400207047036B0146034A013BFD
:10F5600003EB430302EBC30001F0D8BC5078042442
:10F57000404A0020404B02F1180102F1C00C2DE975
:10F58000F04F02F1300402F1480B02F1600A02F17F
:10F59000780902F1900802F1A80E02F1D80702F1F1
:10F5A000F00602F584751160946102F59C7102F514
:10F5B000907490601A601062906310659066C2F853
:10F5C0008000C2F89800C2F8B000C2F8C800C2F8C3
:10F5D000E000C2F8F800C2F81001C2F82801C2F831
:10F5E0004001C2F85801C2F87001C2F86831C2F88F
:10F5F00030B0C2F848A0C2F86090C2F87880C2F873
:10F6000090E0C2F8A8C0C2F8C070C2F8D860C2F8D2
:10F61000F050C2F80841C2F820111831C2F864B0A5
:10F62000C2F838111831C2F87CA0C2F85011A1F507
:10F63000A871C2F8949051631831C2F8AC80D164BB
:10F6400001F58471C2F8C4E0C2F854111831C2F84F
:10F65000DCC0C2F86C111831C2F8F470C2F80C6149
:10F66000C2F82451C2F83C415360D2615960BDE8F0
:10F67000F08F00BF5078042448780424436833F0A6
:10F68000090330B583B030D1054602F031FB184A8A
:10F690001368934226D0174C19681C1B4A601160EE
:10F6A000E410154A02FB04F42A680134C3E900336C
:10F6B000C3E90242D5E90112C3E904120F4A104B13
:10F6C00012681B689A4203D00E4B1B68034304D098
:10F6D00002F004FB204603B030BD019002F048FA6E
:10F6E0000198F5E76FF02104E8E76FF00A04F1E70D
:10F6F0004878042450780424ABAAAAAA708F042462
:10F700006C8F0424748F0424F8B5441E0F2C2BD85E
:10F7100004EB4404164F02F0EBFA054607EBC4066F
:10F72000E400B36883B96FF02904124A124B1268DF
:10F730001B689A4203D0114B1B682B4311D02846FB
:10F7400002F0CCFA2046F8BD304601F071FB0C4BBC
:10F75000002259683B51144671600E605E60B260D1
:10F76000E3E702F005FAEAE76FF01104EAE700BF09
:10F7700050780424708F04246C8F0424748F042424
:10F78000487804242DE9F84F471E0F2F57D80D460F
:10F79000DFF8BC9002F0ACFA804607EB47034FEA73
:10F7A000470A09EBC30BDB00DBF80820002A40D036
:10F7B00059F80340DBF814302B43CBF814305C4588
:10F7C0000CD02046DBF814302468D0E91056F1073D
:10F7D00005EA030214D5AAB95C45F2D10024194AFE
:10F7E000194B12681B689A4204D0184B1B6858EAE0
:10F7F000030321D0404602F071FA2046BDE8F88F9D
:10F800009542DCD1826C136001F0ACFAB20607D5E8
:10F81000DBF8143023EA0503CBF81430002BDDD0DD
:10F82000F306CCD5BA44002309EBCA09C9F8143051
:10F83000D4E76FF02904D2E702F09AF9DAE76FF023
:10F840001104DAE7708F04246C8F0424748F04246D
:10F85000507804242DE9F04B441E82B099460023D1
:10F860000F2C019300F285800E4600297ED032F0E5
:10F87000310315467AD10A9B013377DB3E4F3B6853
:10F88000002B70D13D4B1B68002B6CDCDFF800B106
:10F89000DBF80030002B66D002F026FA002862D197
:10F8A00002F026FA3649804604EB4400620001EB80
:10F8B000C0008368002B3BD0D0F810C01CF0080FAC
:10F8C0002DD0131915F0010F01EBC3035B6906EA94
:10F8D000030E31D0BEF1000F30D11CF0010FDBF868
:10F8E00000300A9914BF274A274AC3F84890DA62C1
:10F8F00001AAC3E91065DA6301F0C6FA234BDBF80D
:10F9000000201B689A4203D03B6858EA030327D0C3
:10F91000404602F0E3F9019802B0BDE8F08B1319FC
:10F9200051F833309842CCD06FF028030193E5E7CB
:10F930006FF029030193E1E77645CED1A806C9F817
:10F94000003005D5101923EA060301EBC00043611E
:10F95000EB06D3D5224401EBC20300225A61CDE766
:10F9600002F006F9D4E76FF01800D5E76FF0100049
:10F97000D2E76FF01100CFE7748F0424E4D30224A0
:10F9800050780424C8510108D45101086C8F042414
:10F99000708F04241B4B00201B4A03F1380110B464
:10F9A000D96103F11C0499651946136041F8C42F0D
:10F9B0005A60516003F18C021C60C3F8A81003F177
:10F9C00070011A67C3F8AC2003F1A802986058626E
:10F9D000D8659867C3F89400C3F8B000C3F8CC00AA
:10F9E0001B625965C3F89010C3F88C20C3F8C82077
:10F9F000C3E90F4003F154049C635C675DF8044B5A
:10FA0000704700BFD8790424D0790424844630B4E8
:10FA10005CF80C3B0D46002B55F8082BB8BF0333A0
:10FA2000521BB2EBA30F63461ADD002402E0DC6830
:10FA3000A24219DA5B689C45F9D1A2422ADD4868E6
:10FA400020F0010048605868C1E9023005600020DC
:10FA50005D6030BCC1E904027047D868904204DAA6
:10FA60001B689C45F9D1EAE71CDC486820F00100DE
:10FA70004860D8689042E6D198680A4642F8100F6C
:10FA800043F8082F08694B6100B14260002330BC85
:10FA90008B607047C36848689C4520F0010048604F
:10FAA000E7D1D0E71B68F6E70028F8B56ADD0F2834
:10FAB00029D9073020F00706354602F019F9334BF3
:10FAC00007461868034653F80C2B002A1C46B8BF9B
:10FAD0000332B5EBA20F12DD002202E0E268AA4277
:10FAE00035DD6468A342F9D1AA420FDA0024384612
:10FAF00002F0F4F82046F8BDE268AA4209DA246868
:10FB0000A342F9D1F2E710252E46D6E7C468A342F6
:10FB1000ECD02268A36872B34BB1626843E9024239
:10FB2000083B13606360D4E902325A602268944251
:10FB300002D063681A605360E268521B172A09D822
:10FB400054F8043C43F0010344F8043CCFE7E0DA06
:10FB50002468DCE754F8082CA119A4F108034B60D1
:10FB60005368A25103F001030B43536044F8081C8F
:10FB7000FFF74CFFE4E7E2681360002BDDD05A602A
:10FB8000E268DAE700242046F8BD00BFB87A042412
:10FB900038B5044602F0ACF8054654E9023121F0CC
:10FBA000010144F8041C5A68D2070DD54B68DB07E5
:10FBB00031D5A4F108012F4B1868FFF727FF28461D
:10FBC000BDE8384002F08AB899681A6900294AD01D
:10FBD00003F108004AB1D96842E90201083A0A6013
:10FBE000DA60D3E9042151609968884202D0DB6869
:10FBF00019604B6054F8083CD3E900124B6822F0BE
:10FC0000010203F00103116013434B6054F8041C1C
:10FC10004B68DB07CDD48B680A69F3B101F10800AA
:10FC200052B1A2F10803CC6842E9020423604A6998
:10FC3000CB600B695A608B68984202D0CA68136027
:10FC40005A600B68D3E90002436822F0010203F016
:10FC50000103106013434360ADE74B691A60002A4B
:10FC6000EFD05360EDE75B691A60002AC2D05360A1
:10FC7000C0E700BFB87A0424F8B51A4E1A493368B1
:10FC8000D1F800C00333194A23F0030303F11B0129
:10FC9000136003F10C0E1A4621F007011846ACEB75
:10FCA000010541F00107A5F10804103D42F8045B8D
:10FCB000C3F810E0C6F800C0C3E9022E0A510C4494
:10FCC00062609D6805F0010525439D60C1E9004221
:10FCD000596067609A6842F001029A60FFF796FEE9
:10FCE0000020F8BDF4D40224F0D40224B87A04240D
:10FCF000254B0020254A03F1700110B403F13804AC
:10FD00009963C3F8AC1003F1E0011C60C3F8A810BC
:10FD1000C3F81C1103F58C719860C3F8E010C3F8A8
:10FD2000541103F5C4711863136018649866C3F81E
:10FD3000A000C3F8B000C3F8D800C3F8E800C3F8C7
:10FD40001001C3F82001C3F84801C3F85801C3F8F3
:10FD50008001C3F89001C3F8B801C3F888215A6044
:10FD6000DB63C3E91D4003F1A8041C67C3F8E4404A
:10FD700003F5A874C3F81841C3F88C41C3F85011B7
:10FD80005DF8044B51607047C47A0424BC7A0424A3
:10FD90000E4B00200E4A03F1680110B403F1340445
:10FDA0005963C3F8A01019461C6041F89C2F986055
:10FDB0001360D863C3F8A4005A609B6399665160CE
:10FDC000C3E91B405DF8044B704700BF8C7C0424E2
:10FDD000847C04241E4B00201E4A03F1680110B4E9
:10FDE00003F134045963C3F8A01003F1D0011C607F
:10FDF000C3F89C10C3F8081103F59C719860C3F810
:10FE00000411C3F8701103F5B6711360D863C3F819
:10FE1000A400C3F8D800C3F80C01C3F84001C3F82C
:10FE20007401C3F86C215A609B63C3F838115160A8
:10FE3000C3E91B4003F19C049C66C3F8D44003F55E
:10FE40008274C3F8D040C3F83C415DF8044B70475E
:10FE5000647D04245C7D04240D4B00200D4A03F1D5
:10FE6000400110B403F120041962596619461C6060
:10FE700041F8602F98601360986298665A605B62E0
:10FE800019645160C3E911405DF8044B704700BF2D
:10FE90000C7F0424047F0424F8B5466E9EB100272D
:10FEA0003446F6692568AC42284618D000F05AFF5F
:10FEB00023696A6E03F00303A561E261032B6C669C
:10FEC00002D0002EECD1F8BD217D95F826308B4272
:10FED000F7D9284600F064FB002EE1D1F3E7A761D3
:10FEE000002EDDD1EFE700BF2DE9F041046B0029C2
:10FEF000DFF8588004F1FF34C4EBC4074FEAC405AF
:10FF000008EB870703DB0146384601F007F82B1B97
:10FF100008EB83069B003269920714D458F803401B
:10FF2000A74210D0736908E000F01CFF73692A6CC7
:10FF3000A742A3EB0203736105D0254624682A6C0F
:10FF400028469A42F0DDBDE8F08100BF947F04248A
:10FF5000036B104A013BC3EBC30370B502EB83068E
:10FF60003169890714D49B00D458B44210D0736906
:10FF700008E000F0F7FE73692A6CB442A3EB0203B9
:10FF8000736105D0254624682A6C28469342F0DA2E
:10FF900070BD00BF947F0424404A0020404B02F112
:10FFA0001C0102F1E00C2DE9F04F02F1380402F1DE
:10FFB000540B02F1700A02F18C0902F1A80802F157
:10FFC000C40E02F1FC0702F58C7602F59A751160F9
:10FFD000D46102F5B67102F5A87490601A6050629F
:10FFE0001064D0659067C2F89400C2F8B000C2F8FF
:10FFF000CC00C2F8E800C2F80401C2F82001C2F83F
:020000040801F1
:100000003C01C2F85801C2F87401C2F89001C2F86C
:10001000AC01C2F8A431C2F838B0C2F854A0C2F89A
:100020007090C2F88C80C2F8A8E0C2F8C4C0C2F8D0
:10003000E070C2F8FC60C2F81851C2F83441C2F84E
:1000400050111C31C2F874B0C2F86C111C31C2F8E6
:1000500090A0C2F88811A1F5C471C2F8AC90D16328
:100060001C31C2F8C880916501F59A71C2F8E4E0CC
:10007000C2F88C111C31C2F800C1C2F8A8111C31A1
:10008000C2F81C71C2F83861C2F85451C2F870410C
:10009000536012625960BDE8F08F00BF947F042462
:1000A0008C7F04244368032B30B583B03DD883682C
:1000B0000546002B36DBC268934233DC002A31DD73
:1000C00001F016FE1A4A1368934228D0194C196899
:1000D0001C1B4A601160A410174A02FB04F42A6832
:1000E0000134DA606A689C601A61D5E90212C3E9DA
:1000F0000033C3E90512114A114B12681B689A427A
:1001000003D0104B1B68034304D001F0E7FD2046E9
:1001100003B030BD019001F02BFD0198F5E76FF0C1
:100120002104E8E76FF01004F1E76FF00A04EEE74E
:100130008C7F0424947F0424B76DDBB6708F042475
:100140006C8F0424748F0424F8B5441E0F2C2BD814
:10015000C4EBC404164F01F0CBFD054607EB840643
:10016000A400B36883B96FF02904124A124B1268D5
:100170001B689A4203D0114B1B682B4311D02846B1
:1001800001F0ACFD2046F8BD304600F051FE0C4BAE
:10019000002259683B51144671600E605E60B26087
:1001A000E3E701F0E5FCEAE76FF01104EAE700BFDE
:1001B000947F0424708F04246C8F0424748F04248F
:1001C0008C7F04242DE9F047441E0F2C50D80029C1
:1001D0000E464ADD01F08CFDDFF8A880C4EBC403B5
:1001E00007464FEAC40908EB83059900AB683BB3A7
:1001F000D5E90532D21AB2421FDB334458F8016008
:100200006B61AE4208D0B2463668DAF840209A42B6
:1002100019DD2A699207F4D40024174A174B126893
:100220001B689A4203D0164B1B683B431AD03846D2
:1002300001F054FD2046BDE8F0876FF02A04ECE79A
:100240006FF02904E9E7504600F08CFDA9EB0402A9
:10025000DAF8401008EB820253695B1A002B5361F5
:10026000CFDCD9E701F084FCE1E76FF01004E1E7AF
:100270006FF01104DEE700BF708F04246C8F04243C
:10028000748F0424947F04242DE9F04F441E85B01C
:1002900000230F2C039375D8501C17466FDB99422F
:1002A0000D466CDDDFF8F4A0DAF80030002B63D1E6
:1002B000364B1B68002B5FDCDFF8E490D9F8003088
:1002C000002B59D001F010FD002855D1DFF8D4B033
:1002D000C4EBC40601F00CFDD9F800300BEB860628
:1002E0008046E200B16800293FD0B169A9420BDB2A
:1002F000316989071BD5111B0BEB81014869A842A5
:100300001FDB401B486102E06FF010020392204A9D
:1003100012689A4204D0DAF8003058EA030328D071
:10032000404601F0DBFC039805B0BDE8F08F1946AC
:100330003046019200F00CFED9F80030019A834259
:10034000D9D0121B394630460BEB820BDBF810205C
:100350001D64D2074CBF0F4A0F4ADA6203AADA6360
:1003600000F092FDD9F80030D1E76FF02902039236
:10037000CDE701F0FDFBD3E76FF01800D4E76FF095
:100380001000D1E76FF01100CEE700BFE4D30224E4
:100390006C8F0424E0510108EC510108748F04248F
:1003A000708F0424947F042438B51A4A00231A4C11
:1003B00020211A48136004F582720360234643F833
:1003C000041BC3E9003308339342FAD10025042209
:1003D0001348C4F804512946C4F80C5100F0CAFD72
:1003E000104C2A461049AC46104B20460D60246044
:1003F000013203F168015860202A83F827C01C608D
:100400009A60036018460B46F2D1094B00206360E6
:1004100038BD00BF708F04245C8E04246C8F0424CC
:10042000648F042454810424748F04245C81042484
:10043000F48D0424002290F82430114663F3070160
:1004400063F30F2190F8283030B423F0030308251C
:100450006FF00604A0F8251080F8275080F82830A7
:1004600090F92050036E45844FF08075C263426658
:10047000C0E90D2243F8444CD0E9041443F8045C6D
:1004800024F0010441F4805143E90324443B016119
:1004900030BC8361704700BF90F826200121114BCA
:1004A00003EBC20C30B4644680F82710DCF8085027
:1004B00091400434C0E90045D3F808412860214345
:1004C000CCF8080090F82840C3F80811A107196873
:1004D00048BFC3F80C018A4202DA03491A60086077
:1004E00030BC70475C8E04246C8F04242A4A90F838
:1004F000263030B5D2F80C41A0423FD00168884286
:1005000002D0456829604D6090F82810CD072CD4A2
:10051000D90001F1040C114494444968614507D0A5
:100520001E4B1968814200D030BD64B31C6030BDE1
:100530004FF0010CD2F8085111680CFA03FE8B42FF
:1005400025EA0E05C2F80851EAD11F2B03DD20E091
:100550000133202B03D00CFA03F12942F8D01360A9
:100560000E4B19688142DFD1DFE721F001010B4B0F
:1005700080F8281019688142D6D1D6E700210C46B0
:10058000C2F80C11BAE7116802EBC10254681C6092
:10059000CDE72023E3E700BF5C8E04246C8F0424A6
:1005A00090F827C0CAB2034690F82610BCF1010F9C
:1005B00009D01CF0020F80F8262003D0C36A5B68C4
:1005C00003B1184770473548F0B5D0F80C518E4646
:1005D000AB423BD01C68A34202D05E6834606660C8
:1005E00093F82840D0F8087114F0010F066828D15C
:1005F000CC0004F1040C044484446468644530D0A5
:1006000000EBC20C012183F826206446914004349B
:100610003943DCF80870C3E900473B60CCF8083088
:10062000C0F8081193F82810890713D5B242C0F812
:100630000C3100DA02601A4A1168994200D0136046
:10064000F0BD24F0010483F82840D9E70025C0F864
:100650000C51BFE7B2421ADBE5B900EBC6004368B4
:10066000E9E701248E4204FA01FC27EA0C07C7D10E
:100670001F2905DD10E00EF1010EBEF1200F03D0A1
:1006800004FA0EF13942F6D076460660B8E716460F
:100690000260E1E72B46CEE72026F6E75C8E0424D5
:1006A0006C8F042410B590F827300446012B23D01A
:1006B0009B0712D5034653F84C2F9A4202D0036D84
:1006C0001A60536023689C4202D0626813605A60CB
:1006D000E36A9B680BB1204698472046FFF7DCFB96
:1006E000074B1B689C4200D010BDEFF3148303F04E
:1006F000040383F3148810BDFFF7F8FEEDE700BF95
:10070000708F04243C4B426813402DE9F041002BCC
:100710006ED106690546002E67DBC368013B1F2BBF
:1007200063D8920642D57F2E5FDDD0F8148001F0A9
:10073000DFFA324B07461C689C4229D0EA682168E0
:10074000A868013AD5E900EC4B6019600123E66125
:1007500046446061204684F8242084F82030638475
:100760002666C4E903ECFFF765FE254BA4681A680A
:10077000244B1B689A4203D0234B1B683B4321D078
:10078000384601F0ABFA002C07DB2046BDE8F081CB
:10079000D8B101F0A3FA6FF021046B689B06F4D482
:1007A0004046FFF7F5F92046BDE8F081873626F090
:1007B00007063046FFF778F980460028B7D16FF07A
:1007C0002004E2E701F0D4F9DAE70E4A0C4B126894
:1007D0001B689A42DDD00C4B1C68002CD9D101F06B
:1007E000C7F9204601F07AFAD5E76FF01004CCE79C
:1007F0006FF00A04C9E700BFDEECFFFF5481042458
:10080000708F04246C8F0424748F0424F8B5234B58
:100810000D461B68002B22DD461E1F2E3AD8204FA6
:1008200001F066FA1F4B6822044602FB063090F87E
:100830002730082B23D0002B14BF6FF028056FF052
:100840002905194B3A681B689A4203D0174B1B685D
:10085000234311D0204601F041FA2846F8BD104F3D
:100860003B68A3B128B1461E1F2E13D89B68834254
:10087000D6D16FF02805F0E701F07AF9EAE783694D
:10088000C2685D6200259A62FFF706FED9E7461E40
:100890001F2EC5D96FF01105DFE700BFE4D3022496
:1008A000708F04245C8104246C8F0424748F0424CE
:1008B000134B1B68002B10B592B01CDC114C236845
:1008C000CBB1114B1B6813B901F00EFA10B10F48F0
:1008D00000F03AFC01F00CFA2068FFF7E3FE206814
:1008E000FFF7A8FD01F02EF99DF804305BB28DF8FA
:1008F000043012B010BD064800F026FCFEE700BF31
:10090000E4D30224708F0424748F042494410108DA
:1009100064410108024B186800B18068704700BF4D
:10092000708F042400232DE9F04182B00193431C11
:1009300043DB234F3B68002B3CD1224B1B68002B31
:1009400038DCDFF88C80D8F80030002B32D0044639
:1009500001F0CAF9054668BB01F0CAF9D8F80030C1
:1009600006465A6B002A0FDD013A5A63164A12688E
:100970009A4202D03B68334319D0304601F0AEF9B9
:10098000019802B0BDE8F0816FF031020192002CB5
:10099000ECD00E4A20461D632946DA6201AADA63CA
:1009A00000F002FAD8F80030C3E90033DEE701F0C6
:1009B000DFF8E2E76FF01800E3E76FF01000E0E720
:1009C000748F0424E4D302246C8F0424045201089D
:1009D000708F0424F0B5002383B0051E019333DB30
:1009E0001B4F3B686BBB1B4B1B68002B29DC1A4E53
:1009F000336833B301F078F9044610BB15B9019898
:100A000003B0F0BD01F074F90346144A28461D46B0
:100A100033682146DA6201AA1C63DA6300F0E6F962
:100A20000F4A336812689342C3E9003302D03B682F
:100A30002B4303D0284601F051F9E0E701F098F884
:100A4000F8E76FF01800DBE76FF01000D8E700BFA1
:100A5000748F0424E4D30224708F0424F851010815
:100A60006C8F04240D4B00200D4A03F1500110B48B
:100A700003F128049962D96719461C6041F8782F60
:100A8000986013601863C3F880005A60DB621965D0
:100A90005160C3E915405DF8044B7047A8900424E9
:100AA000A09004241C4B00201C4A03F1480110B400
:100AB000596203F1240419671946136041F8FC2FA9
:100AC0005A60516003F1B4021C60C3F8D81003F1FE
:100AD0009001C3F89020C3F8DC2003F1D80298609D
:100AE000D8625867C3F89800C3F8BC00C3F8E000A8
:100AF000C3F804019B62D966C3F8B810C3F8B420E8
:100B0000C3F80021C3E9134003F16C049C64C3F8EB
:100B100094405DF8044B7047808F0424788F042440
:100B200010B50021114B0020114A124CC2E90001FE
:100B3000C4E90001C3E90033062401F0D9F84FF0FD
:100B4000E0220D4B0D49146100241B68A1FB031327
:100B500007219B0903EB83035B00013B5361946115
:100B6000116101F0BBF8204610BD00BF489104247C
:100B70005891042450910424FCD40224D34D6210D3
:100B80004FF0E02300221A61704700BFC0E9032341
:100B90004B1C02D1C0E9000070470E4B1A6830B4FC
:100BA00002F10A030C4D0D4C19442B681444AB425E
:100BB000816008D0091B02E01B68AB4203D09A6831
:100BC000121B9142F8D25A6830BCC0E90032106062
:100BD0005860704758910424489104240100008013
:100BE00070B40F4C0F4D26680F4CC0E9032306F17B
:100BF0000A03344419442B68AB42816008D0091BB6
:100C000002E01B68AB4203D09A68121B9142F8D2F3
:100C10005A6870BCC0E9003210605860704700BF6D
:100C2000589104244891042401000080F8B54FF045
:100C300000724FF0E023204D1969C3F8042D01F034
:100C400057F81E4B0746D3E900620A3642F100020C
:100C5000C3E9006204E05C68D9682260546001BBAB
:100C60002B68AB420ED09A68B21A002A0ADB1A68C7
:100C70009342F0D1D968A1B9AB4203D09A68B21AB5
:100C8000002AF7DA0E4A0F4B12681B689A4203D00B
:100C90000D4B1B683B4307D03846BDE8F84001F0D8
:100CA0001DB818698847DBE700F062FF3846BDE8E9
:100CB000F84001F013B800BF48910424589104246F
:100CC000708F04246C8F0424748F042408B5FFF7FC
:100CD0006BFB002823DBFFF75FF900281FDBFEF723
:100CE00047FC00281BDBFEF755FE002817DBFFF74B
:100CF00071F8002813DBFFF7AFF800280FDBFFF7D0
:100D000047F800280BDBFEF7F3FF002807DBFFF7AF
:100D1000A9FE002803DBFFF7C5FE00EAE07008BD6E
:100D20000368984202D0426813605A6090F82730F6
:100D3000022B07D0042380F82730C36A9B6803B1D5
:100D40001847704700B583B00190FFF7A5FB0198E5
:100D5000C36A9B681BB103B05DF804EB184703B08E
:100D600000BD00BF034653F84C2F9A4210B504460D
:100D700002D0036D1A60536023689C4202D06268FF
:100D800013605A6094F82730022B06D00423002207
:100D900084F82730E36B1A6010BD2046FFF77CFB18
:100DA000E36B00221A6010BD70B50E4D04462B682F
:100DB00093F82720012A0DD0042A07D021460A4A99
:100DC00003F14C00BDE87040FFF7E0BE062283F857
:100DD0002720F3E71846FFF789FB02222B6883F8E8
:100DE0002720EBE7708F0424210D010870B50E4D0C
:100DF00004462B6893F82720012A0DD0042A07D037
:100E000021460A4A03F14C00BDE87040FFF7E8BEF6
:100E1000062283F82720F3E71846FFF767FB022234
:100E20002B6883F82720EBE7708F0424210D01083D
:100E3000F8B50468A04225D0054604276FF03206B5
:100E400006E0E36B84F827702C681E60A54219D079
:100E5000234653F84C2F9A4202D0236D1A605360F8
:100E600023689C4202D0626813605A6094F827306D
:100E7000022BE6D12046FFF70FFBE36B2C681E60C8
:100E8000A542E5D1F8BD00BF30B5224D04466FF054
:100E9000310083B02B68DA6B106009B903B030BD44
:100EA000A2681A6393F82720012A29D0042A23D0A4
:100EB00003F14C00184AFFF769FE23692968DB0734
:100EC00013D5236891F826009C4203D106E01B68E5
:100ED0009C4203D093F826208242F8D95A68C1E98F
:100EE00000321160596003B030BD6368C1E900434E
:100EF0001960616003B030BD062283F82720D7E770
:100F000018460191FFF7F2FA02222B68019983F843
:100F10002720CDE7708F0424210D01080B6899422A
:100F200002D04A6813605A60036891F826C098425C
:100F300003D106E01B68984203D093F8262062454F
:100F4000F8D95A68C1E9003211605960704700BF92
:100F50000346006883420AD01B69DB0708D591F875
:100F6000262090F826309A4238BF08467047084637
:100F7000704700BF072A944670B505460C4640DD11
:100F8000810747D0E1B2034600F8011B8207FAD17E
:100F90000CF1FF3C01EB0122AC44ACEB030C23044D
:100FA00003F47F03BCF1030F43EA0203624643EA02
:100FB000046421DDACF104064FEA960E032E0EF117
:100FC000010E25D94FEA5E02034600EBC202C3E9D7
:100FD000004408339A42FAD11EF0010F05D02EF0DA
:100FE000010E00EB8E0ECEF8004026F00306043012
:100FF000ACEB06023044043A0AB102F06AF9284622
:1010000070BD002AFBDDC9B202F063F9284670BD4D
:101010008646E8E7E1B2ACF10406230401EB0122C5
:1010200003F47F034FEA9C0E134343EA0464C9E7C9
:10103000F0B50546012685B04FF0FF378E4000F031
:1010400057FE6B6801336B6000F048FE05E0A8684E
:101050000097FEF7FFFB041E0DDB00F049FE2C6835
:1010600046EA040234402A6000F038FE212203AB35
:101070003146002CEBD100F03BFE6B68013B6B600E
:1010800000F02CFE204605B0F0BD00BF38B5044688
:1010900001258D4000F02CFE236823EA0503236020
:1010A00000F01CFE606800B938BD2946A068BDE8A4
:1010B0003840FEF767BB00BF70B584B00922002539
:1010C000084B044668460E460093CDE90125FEF71D
:1010D000D5FAA842A06003DB2846E660C4E90055C3
:1010E00004B070BD4D4C4F4310B5044680680028D5
:1010F00007DDFEF709FB002802DB00231846A3608A
:1011000010BD6FF0100010BD00F00EBE10B582B023
:101110008DF8070000F0ECFD9DF8073004460A2B1F
:101120000AD001210DF1070000F0E8FD204600F093
:10113000D5FD002002B010BD0121024800F0DEFD07
:10114000EFE700BF1052010870B5054682B000F00D
:10115000CFFD06462B7843B922E000F0CFFD2046B4
:1011600000F0BCFD15F8013FD3B18DF8073000F059
:10117000BFFD9DF80720044601210DF107000A2A52
:10118000EBD10A4800F0BAFD01210DF1070000F093
:10119000B5FD204600F0A2FD15F8013F002BE4D17B
:1011A000304600F09BFD002002B070BD10520108D7
:1011B0000FB42DE9F04F8DB016AB53F8044B224617
:1011C0009946079312F8013B002B00F043834FF040
:1011D000000A252BD346564600F09880551C1378FC
:1011E000002E00F08A802A463BB1252B20D012F831
:1011F000013B15462A46002BF7D1DA46B346A5EB4C
:101200000B056B1E012D03EB0A0424B207DD0BEB6B
:1012100003051BF8010BFFF779FFAB45F9D1204619
:101220000DB0BDE8F04F04B07047DDF80C901546E6
:10123000AB1B5C1E012B04EB0B020FFA82FB06DDDD
:10124000344416F8010BFFF761FFA642F9D14FF0C5
:1012500000082C4614F8010BA0F12003102B0AD82B
:10126000DFE803F068090964090909090909096047
:10127000095C090958002A2840F0818059F8041BAC
:101280000AB2002A03DA494248F001080AB220787B
:10129000AC1C2E2800F089804FF0FF3500F0FB01D8
:1012A00068294BD1264616F8011B782915D86329E1
:1012B00040F29E80A1F164074FF0010C904B5FFA61
:1012C00087FA0CFA0AFC1CEA030F40F0E981732943
:1012D00000F0A681702900F016816378A21C002B13
:1012E00000F04A83252B00F0758333462646E51C23
:1012F0001C461378002E7FF476AF002B00F00E8290
:10130000252B264614462A467FF468AF1546002E44
:101310009DD08DE748F0100825469AE748F001086F
:10132000254696E748F00208254692E748F0080867
:1013300025468EE748F0040825468AE7782812D823
:1013400063285FD9A0F1640701216D4E5FFA87FC25
:1013500001FA0CF1314240F0DB81732800F05F812B
:10136000702800F0CF802246661E12F8013B002B49
:1013700000F03682252B00F03782A51C2FE7A0F164
:101380003001CAB2092A4FF0000282D802EB820271
:1013900014F8010B01EB4202A0F13001CBB212B202
:1013A000092BF3D92E287FF477AF20782A280AD189
:1013B00059F8045B023414F8010C2DB225EAE575E6
:1013C00008F0EF086AE7A0F130010134CDB2092D31
:1013D0004FF00005F4D805EB850514F8010B01EB7F
:1013E0004505A0F13001CBB22DB2092BF3D9E7E7C7
:1013F000582900F00C83632918D000297FF46DAFC1
:101400005C460CE7582800F0118363280DD00028B3
:10141000A9D114F8012C002AF2D0252AA3D1CDF8A5
:101420000C90DDF80C90254611E726464B46013A14
:1014300018F011081FFA82F953F8042B8DF82D20AB
:101440001FFA8BF2039300F0B88000274FF0FF35AE
:101450004FF0010A0DF12D040123029309F1FF3928
:10146000B8F1100F1FFA89F10FFA89F903D1029B25
:10147000002B40F00781691E0DB289B2002D0BDBF5
:101480008846013D3020FFF741FE2DB26A1CF8D19D
:101490000BF1010343449AB202EB0A03002F9DB201
:1014A0000FFA83FB07DB0137274414F8010BFFF722
:1014B0002DFEBC42F9D1B9F1000F06F10104C0F2D2
:1014C00074814F46013F2020FFF720FE3FB27B1C76
:1014D000F8D109F1010932784D440FFA85FB002A51
:1014E0008ED0252A9DD07378B21C002B00F0788115
:1014F000252B3FF49AAEDDF80C90F51C6FE600BF8B
:101500002108120026464B461FFA82F953F8040BB5
:101510000393002800F0A081A9F102090F280DF122
:101520002E021FFA89F940F2FE82B04F144600F0F5
:101530000F03FF284FEA1010FB5C04F8013DF6D8BA
:1015400090236FF06F010193385C013C1FFA85FC1A
:1015500020700020121B1FFA82FA571EACEB0A05FE
:101560002DB2002DD4BF01230023029340F3E28269
:10157000A9EB0C0C1FFA8CF918F011081FFA8BF26A
:1015800026D048B1531C05919AB20FFA83FB0492FE
:10159000FFF7BCFDDDE904210029BFF65FAF302075
:1015A0000492FFF7B3FD019B049A13F0100F5AD178
:1015B000531C9AB20FFA83FB50E701230A214046DD
:1015C0004FF0FF3547469A460DF12D0402930191E5
:1015D00009F1FF3C0FFA8CF81FFA8CFCB8F1000FF0
:1015E000C0F2FB8181469346CDE904144446E046AF
:1015F0002020FFF78BFD631E1CB2611CF8D15A46F8
:10160000484601324244DDE9041492B2002842D136
:10161000002980F22F81C8464FF6FF79BFE72646A2
:101620004B46002D1FFA82F953F8044B1FFA85FC34
:101630000393C0F2CB800CF1FF3C0FFA8CF56F1CCA
:1016400000F04082214604E0013D2DB2681C00F00C
:101650000A8108780A46ADB201310028F4D1AC46BF
:101660000A21019176E713F0400F02F102039AB2CA
:101670000CBF782058200FFA83FB0192FFF746FD3C
:10168000019AEBE6B9F1000FC0F26B814D46884636
:101690004FF0FF39F5E64FF6FF794FF0000871E79C
:1016A0004B466C2853F8044B039340F0A18092B250
:1016B0009146142F16D8DFE817F0340015001500F6
:1016C0001500150034001500150015001500150053
:1016D0005F00150015001500150015001500150018
:1016E00015006401002C40F0C681291E18BF01219D
:1016F000002D40F0C08118F011081FFA8BF200F0A5
:1017000024810D464FF0FF370DF12E048A46A3E6E3
:101710004B46264653F8044B0393C8E7DA46A346E4
:101720006DE5002CC0F2AB80211E914618BF01214F
:1017300018F0020F40F0898118F0040000F0A58134
:101740002020013A1FFA82F9002D40F0A2810029E1
:1017500040F09F810D4601230A2118F011081FFA5D
:101760008BF24FF0FF37AA460DF12E040293019140
:101770007FF408AF2CE792B218F00800914600F011
:10178000AF80002C40F06381002D40F08F8118F075
:1017900011001FFA8BF200F07F8180464FF0FF3777
:1017A000AA460DF12E0457E6741C3278002A3FF445
:1017B00027AE252A3FF435AE224612F8013B7BB115
:1017C000252B3FF432ADDDF80C90D6E521780029C9
:1017D00000F09581224612F8010F0028FBD13FE767
:1017E000DA461546B3460AE5154621E514520108C6
:1017F00068287FF45CAF692900F0A580642900F0B7
:10180000A2806939A4B20F2900F2848001A050F8A7
:1018100021F000BFFB1A010815190108151901086C
:10182000151901081519010815190108771701087C
:1018300015190108151901081519010815190108CC
:1018400015190108151901081519010815190108BC
:10185000811901081C46E2E40A210DF12E02B84F5D
:101860001446019170E60A460A214FF6FF7C0020DB
:1018700001916FE60FFA82FB6FF00109FBE50A2187
:10188000013A64424FF0000A1FFA82F92D208C467B
:1018900001910DF12E026445A94F964616D307EB30
:1018A0000A030592CDF8108002931346029AB4FB06
:1018B000FCFE0CFB1E48744612F808E0644503F871
:1018C00001EDF4D2DDF810809E46059A27441FFAF8
:1018D00085FC17F80A400EF8014C0EF1FF3439E68A
:1018E000002D40F0EC80211E18BF0121002C40F09B
:1018F000E68018F011081FFA8BF27FF402AF08217E
:10190000012305464FF0FF3782460DF12E04029366
:1019100001915DE61FFA82F9002D40F0AC80211E96
:1019200018BF0121002C40F0A68018F011001FFA0A
:101930008BF200F0EE800D4680464FF0FF370DF140
:101940002E048A4688E524B2B1E60A2101234046E6
:101950004FF0FF3745460DF12E04C2460293019128
:1019600036E60AEB0203002F9DB20FFA83FBFFF667
:101970001BAF4FF0FF3996E5DA461546A3463EE425
:1019800092B210216FF06F0E4FF0000A9027019174
:1019900018F00800914612D1002D6FD1271E18BFF4
:1019A0000127002C6AD118F011081FFA8BF243D0DE
:1019B0003D460DF12E044FF0FF37AA464CE5ACB181
:1019C0004FF0100C0221521A0020714601971FFAA5
:1019D00082F95EE7154626462AE4002840D1002910
:1019E00042DBA9F102090FFA89F944E5002D73D110
:1019F00018F011081FFA8BF27FF4D0AE01232846AD
:101A00004FF0FF37AA460DF12E040293E0E54B4656
:101A10006C2853F8044B039329D1502192B26FF0F4
:101A20002F0E4FF0100AD0270191B1E74B46264602
:101A300053F8044B0393F0E7012305464FF0FF37BB
:101A40000DF12E0482460293C2E52B2079E66FF059
:101A5000770E4FF0000A4FF0080C88270121B2E7FB
:101A6000E1464FF000088DE58046E14697E568289D
:101A7000D3D1A4B2D1E70A21002001918A100B46EC
:101A800001F03F0C02F0100A03E715B900293FF4FA
:101A90004CAF0A210191F1E7082101234FF0FF37F4
:101AA000AA460DF12E040293019191E508210DF152
:101AB0002E02A24620469646214F019106E70821B4
:101AC0000191DBE718F011001FFA8BF20ED080466F
:101AD0002F464FF0000ABFE48A100B462046184FED
:101AE00002F0100A0DF12E029646EFE60A210123BC
:101AF0002F468246029301916AE592B214E618F0ED
:101B000011001FFA8BF206D080468A464FF0FF374D
:101B1000A2E40A21F4E60A2101234FF0FF378246AE
:101B20000293019154E590236FF06F01044F144626
:101B3000019309E5A9EB0A091FFA89F91CE500BF21
:101B400014520108084A002008494FF0E02310B45D
:101B5000012410604FF080520C605DF8044BC3F814
:101B6000042D00F0BBB800BF708F0424748F0424D0
:101B70004FF0E0234FF08052C3F8042D704700BFB0
:101B800010B5054C236801332360FFF74FF8236835
:101B9000013B236010BD00BFE4D30224034B0020AF
:101BA0000349044AC3E90E12704700BF0004002431
:101BB000E1020008811B010810B500F099F8264CDD
:101BC00000F066F84FF0E0232449D3F8082D231FD6
:101BD00093420A60234634D0121B04F5267C9918E0
:101BE000985808334968634543E90201F7D14FF03B
:101BF000E0234FF6FF401A4A4FF0000CC3F8084D9F
:101C0000D3F80C1D174C014017480A43C3F80C2D9C
:101C1000C3F81CCDC3F8200DF9F7F2F9134B1449A2
:101C2000144AB3F1105F0860134938BF4FF01053E6
:101C300012480A601249236003600A60FDF722F926
:101C4000FEE76FF0030204F5267C995843F8041B65
:101C50006345FAD1CBE700BF00040024F8D4022486
:101C60000000FA05F4D402240000F010609104246E
:101C7000FCD4022400000524F0D40224ECD4022475
:101C8000E8D40224002070470020704700207047ED
:101C9000704700BF08B500F02BF8FEE7821C08B5BE
:101CA00010D0431C04D0033008D06FF0100008BDE2
:101CB0000648FFF749FA6FF0080008BD0448FFF72F
:101CC00043FAF8E70348FFF73FFAF4E7C441010895
:101CD00000420108E4410108704700BF80F3118809
:101CE000BFF36F8F704700BFEFF31180704700BFE5
:101CF000EFF31180102383F311887047002912DD60
:101D00004A1E4FF04023411E1044D3F81C281206EF
:101D1000FBD511F8012FC3F82828D3F81C28520648
:101D2000FBD58142F1D17047002310B54FF040241C
:101D3000C4F80038C4F80438C4F80838F9F758FB78
:101D4000054B00F561400D22A3FB0030000CC4F8E8
:101D50000C08C4F8002810BDC5B3A29108B5EFF770
:101D60003FF8BDE80840FEF7A3BD00BF08B5EFF798
:101D700009FABDE80840FEF79BBD00BF08B5EFF7C4
:101D80001BFDBDE80840FEF793BD00BF08B5082164
:101D90000348F7F771F94FF47A70FEF71BFEF6E788
:101DA00000100258044608B508210348F7F764F903
:101DB0002046FEF70FFEF7E7001002582DE9F0412C
:101DC00005460E46F4F730FE65B35EB3074641F2B2
:101DD00087380AE0012825D1F4F726FE034620467D
:101DE000DB1B43451ED8FEF7F5FD31462846F0F7CC
:101DF00045FC04460028EDD1F4F716FE0C4D41F2E7
:101E00008736044601E0FEF7E5FDD5F8BC3213B194
:101E1000D3F814324BB1F4F707FE034601201B1B25
:101E2000B342F0D90020BDE8F0810120BDE8F08187
:101E30007CAB0224914294BF002201227F2998BFEB
:101E400042F001022DE9F04F83B0C2B90446B0B1AF
:101E5000814B02689A4212D1E388A689D0E9022513
:101E60007E48A94208BF824214BF012200227F2B74
:101E700098BF42F0010212B9A288022A04D00025BC
:101E8000284603B0BDE8F08F9D42E78AF7D3012FC3
:101E900094BF002001200028F1D194F8418008F17E
:101EA000FF320B2AEBD894F84290002F00F0C68046
:101EB000B9F1000F00F0CA80B9F10C0FDFD84A4623
:101EC00008F1020102EB8102B4F814A09245D6D1C8
:101ED00002EB8202D2008F3222F00F029342CED167
:101EE0006FF07C0B04EB030C20464FF0FF32ABEBA2
:101EF000040B5B490197864601300BEB0007032F6B
:101F000002D99EF800707A4042F30007844507EA40
:101F1000010787EA520742F3400202EA010282EA1D
:101F2000570247F3400707EA010787EA520742F3DF
:101F3000400202EA010282EA570247F3400707EA39
:101F4000010787EA520742F3400202EA010282EAED
:101F5000570247F3400707EA010787EA520742F3AF
:101F6000400202EA010282EA5702C4D1D243E16F81
:101F7000019F914283D19D426BD061194FF0FF3395
:101F8000374A1CF8010B58408C4540F3000303EA24
:101F9000020383EA500340F3400043F3400E00EA9B
:101FA00002000EEA020E80EA53008EEA500E40F361
:101FB00040034EF3400003EA020300EA020083EA12
:101FC0005E0380EA530043F3400303EA020383EA1B
:101FD000500340F3400000EA020080EA530043F35C
:101FE000400303EA020383EA5003CAD1DB432269B8
:101FF0009A427FF444AF1B4B2D0C1F220021184640
:10200000183401F066F940F241210346A0F803605C
:102010004571012500F8038CDE1D00F8029C00F8D4
:1020200001AC4770104823F8051C43F8090C0FCC8D
:102030000FC694E8030086E8030021E7B9F1000F1A
:102040007FF41DAF4FEA880207323DE70122914637
:1020500036E74FF0FF33C9E743555445712AE8B3DB
:102060002083B8ED09D502244D494E32684B1B78C8
:10207000002B00F0A1802DE9F04F664C23682DED78
:10208000028BC9B023B949B0BDEC028BBDE8F08F1B
:10209000F4F7CAFC226840F6C413801A9842F2D8BA
:1020A0005D4CEEF70BFE23689842ECD00DF1170B58
:1020B000002707A906A85A468BF80070CDE90677D5
:1020C000EEF702FE0028DED0069A23689A4270D00E
:1020D000EEF740FE0446EEF73FFE054600FB04F631
:1020E000EEF734FE4D4B0DF1840C269776008DF8FB
:1020F0009C70CDE92277CDE924771A680746484BD2
:102100009A425AD0474B93E80300ADF88810090C67
:1021100021908DF88A10079B8021CDF800C028A857
:1021200001934FF6FE789BF800303F4A02933F4BF5
:102130001B6801F011F828A8EEF738F9431E434553
:102140005CD881B228A8FFF739FE002856D0234674
:10215000374A802128A80095019600F0FDFF28A8A5
:10216000EEF724F9431E434508D881B228A8FFF7AB
:1021700025FEB6F5803F01D2C30761D4EEF7EEFD30
:102180000546EEF7EDFD0446EEF7ECFD0646EEF7EC
:10219000EBFD2B46274A80210094CDE9016028A859
:1021A00000F0DAFF9BF800308021234A28A800F0D5
:1021B000D3FFEEF7C3FD66E77047DFF88080E646A1
:1021C000B8E80F00AEE80F0098E803009DF88430EF
:1021D0008EE80300002B95D0624627A84FF05F0ED3
:1021E00005E05D2988BF02F801EC824293D012F825
:1021F000013BA3F12101002BF3D18CE723460C4ACC
:10220000802128A80196009500F0A6FFB6E700BF40
:1022100028D5022434D5022430D5022400001E081B
:102220004355544518420108204201082CD5022488
:1022300038420108544201086842010818001E088B
:10224000B1B23846FFF7BAFD002897D00121AA485D
:10225000FFF7B4FD0446EEF781FD0546EEF780FD7D
:102260000646EEF77FFD0746EEF77EFD2B46029011
:102270008021A24A28A8CDE9006700F06DFF002C5C
:1022800090D028A8EEF792F8431E43458AD881B231
:1022900028A8FFF793FD9BF80030002882D0984AC9
:1022A000802128A800F058FF28A8EEF77FF8431EE9
:1022B00043453FF67EAF81B228A8FFF77FFD002897
:1022C0003FF477AF9FED8F8A4FF0000A8E4CDFF816
:1022D00050925FFA8AF09BF80030834240F2F98016
:1022E0000CAB09AA08A901930BAB00930AABEEF75C
:1022F0003DFD00283FF45DAF9DED087AB5EEC07A54
:10230000F1EE10FAC0F2D680F7EE006AF6EE007A2F
:10231000B4EEE67AF1EE10FA76FE876AE6EE887A97
:10232000FCEEE77A17EE902AA24228BF2246A9FBCC
:1023300002139B0C04FB132200921021734A0DA878
:1023400000F00AFF9DED097AB5EEC07AF1EE10FAC1
:10235000C0F2BC80F7EE006AF6EE007AB4EEE67AE0
:10236000F1EE10FA76FE876AE6EE887AFCEEE77AFE
:1023700017EE902AA24228BF2246A9FB02139B0C0B
:1023800004FB132211AD00921021604A284600F090
:10239000E3FE9DED0A7AB5EEC07AF1EE10FAC0F2D6
:1023A0009280F7EE006AF6EE007AB4EEE67AF1EE8D
:1023B00010FA76FE876AE6EE887AFCEEE77A17EE88
:1023C000902AA24228BF2246A9FB02139B0C04FBC1
:1023D000132215AE009210214C4A304600F0BCFE8C
:1023E0009DED0B7AB5EEC07AF1EE10FA68DBF7EEF0
:1023F000006AF6EE007AB4EEE67AF1EE10FA76FEB6
:10240000876AE6EE887AFCEEE77A17EE902AA24217
:1024100028BF2246A9FB02139B0C04FB132219AF11
:1024200000921021394A384600F096FE9DED0C7A54
:10243000B5EEC07AF1EE10FA3FDBF7EE006AF6EE89
:10244000007AB4EEE67AF1EE10FA76FE876AE6EEEE
:10245000887AFCEEE77A17EE902AA24228BF22463D
:10246000A9FB02139B0C04FB13220DF1740810212D
:1024700000924046254A00F06FFE0DAB244A8021B1
:1024800028A8CDE90278CDE9005600F065FE28A81D
:10249000EDF78CFF4FF6FE73421E9A423FF689AE6F
:1024A00081B228A80AF1010AFFF788FC00287FF40E
:1024B00010AF7EE6002213463EE700221346D4E723
:1024C00000221346ABE70022134682E700221346A0
:1024D00058E704210F48FFF771FC0446EEF72EFC85
:1024E000002C3FF4D0AD0C49069A0B680B48013321
:1024F00002600B60C7E500BF4C4001085442010870
:10250000684201080024744940420F0070420108EB
:102510007C420108904201082CD5022430D50224C7
:1025200083DE1B432DE9F04FA9B000240DF1870392
:1025300026462746A24623F01F03A146A046A346EF
:1025400025460393019402940BE001210DF117003D
:10255000F0F7B6F801281ED0FFF788FD0120FEF73E
:1025600039FAF0F7D9F80028EFD0F0F7DBF80121BD
:102570000DF11700F0F7A4F80128834600F0B780AA
:10258000002426462746A246A146A046A346254645
:1025900001940294E0E79DF81730042D00F28D803D
:1025A000DFE815F04701370007008B0067009DF852
:1025B00017300DEB090209F10109B9F1010F13768A
:1025C00040F21E81BDF818104B1E0191FF2B00F246
:1025D000AC80029B002B00F0A880B3F5004F1A4698
:1025E00001EB0A0328BF4FF400429A42C0F09D80DD
:1025F000F0F792F807460028B7D101210DF1170036
:10260000F0F75EF8012855D00325B946A4E79DF8F8
:1026100017300DEB080208F10108B8F1030F82F83A
:10262000203040F29380089B0293013BB3F5004FAA
:1026300011D34FF0FF33B14A53600821AF48F0F790
:102640001DF801286ED00026B246B04635460296E7
:1026500087E7FEF7BFF90821A948F0F70FF801282E
:10266000F7D00026B246B04635467AE79DF81730D7
:1026700004240D2B04F1010500F02B810A2B75D0E9
:1026800004F1A002172D0DEB020400F2968004F86D
:10269000783CF0F741F8034601210DF11700002BBB
:1026A0007FF463AFF0F70CF8012800F007822C46A6
:1026B000042551E79DF81730B946924A02EB0A0506
:1026C0007A1CEB55019B97B29F4280F08880F0F70F
:1026D00023F8034601210DF11700002B7FF445AFCD
:1026E000EFF7EEFF012800F00581032534E79DF8A0
:1026F00017308DF81C30F0F70FF800287FF435AF55
:10270000054659460DF11700EFF7DAFF01282E466E
:1027100000F086802C462F46AA46A946A846019579
:10272000029519E7FEF756F987E76FF00103734A40
:10273000536008217148EFF7A1FF012803D000275B
:10274000B9463D460DE7FEF745F9F2E7EFF7E4FF3E
:10275000034601210DF11700002B7FF406AFEFF7C0
:10276000AFFF01283FF453AF0125F5E66C44002389
:1027700065490AA884F82830EDF70EFE30B16349A8
:102780000AA8EDF709FE002840F08281604B1B7813
:1027900023B1604D2B68002B40F06D81F4F744F9B4
:1027A0005C4B1860EEF78AFA5B4B1860584B1B784D
:1027B000002B00F08781FFF759FCEFF7ADFF0546CE
:1027C00000287FF4D2AE01210DF11700EFF778FF5A
:1027D00001282C467FF4C0AE9DF8173029E09A44BA
:1027E0004E4BC3F804A008214C48EFF747FF0128DF
:1027F00003D000273D460197B3E6FEF7EBF8F2E77A
:10280000EFF78AFF034601210DF11700002B7FF43B
:10281000ACAEEFF755FF01283FF4C9AE02259BE6A9
:102820009DF817302C462F46AA46A946A846019582
:1028300002950BF1A0020BF1010B6A44BBF1030FEF
:1028400002F8843C40F2D281079B354A93422DD056
:1028500002F17342934229D002F11F6202F5C222B3
:102860000132934222D02F4A934215D02E4A9342EE
:102870005ED1EFF751FF804600287FF476AE01214C
:102880000DF11700EFF71CFF012800F0338101253F
:10289000C34661E6FEF79EF810212448EFF7EEFEEE
:1028A0000128F7D04FF0000B5D465AE6079B0A93CC
:1028B000EFF732FF834600287FF457AE01210DF178
:1028C0001700EFF7FDFE01283FF4D0AE04242546A3
:1028D00042E6EFF721FF034601210DF11700002B1F
:1028E0007FF443AEEFF7ECFE01287FF4E1AE9DF8F4
:1028F0001730BEE69DF81730E2E600BFBC010024A9
:10290000AC01002440ED032498420108A4420108D0
:1029100028D5022434D5022430D50224A401002471
:10292000524459534D4341504D424547C401002440
:10293000BD4A934200F0CE80BC4A934240F0DE8014
:10294000029B002B00F023819A4540F020814FF438
:1029500000425146B648FFF76DFA002800F00981A1
:10296000BAF5004F00F235810023CDE91033CDE9EF
:10297000123314934FF0FF330993F5F767FE0028E5
:1029800040F02781022207230121109010A8CDE9F1
:1029900011232023CDE9131309A9F5F743FF0646B8
:1029A000002840F01481A34DDDF80CB02022FF2157
:1029B000584600F08EFCAAEB06029D4B5846202A92
:1029C00003EB060128BF202200F0C8FC71195A460B
:1029D00001202036F5F7D6FD002840F0F880564556
:1029E000E4D3F5F759FE0546002840F0F280BFF326
:1029F0004F8F9148C0F88450BFF34F8FD0F880209C
:102A000043F6E076C2F34E33C2F3C9025B0103EA38
:102A1000060C11464CEA817E0139C0F874E2F9D205
:102A2000203B13F1200FF2D1BFF34F8FBFF36F8F15
:102A3000BFF34F8FBFF36F8F7D4952467D4800F043
:102A40001FFC002840F0C5804FF400325146794801
:102A5000FFF7F0F9002840F0DA806FF00503774ABD
:102A6000536008217548EFF709FE012800F0D9806E
:102A70000026B34675E5F3F7D7FF2B68C41AF3F7C2
:102A8000D3FF40F6C41328609C427FF68FAE89E6E0
:102A90006B490AA8EDF780FC30B16A490AA8EDF746
:102AA0007BFC00287FF487AE0023674A1321674828
:102AB0001360674A1370FFF781F97CE69DF81730C1
:102AC0002C46D6E50123624A162162481370FFF7AF
:102AD00075F970E6EFF720FE814600287FF445ADDA
:102AE00001210DF11700EFF7EBFD01285CD0022565
:102AF000CB4631E59DF81730C3468AE5564A9342E6
:102B00001DD166BB2822002110A800F0E2FB524B29
:102B10001093282110A8EFF7B1FD01284CD0EFF752
:102B2000FBFD054600287FF420AD01210DF11700C3
:102B3000EFF7C6FD01282E463AD0AB460CE5EFF77D
:102B4000EBFD054600287FF410AD01210DF11700C3
:102B5000EFF7B6FD012835D04FF0000BFCE428213B
:102B60003E48EFF78BFD01287FF49CAEFDF732FF66
:102B7000F5E76FF00303314A536008212F48EFF760
:102B80007DFD01281BD00026B3463546E9E46FF0F1
:102B900002032A4A536008212848EFF76FFD0128F5
:102BA000F1D1FDF717FFF6E79DF81730CB4600E5AA
:102BB0009DF81730AB463CE6FDF70CFFA9E7FDF7A3
:102BC00009FFDAE79DF817304FF0000B31E6F5F713
:102BD00063FD6FF00403194A536008211748EFF7AB
:102BE0004DFD0128CFD1FDF7F5FEF6E7EFF794FD97
:102BF000054600287FF4B9AC01210DF11700EFF76D
:102C00005FFD01287FF4A8ACE6E5FDF7E3FE0821AF
:102C10001348EFF733FD0128F7D001264FF0000BE2
:102C20009FE4FDF7D7FE1CE74D4441544D454E440B
:102C300040ED032400001E0800ED00E0BC0100246C
:102C4000C8420108D442010834D50224E0420108F8
:102C500028D50224B04201084D494E3200D5022445
:102C6000B40100242DE9F04F6048A9B0FEF7A0FAA6
:102C70004FF000090022012306A8CDE90699CDE90D
:102C80000823FDF70FFA041E40F3828002A8CDF856
:102C90001090CDE90299FCF7F1FC011E40F3A280EF
:102CA0002046534CEEF792F810AB0DF1280B16AFFF
:102CB00001931CAD0DF1880C0FCCABE80F0004F1B3
:102CC000080A04F1200804F1380604F1500E94E8D3
:102CD0000300019C8BE80300BAE80F000FC49AE8D8
:102CE000030084E80300B8E80F000FC798E803006A
:102CF00087E803000FCE0FC596E8030085E80300C0
:102D0000BEE80F00ACE80F009EE803008CE803006B
:102D10000AA8FDF7F7FC041E61DD1CA8FDF7F2FC14
:102D2000071E58DD16A8FDF7EDFC061E4FDD10A8A6
:102D3000FDF7E8FC051E46DD22A8FDF7E3FCB0F137
:102D400000083CDD38464946FDF760FD002832DBCF
:102D500030464946FDF75AFD002828DB49462846FB
:102D6000FDF754FD00281EDB00212046FDF74EFD37
:102D7000002814DB00214046FDF748FD00280ADB4F
:102D80004FF0FF30FDF7CEFD002029B0BDE8F08FF9
:102D90006420FFF707F840F2EE20FFF703F84FF446
:102DA0002F70FEF7FFFF4FF41670FEF7FBFF40F2A7
:102DB0002620FEF7F7FF4FF4FA70FEF7F3FF4FF40B
:102DC000E170FEF7EFFF4FF4C870FEF7EBFF4FF432
:102DD000AF70FEF7E7FF4FF49670FEF7E3FFFA20BF
:102DE000FEF7E0FFC820FEF7DDFF00BFF442010858
:102DF000483B010810EE103A40F22A41C3F30A5250
:102E00008A42B7EEC03A32D8B7EE000B2D4B93EDA5
:102E10004A2B93ED481BB0EE417BA2EE037B17EEED
:102E2000100A37EE417B00F01F0203EBC20130B401
:102E300092EE037B93ED4C4B53F832404D6893ED8B
:102E40004E6B93ED505BA4EE076B27EE074B002112
:102E50000A1905EBC033A5EE070B43EC172BA6EEC2
:102E6000040B30BC20EE070BB7EEC00B704713F518
:102E7000000F20D0B2F5FF6F1AD2DFED137AB4EE57
:102E8000E70AF1EE10FA10DCDFED107AB4EEE70A93
:102E9000F1EE10FA12D4DFED0E7AB4EEE70AF1EE9D
:102EA00010FAB1D5002000F03BB8002000F03EB889
:102EB00030EE000A70479FED070A7047002000F0CF
:102EC00029B800BF385201081772B142B4F1CFC21D
:102ED000CF8ECEC20000000010B52DED028BB0EEFB
:102EE000408A044600F00EFAB0EE480ABDEC028BB0
:102EF000046010BD30B1F1EE407A27EE800A222046
:102F0000FFF7EABFF0EE407A27EE800A2220FFF7B3
:102F1000E3BF00BF9FED010AFFF7ECBF0000001008
:102F20009FED010AFFF7E6BF0000201A9FED010A9E
:102F3000FFF7E0BF00000070024B0A460146186828
:102F400000F002B8D401002470B5A1FB025434B9DA
:102F5000294600F03FF8064628B9304670BD0C22DD
:102F600002600026F9E72A46214600F0B2F9F4E7AC
:102F7000024B0146186800F02DB800BFD4010024B0
:102F8000024B0146186800F0F7B900BFD4010024D5
:102F900070B50F4E0C463168054611B900F0A2F924
:102FA00030602146284600F09DF9431C03D14FF0C4
:102FB000FF34204670BDC41C24F00304A042F8D0A6
:102FC000211A284600F08EF90130F2D1EFE700BF58
:102FD000406D04242DE9F843CD1C25F00305083588
:102FE0000C2D38BF0C25002D064601DBA94204D963
:102FF0000C2333600020BDE8F883DFF8D48000F0B4
:1030000069F8D8F800301C4644BB29463046FFF723
:10301000BFFF431C044658D1D8F800402746002F74
:1030200043D1002C4BD023683946304604EB0309CA
:1030300000F058F9814542D121686D1A2946304681
:10304000FFF7A6FF01303AD023682B442360D8F85D
:1030500000305A6862BBC8F800700FE02268521B4B
:1030600020D40B2A17D96119A342256018BF5960D3
:10307000636808BFC8F8001062514B60304600F02A
:103080002FF804F10B00231D20F00700C21A1CBF0B
:103090001B1AA350AFE76268A3420CBFC8F8002018
:1030A0005A60EBE723466468AEE73C467F68B6E7C4
:1030B0001A465B68A342FBD100235360DEE70C2372
:1030C0003360304600F00CF894E70560D6E700BFA7
:1030D000446D0424014800F03FB900BF846E04240D
:1030E000014800F03AB900BF846E0424024B0A463E
:1030F0000146186800F002B8D40100242DE9F0411F
:10310000074614460D4621B9BDE8F0411146FFF7C8
:1031100061BF2AB900F030F925462846BDE8F081A4
:1031200000F074F98442064602D8B4EB500FF4D88C
:1031300021463846FFF74EFF804608B94546ECE782
:10314000B4422246294628BF324600F007F92946F4
:10315000384600F011F9F1E70CB430B5184B0C1EED
:103160001D689DB008DA8B232B604FF0FF301DB037
:10317000BDE8304002B070474FF40273ADF8143030
:103180004FF000031B9314BF04F1FF332346049355
:1031900007934FF6FF7302900690ADF81630209A11
:1031A00021AB02A92846019300F098F9431CBCBF4B
:1031B0008B232B60002CDAD0029B00221A70D6E7FA
:1031C000D40100240EB410B59DB01FAB0290069040
:1031D0006FF000410A48079104910A4953F8042B03
:1031E0000591002402A9006801931B9400F076F970
:1031F000029B1C701DB0BDE8104003B0704700BFBB
:10320000D40100240802FFFF30B51446002C9BB007
:1032100005461A4605DA8B2303604FF0FF301BB0DA
:1032200030BD4FF40273ADF80C304FF0000319932A
:1032300014BF04F1FF332346029305934FF6FF7347
:1032400000910491ADF80E3069461E9B00F046F9DE
:10325000431CBCBF8B232B60002CE0D0009B0022C2
:103260001A70DCE707B5009313460A460146034887
:103270000068FFF7C9FF03B000BD00BFD401002400
:1032800010B501390244904201D1002005E00378D5
:1032900011F8014FA34201D0181B10BD0130F2E715
:1032A000884210B501EB020402D98442234607D8B4
:1032B000431EA14207D011F8012B03F8012FF8E7B4
:1032C0000244824200D110BD13F8011D02F8011D15
:1032D000F7E702440346934200D1704703F8011B0D
:1032E000F9E7000038B5064D0023044608462B6078
:1032F000EEF770FD431C02D12B6803B1236038BD8B
:10330000806E0424014B1868704700BFD40100246C
:1033100070B50D4B0D4D5B1B9C100026A64209D1CC
:1033200000F068FB0A4D0B4B5B1B9C100026A6426D
:1033300005D170BD55F8043B98470136EEE755F8C6
:10334000043B98470136F2E7BC530108BC5301081F
:10335000BC530108C0530108704770470A449142AA
:1033600000F1FF3300D1704710B511F8014B03F89D
:10337000014F9142F9D110BD38B50546002941D021
:1033800051F8043C0C1F002BB8BFE418FFF7A2FE55
:103390001D4A136833B9636014602846BDE838409D
:1033A000FFF79EBEA34208D9206821188B4201BFB7
:1033B00019685B6809182160EDE71A465B680BB174
:1033C000A342FAD911685018A0420BD120680144D9
:1033D000501883421160E0D118685B68536008445C
:1033E0001060DAE702D90C232B60D6E72068211899
:1033F0008B4204BF19685B68636004BF09182160D1
:103400005460CAE738BD00BF446D042451F8043C41
:10341000181F002BBCBF0B58C01870472DE9F04790
:103420008E681F46BE4282460C469046334653D8AD
:10343000B1F90C0010F4906F2BD06569236809690D
:1034400005EB4505A3EB010905EBD5757B1C6D105C
:103450004B44AB422A4684BF1D462A46430527D526
:1034600011465046FFF7B6FD064658B321694A4655
:10347000FFF774FFA38923F4906343F08003A381D3
:10348000266165614E44A5EB09052660A5603E46B0
:103490003B461F4620683A464146FFF701FFA368B6
:1034A0009B1BA36023683B4423600020BDE8F0879A
:1034B0005046FFF723FE06460028E1D12169504619
:1034C000FFF75AFF0C23CAF80030A38943F04003EA
:1034D000A3814FF0FF30E9E73E46DBE72DE9F047F7
:1034E0001F468B891B069CB006460D46144610D518
:1034F0000B6973B94021FFF76DFD2860286130B971
:103500000C2333604FF0FF301CB0BDE8F087402340
:103510006B610023099320238DF829300397302312
:10352000654F8DF82A304FF001082346994613F86D
:10353000012B0AB1252AF9D1B9EB040A0BD0534665
:10354000224629463046FFF769FF013000F0A4808B
:10355000099A5244099299F80030002B00F09C809F
:1035600000234FF0FF32CDE9052309F1010904934F
:1035700007938DF853301A934C464F4814F8011BAB
:103580000522ECF71DFF049BD0B9D80644BF2022CA
:103590008DF85320190744BF2B228DF8532099F83A
:1035A00000202A2A13D0079A4C4600204FF00A0C1C
:1035B000214611F8013B303B092B49D968B913E08A
:1035C000C01B08FA00F018430490A146D4E7039A00
:1035D000111D12680391002A01DB079204E0524298
:1035E00043F002030792049323782E2B0AD16378C9
:1035F0002A2B32D1039B1A1D1B68039243EAE37303
:1036000002340593DFF8C090217803224846ECF796
:10361000D7FE38B1049BA0EB09004022824013433F
:103620000134049314F8011B24488DF82810062255
:10363000ECF7C6FE002835D0214818BB039B0733A2
:1036400023F0070308330393099B034409936CE7B2
:103650000CFB02320C460120AAE70023013405933B
:1036600019464FF00A0C204610F8012B303A092A6F
:1036700003D9002BC6D00591C4E70CFB01210446F9
:103680000123F0E703AB00932A460E4B04A9304612
:10369000AFF30080421CD7D1AB895B063FF532AF58
:1036A000099831E703AB00932A46064B04A930463C
:1036B00000F07AF8EEE700BF805301088A53010852
:1036C000000000001D340108865301082DE9F04771
:1036D000164698468A680B69DDF820909342B8BF79
:1036E0001346336091F8432007460C460AB1013374
:1036F00033602368990642BF33680233336025681C
:1037000015F0060506D104F1190AE36832689B1A20
:10371000AB4226DC94F843302268003B18BF0123FB
:1037200092062BD404F1430241463846C847013083
:103730001ED02368226903F00603042B02BFE5684C
:103740003368ED1AA3680CBF25EAE575002593429E
:10375000C4BF9B1AED1800261A34B5421AD10020B6
:1037600008E00123524641463846C847013003D19C
:103770004FF0FF30BDE8F0870135C6E7E1185A1C6D
:10378000302081F84300224494F8451082F8431019
:103790000233C7E70123224641463846C847013075
:1037A000E6D00136D9E700002DE9F0430D7E85B063
:1037B000782D90460C9E07460C46994601F143022F
:1037C00007D8622D0AD8002D00F0D780582D00F0C0
:1037D000BC8004F1420684F842503BE0A5F163034B
:1037E000152BF6D801A151F823F000BF4538010888
:1037F00059380108D3370108D3370108D3370108F6
:10380000D337010859380108D3370108D3370108E5
:10381000D3370108D337010861390108833801081B
:1038200013390108D3370108D33701088339010858
:10383000D337010883380108D3370108D33701088B
:103840001B39010833681A1D1B68326004F14206F7
:1038500084F842300123A1E033682068191D3160EB
:10386000060601D51D6803E04506FBD5B3F90050F7
:10387000002D03DA2D236D4284F843305B480A2380
:1038800011E021683368080653F8045B02D4490646
:1038900048BFADB23360237E54486F2B5CD1082300
:1038A000002184F843106668A660002E05DB2168BD
:1038B0002E4321F00401216050D01646B5FBF3F1F0
:1038C00003FB115C10F80CC006F801CDAC46634553
:1038D0000D46F3D9082B0BD12368DB0708D52369E4
:1038E00061689942DEBF302306F8013C06F1FF36DD
:1038F000921B2261CDF80090434603AA2146384628
:10390000FFF7E4FE01304ED14FF0FF3005B0BDE8C7
:10391000F083236843F0200323603548782584F83A
:1039200045502368316813F0800F51F8045B03D1D0
:1039300013F0400F18BFADB23160D90744BF43F058
:10394000200323601DB11023AAE72848E7E7236876
:1039500023F020032360F6E70A23A1E71646B9E720
:10396000336825686169181D30602E061B6801D513
:10397000196002E06806FBD5198000232361164612
:10398000B8E733681A1D32601E686268002130464D
:10399000ECF716FD08B1801B6060636823610023AB
:1039A00084F84330A6E72369324641463846C84783
:1039B0000130A9D023689B0713D4E068039B984289
:1039C000B8BF1846A2E70123324641463846C847E9
:1039D000013099D00135E36803995B1AAB42F2DC00
:1039E000EBE7002504F11906F5E700BF9153010844
:1039F000A2530108F8B500BFF8BC08BC9E4670474A
:0C3A0000F8B500BFF8BC08BC9E4670473B
:103A100003000000010000000000000000000000A2
:103A20000000000000000000010000000000803FD6
:103A30000000803F000000000000000080FFFFFF4A
:103A40007F000000010000000300000001000000F2
:103A50000000000000000000000000000000000066
:103A6000010000000000803F0000803F00000000D7
:103A70000000000080FFFFFF7F0000000100000049
:103A80000300000001000000000000000000000032
:103A90000000000000000000010000000000803F66
:103AA0000000803F000000000000000080FFFFFFDA
:103AB0007F00000001000000030000000100000082
:103AC00000000000000000000000000000000000F6
:103AD000010000000000803F0000803F0000000067
:103AE0000000000080FFFFFF7F00000001000000D9
:103AF00003000000010000000000000000000000C2
:103B00000000000000000000010000000000803FF5
:103B10000000803F000000000000000080FFFFFF69
:103B20007F00000001000000010001000100000012
:103B300000000000000000000000803F00000000C6
:103B400080FFFFFF7F000000000000002103000055
:103B50008D1D0108070000000008000038E503245F
:103B600000000000210300007D1D01080800000086
:103B70000040000038A503240000000021030000DD
:103B80006D1D010809000000004000003865032495
:103B900000000000210300005D1D01080A00000074
:103BA0000080000038E5022400000000210300002E
:103BB000252501080B0000000010000038D5022464
:103BC000543D256C756D73004E4F2052554E54492F
:103BD0004D45000000000000494E46455220455228
:103BE000520000004445434F4445204552520000D6
:103BF00053454D204552524F520000004F56353626
:103C00003430204641494C0053544D6963726F650E
:103C10006C656374726F6E696373000053544D3347
:103C200032205669727475616C20436F6D506F72EB
:103C30007420696E204853204D6F646500000000B9
:103C400053544D3332205669727475616C20436F42
:103C50006D506F727420696E204653204D6F6465FD
:103C60000000000056435020436F6E6669670000F5
:103C700056435020496E74657266616365000000AA
:103C8000D0040D11132B3F544C180D0B1F230000B3
:103C9000D0040C11132C3F44512F1F1F2023000070
:103CA000736C6F7420746F6F20736D616C6C0000A7
:103CB0006D6167696320252E3473000043555445B8
:103CC00020763120756E737570706F727465642024
:103CD0006279205733322072756E74696D65000009
:103CE000483D257520696E76616C696400000000AE
:103CF000666C6167733D30782530345820696E7684
:103D0000616C6964000000004D3D257520696E7688
:103D1000616C6964000000006C696E656172204D21
:103D200020627974653D257520696E76616C6964E1
:103D300000000000617263683D2530386C582065D2
:103D4000787065637465643D2530386C58000000F8
:103D500076657273696F6E3D257520756E7375702B
:103D6000706F7274656400006865616465723D25FA
:103D7000752065787065637465643D257500000085
:103D80006C61796572733D25752065787065637423
:103D900065643D257500000073697A6520683D25DE
:103DA0007520746F74616C3D256C75206361703D86
:103DB000256C750068656164657220435243202557
:103DC00030386C5820213D202530386C58000000D8
:103DD0006D61785F6465743D257520696E76616CF0
:103DE00069640000636F6E666964656E636520696F
:103DF0006E76616C696400006E6D7320696E766129
:103E00006C6964006D696E5F626F785F7720696EC0
:103E100076616C69640000006D696E5F626F785F47
:103E20006820696E76616C69640000006C6162658F
:103E30006C20756E7465726D696E617465640000E6
:103E400061726368206E616D6520756E7465726D58
:103E5000696E6174656400004C257520726F6C6535
:103E6000000000004C257520776569676874733D14
:103E7000256C752065787065637465643D256C7587
:103E8000000000004C257520626961733D256C754A
:103E90002065787065637465643D256C750000006D
:103EA0004C2575207765696768742072616E676557
:103EB000000000004C257520626961732072616EFC
:103EC000676500004C2575206D756C742072616EFD
:103ED000676500004C2575207368696674207261FF
:103EE0006E6765004C257520616C69676E6D656E47
:103EF000740000004C257520696E70757420736322
:103F0000616C65004C2575206F7574707574207335
:103F100063616C65000000007061796C6F61642002
:103F2000435243202530386C5820213D202530381D
:103F30006C5800004F4B00004E4F204D4F44454CF5
:103F40003A202573000000004D4F44454C20257356
:103F500020482575204D25752076257520256C7502
:103F60004200000025732D41000000002573000071
:103F700025732D420000000025732D43415400009D
:103F80004E4F204D4F44454C00000000424144201C
:103F9000480000005331000053320000533300004A
:103FA0004825752D434647004825752D4457410047
:103FB0004825752D505741004825752D445742001E
:103FC0004825752D505742004825752D4341540012
:103FD000484541442D4346470000000042414420EB
:103FE0004D0000004D2D4346470000004D25750053
:103FF0004F55542D434647004F55540048454144C2
:1040000000000000484541442D5348415045000000
:104010004152454E4120414C4C4F43005245414492
:1040200059000000494E5055540000000A0A6D69BD
:1040300063726F542D4B65726E656C20566572739A
:10404000696F6E2025782E253032780A0A0000002C
:10405000214552524F522120496E69742054617398
:104060006B2073746172740A000000000A3C3C20EB
:1040700053595354454D2053485554444F574E209F
:104080003E3E0A00214552524F522120696E69740A
:104090005F496D616C6C6F630A00000021455252EC
:1040A0004F522120696E69745F6465766963650AA1
:1040B00000000000214552524F522120696E697460
:1040C0005F696E697469616C697A650A0000000055
:1040D000214552524F5221206B65726E656C206FE4
:1040E000626A65637420696E697469616C697A6576
:1040F0000A000000214552524F5221205379737417
:10410000656D2074696D6572207374617274757069
:104110000A000000214552524F522120496E697415
:1041200069616C205461736B2063616E206E6F74E3
:104130002073746172740A00214552524F5221203B
:10414000496E697469616C205461736B2063616EA0
:10415000206E6F742063726561740A00444D4C6B6D
:1041600000000000746B5F6578745F74736B207778
:1041700061732063616C6C656420696E207468658E
:10418000207461736B20696E646570656E64656E22
:10419000740A0000746B5F6578745F74736B2077CA
:1041A00061732063616C6C656420696E207468655E
:1041B0002064697370617463682064697361626C00
:1041C00065640A000A3C3C2053595354454D205223
:1041D0004553455420262052455354415254203EC5
:1041E0003E0A00000A3C3C2053595354454D20469A
:1041F0004153542052455354415254203E3E0A00EC
:104200000A3C3C2053595354454D20524553544188
:104210005254203E3E0A00006F626A6563740000DB
:1042200053414D504C4520256C7520257320256C3D
:10423000752025750A0000004652414D4520257520
:1042400020257520524742353635424520256C756C
:104250000A00000043524F50202575202575202567
:10426000752025750A0000004445542025750A0074
:10427000256C752E2530366C75000000424F582095
:1042800025732025732025732025732025730A00AC
:10429000454E440A0000000052445953414D504CD1
:1042A000450000005244594652414D45000000006F
:1042B00053455249414C4441544120484F53545F67
:1042C00052454144590A000053544F5053414D50F8
:1042D0004C45000053544F504652414D450000009C
:1042E00053455249414C444154412053544F50503E
:1042F00045440A0048656C6C6F2066726F6D2053F0
:10430000544D333248373433202B206D6963726F3C
:10431000542D4B65726E656C20332E30210D0A00D2
:10432000E007FF07E0FF1FF8FFFF000000000000AC
:1043300058004800B00090006001200158003C0087
:10434000B00078006001F00028001E0050003C0022
:10435000A00078004001F0008002E0013C0028004D
:1043600078005000F000A000E00140014000200073
:104370004000400080004000800080008000A000DD
:104380008000A000D002E001F002E001200358020A
:1043900000040003000500044006B0040005D0023C
:1043A000800738040005C003200A980747402140D1
:1043B000506E40518F3008423103033017FF3018E0
:1043C000FF302C0231080136302E3632E2363323EC
:1043D0003621E03704A037035A37157837170137ED
:1043E0000B6037051A39050239061039010A3731D1
:1043F00012360008360133302D60362052371B202C
:10440000471C503A18003A19F836351C36344036F5
:1044100022013C04283C05983C06003C07083C0867
:10442000003C091C3C0A9C3C0B40382047382101C9
:1044300038000038010038020038030438040A3814
:10444000053F38060738079B380805380900380A41
:1044500003380BC03810003811103812003813061A
:1044600038143138153130341A3035113036643063
:104470003713303800303900380C07380D68380EE3
:1044800003380FD83C01B43C00043A08003A0993C1
:104490003A0E063A0A003A0B7B3A0D083A00383ACF
:1044A00002053A03C43A14053A15C4361800361208
:1044B00029370864370952370C03400102400402CF
:1044C00030000030021C3004FF3006C3300E58307C
:1044D0002E00430030501F00471304440704460BCE
:1044E00035460C223824025001A33406013400065C
:1044F00034018034020434030034040634050051CE
:1045000080FF5181F25182005183145184255185DD
:1045100024518616518716518816518962518A6234
:10452000518BF0518CB2518D50518E30518F305192
:1045300090505191F85192045193705194F05195CB
:10454000F0519603519701519804519912519A04D0
:10455000519B00519C06519D82519E3853811E53A0
:10456000825B538314538406538582538688538712
:104570007C53886053891C538A01538B98530008DD
:1045800053013053023F5303105304085305305373
:104590000618530728530908530A30530B04530CC9
:1045A0000654800154810654821254832454844A50
:1045B00054855854866554877254887D548988542C
:1045C0008A92548BA3548CB2548DC8548EDD548F70
:1045D000F054901555800655834055842055891018
:1045E000558A00558BF85000A758002058011958DB
:1045F000021758031658041858052158060F580773
:104600000A580807580907580A0A580B0C580C0A88
:10461000580D03580E01580F01581003581109582E
:10462000120A581303581401581501581603581745
:104630000858181058190A581A06581B06581C080A
:10464000581D0E581E22581F185820135821125852
:10465000221658231E58246458252A58262C5827D9
:104660002A58284658292A582A26582B24582C26B6
:10467000582D2A582E28582F425830405831425829
:104680003208583328583426583524583626583797
:104690002A58384458394A583A2C583B2A583C46EC
:1046A000583DCE568822568922568A42568B245629
:1046B0008C42568D24568E22568F225025003A0F5A
:1046C000303A10283A1B303A1E283A11613A1F102E
:1046D00040051A3406003503003008023A02073A52
:1046E00003AE3A08013A09273A0A003A0BF63A0EA5
:1046F000063A0D083A14073A15AE44010D47230354
:1047000000000000000000000000000000000000A9
:10471000000000000000000000001FCC000C0000A2
:1047200000000000000008003000600008003000B9
:1047300060000000022003FC1E20022003FC1E205B
:104740000220000000000E1811043FFF10840C78B6
:10475000000000000F0010840F3800C00778188494
:104760000078000000780F8410C411240E9800E433
:1047700000840008080068007000000000000000CD
:104780000000000000000000000007E018182004EE
:1047900040020000000040022004181807E000005A
:1047A000000000000240024001800FF00180024042
:1047B000024000000080008000800FF80080008030
:1047C000008000000001000D000E0000000000004D
:1047D0000000000000000080008000800080008059
:1047E000008000800000000C000C000000000000B1
:1047F00000000000000000060018006001800600B4
:1048000018002000000007F0080810041004080831
:1048100007F000000000080408041FFC0004000466
:104820000000000000000E0C10141024104411842D
:104830000E0C000000000C18100411041104128862
:104840000C700000000000E00320042408241FFC7A
:104850000024000000001F98108411041104108827
:1048600010700000000007F0088811041104188877
:104870000070000000001C00100010FC13001C0061
:104880001000000000000E38114410841084114400
:104890000E38000000000700088C104410440888FF
:1048A00007F00000000000000000030C030C0000F3
:1048B00000000000000000000001010600000000F0
:1048C00000000000000000800140022004100808E1
:1048D00010040000022002200220022002200220F8
:1048E000022000000000100408080410022001400B
:1048F0000080000000000E001200100C106C1080F0
:104900000F00000003E00C1813E4142417C4082857
:1049100007D000000004003C03C41C40074000E432
:10492000001C000410041FFC1104110411040E8863
:104930000070000003E00C181004100410041008AC
:104940001C10000010041FFC1004100410040808C0
:1049500007F0000010041FFC1104110417C4100418
:104960000818000010041FFC1104110017C01000EB
:104970000800000003E00C181004100410441C7818
:104980000040000010041FFC108400800080108490
:104990001FFC10040000100410041FFC100410047D
:1049A0000000000000030001100110011FFE1000B4
:1049B0001000000010041FFC110403801464181C74
:1049C0001004000010041FFC100400040004000484
:1049D000000C000010041FFC1F0000FC1F001FFC47
:1049E0001004000010041FFC0C04030000E0101869
:1049F0001FFC100007F00808100410041004080839
:104A000007F0000010041FFC10841080108010803C
:104A10000F00000007F0081810241024101C080ACA
:104A200007F2000010041FFC1104110011C0113026
:104A30000E0C000400000E1C11041084108410449D
:104A40001C3800001800100010041FFC1004100097
:104A50001800000010001FF81004000400041004E7
:104A60001FF8100010001E0011E0001C00701380E1
:104A70001C0010001FC0103C00E01F0000E0103CB4
:104A80001FC000001004180C163401C001C01634F9
:104A9000180C100410001C00130400FC13041C006C
:104AA000100000000804101C1064108413041C047F
:104AB000101800000000000000007FFE40024002CD
:104AC00040020000000030000C0003800060001C69
:104AD0000003000000004002400240027FFE000090
:104AE00000000000000000002000400040004000E6
:104AF0002000000000010001000100010001000190
:104B00000001000100004000400020000000000003
:104B10000000000000000098012401440144014409
:104B200000FC000410001FFC008801040104008840
:104B300000700000000000700088010401040104FE
:104B400000880000000000700088010401041108C2
:104B50001FFC0004000000F801440144014401442A
:104B600000C800000000010401040FFC110411043E
:104B700011001800000000D601290129012901C9EE
:104B80000106000010041FFC008401000100010464
:104B900000FC000400000104190419FC00040004D6
:104BA000000000000000000300010101190119FECE
:104BB0000000000010041FFC0024004001B4010CA0
:104BC000010400000000100410041FFC0004000495
:104BD00000000000010401FC0104010001FC0104CB
:104BE000010000FC010401FC00840100010001043B
:104BF00000FC0004000000F80104010401040104A9
:104C000000F80000010101FF008501040104008893
:104C1000007000000000007000880104010401051C
:104C200001FF00010104010401FC008401040100F2
:104C300001800000000000CC012401240124012493
:104C40000198000000000100010007F801040104C0
:104C500000000000010001F8000400040004010845
:104C600001FC0004010001800170000C00100160D3
:104C70000180010001F0010C003001C00030010C86
:104C800001F0010000000104018C00740170018C2E
:104C900001040000010101810171000E0018016092
:104CA0000180010000000184010C013401440184F1
:104CB000010C0000000000000000000001003EFCAC
:104CC000400240020000000000000000FFFF000062
:104CD000000000000000400240023EFC0100000015
:104CE00000000000000060008000800040004000E4
:104CF0002000200000000000000000000000000074
:104D0000000000003F4000000000000000003000F4
:104D1000400030004000000009000BC03D000BC007
:104D20003D00090018C024407FE02240318000008F
:104D3000180024C01B000D803240018003801C40FD
:104D400027401C8007400040100060000000000069
:104D5000000000000000000000001F8020404020F4
:104D60000000402020401F800000000009000600D5
:104D70001F80060009000000040004003F800400BA
:104D800004000000001000600000000000000000AF
:104D900004000400040004000400000000000040BF
:104DA0000000000000000000002001C006003800E4
:104DB000400000001F802040204020401F80000055
:104DC000000010403FC000400000000018C021401B
:104DD00022402440184000001080204024402440FD
:104DE0001B80000002000D0011003FC001400000C8
:104DF0003C80244024402440238000001F80244025
:104E000024403440038000003000200027C03800D8
:104E1000200000001B802440244024401B80000010
:104E20001C0022C0224022401F8000000000000021
:104E300008400000000000000000000004600000C6
:104E400000000000000004000A0011002080404023
:104E500009000900090009000900000000004040A5
:104E6000208011000A0004001800200023402400C4
:104E7000180000001F802040274029401F400000EC
:104E8000004007C039000F0001C0004020403FC073
:104E9000244024401B8000001F80204020402040F0
:104EA0003080000020403FC0204020401F80000094
:104EB00020403FC024402E4030C0000020403FC072
:104EC00024402E00300000000F00108020402240BF
:104ED0003380020020403FC0040004003FC0204057
:104EE000204020403FC020402040000000602020A3
:104EF00020203FC02000200020403FC024400B0065
:104F000030C0204020403FC020400040004000C052
:104F10003FC03C0003C03C003FC0000020403FC0F9
:104F20000C4023003FC020001F8020402040204034
:104F30001F80000020403FC02440240018000000D3
:104F40001F802140214020E01FA0000020403FC0E2
:104F50002440260019C0004018C0244024402240AC
:104F600031800000300020403FC020403000000071
:104F700020003F80004000403F80200020003E0095
:104F800001C0070038002000380007C03C0007C0FF
:104F900038000000204039C0060039C02040000021
:104FA0002000384007C0384020000000304021C0B9
:104FB0002640384020C00000000000007FE0402074
:104FC00040200000000070000C0003800040000042
:104FD0000000402040207FE0000000000000200092
:104FE0004000200000000000001000100010001021
:104FF0000010001000000000400000000000000051
:10500000000002800540054003C0004020003FC072
:10501000044004400380000000000380044004407A
:105020000640000000000380044024403FC00040D0
:1050300000000380054005400340000000000440DC
:105040001FC0244024402000000002E0055005500D
:105050000650042020403FC00440040003C000402C
:105060000000044027C000400000000000100010B5
:10507000041027E00000000020403FC0014007006E
:1050800004C00440204020403FC0004000400000D9
:1050900007C0040007C0040003C00000044007C0AC
:1050A0000440040003C000400000038004400440AA
:1050B00003800000041007F0045004400380000047
:1050C000000003800440045007F00010044007C0B3
:1050D00002400400040000000000064005400540B6
:1050E00004C00000000004001F80044000400000D5
:1050F000040007800040044007C00040040007008F
:1051000004C0018006000400060001C0070001C0C1
:1051100006000000044006C0010006C00440000074
:105120000410071004E001800600040000000440A1
:1051300005C00640044000000000000004007BE0C1
:1051400040200000000000000000FFF00000000010
:10515000000040207BE004000000000040008000D0
:105160004000200020004000040000000400000077
:1051700008000000080000001000000010000000FF
:105180002400000024000000400200004002000053
:1051900000090000000900000000000001020304F3
:1051A000010203040607080900061016000610167F
:1051B000000000000100000029EE000801000000CE
:1051C00000040000000000000800000059F500087D
:1051D00000000000080000000000000000000000C7
:1051E00004000000E9FE000851FF00080400000070
:1051F0000000000051FF0008020000000000000055
:10520000000000000100000000000000000000009D
:105210000D000000303132333435363738396162B1
:10522000636465663031323334353637383941425C
:105230004344454600000000000000000000F03F2D
:10524000748515D3B0D9EF3F0F89F96C58B5EF3F8E
:10525000515B12D00193EF3F7B517D3CB872EF3F21
:10526000AAB968318754EF3F3862756E7A38EF3FDC
:10527000E1DE1FF59D1EEF3F15B7310AFE06EF3F39
:10528000CBA93A37A7F1EE3F2234124CA6DEEE3F0F
:105290002D89616008CEEE3F272A36D5DABFEE3F72
:1052A000824F9D562BB4EE3F295448DD07ABEE3FAD
:1052B00085553AB07EA4EE3FCD3B7F669EA0EE3F83
:1052C000745FECE8759FEE3F8701EB7314A1EE3F2E
:1052D00013CE4C9989A5EE3FDBA02A42E5ACEE3F08
:1052E000E5C5CDB037B7EE3F90F0A38291C4EE3F55
:1052F0005D253EB203D5EE3FADD35A999FE8EE3F10
:10530000475EFBF276FFEE3F9C5285DD9B19EF3F37
:105310006990EFDC2037EF3F87A4FBDC1858EF3FA4
:105320005F9B7B33977CEF3FDA90A4A2AFA4EF3F63
:1053300040456E5B76D0EF3F000000000000E84281
:105340009423914BF86AAC3FF3C4FA50CEBFCE3FE2
:10535000D6520CFF422EE63F00000000000038430A
:10536000FE822B65471547409423914BF86ABC3E5B
:10537000F3C4FA50CEBF2E3FD6520CFF422E963FBA
:10538000232D302B2000686C4C006566674546472E
:1053900000303132333435363738394142434445B1
:1053A0004600303132333435363738396162636420
:0453B000656600002E
:0853B400E4AFFE7F01000000E0
:0453BC00C50200081E
:0453C000A10200083E
:1053C40001000000090243000201008032090400C8
:1053D400000102020100052400100105240100015E
:1053E40004240202052406000107058203080010B4
:1053F40009040100020A0000000705010240000040
:105404000705810240000000B52300085923000865
:105414005922000800000000E1200008F1210008E2
:10542400B921000800000000000000000000000096
:105434007121000829210008792400081921000895
:10544400000000000A060002000000400100000005
:10545400012600087925000841260008992500083E
:105464009525000800C20100000008001A0300008E
:105474000000000000000000000000000000000028
:1054840000000000000000000403090412010002EF
:10549400020200408304405700020102030100009D
:1054A400BD320008C9320008D5320008ED320008C8
:1054B40045330008153300082D3300089807200AE7
:1054C400FFFF0000424F4F540000000000000000A6
:1054D40000000000000000000000000000000000C8
:1054E40000000000000000000000000000000000B8
:1054F40000000000000000000000000000000000A8
:105504000000000000000000000000000000000097
:105514000000000000000000000000000000000087
:10552400000000004E4F5420494E49540000000032
:105534000000000000000000000000000000000067
:105544000000000000000000000000000000000057
:10555400000000000090D0030090D0030100000080
:10556400100000004D41434B000000004D524544E3
:10557400410000004D414354410000004D4552524A
:10558400000000004D43415002010C0C008000005B
:10559400712AE8B3D801002400000000486D0424F7
:1055A400B06D0424186E0424000000000000000004
:1055B40000000000000000000000000000000000E7
:1055C40000000000000000000000000000000000D7
:1055D40000000000000000000000000000000000C7
:0455E40000000000C3
:1055E80000000000000000000000000000000000B3
:1055F80000000000000000000000000000000000A3
:105608000000000000000000000000000000000092
:105618000000000000000000000000000000000082
:105628000000000000000000000000000000000072
:105638000000000000000000000000000000000062
:105648000000000000000000000000000000000052
:105658000000000000000000000000000000000042
:105668000000000000000000000000000000000032
:105678000000000000000000000000000000000022
:105688000000000000000000000000000000000012
:105698000000000000000000000000000000000002
:1056A80000000000000000000000000000000000F2
:1056B80000000000000000000000000000000000E2
:1056C80000000000000000000000000000000000D2
:1056D80000000000000000000000000000000000C2
:1056E80000000000000000000000000000000000B2
:1056F80000000000000000000000000000000000A2
:105708000000000000000000000000000000000091
:105718000000000000000000000000000000000081
:105728000000000000000000000000000000000071
:105738000000000000000000000000000000000061
:105748000000000000000000000000000000000051
:105758000000000000000000000000000000000041
:105768000000000000000000000000000000000031
:105778000000000000000000000000000000000021
:105788000000000000000000000000000000000011
:105798000000000000000000000000000000000001
:1057A80000000000000000000000000000000000F1
:1057B80000000000000000000000000000000000E1
:1057C80000000000000000000000000000000000D1
:1057D80000000000000000000000000000000000C1
:1057E80000000000000000000000000000000000B1
:1057F80000000000000000000000000000000000A1
:105808000000000000000000000000000000000090
:105818000000000000000000000000000000000080
:105828000000000000000000000000000000000070
:105838000000000000000000000000000000000060
:105848000000000000000000000000000000000050
:105858000000000000000000000000000000000040
:105868000000000000000000000000000000000030
:105878000000000000000000000000000000000020
:105888000000000000000000000000000000000010
:105898000000000000000000000000000000000000
:1058A80000000000000000000000000000000000F0
:1058B80000000000000000000000000000000000E0
:1058C80000000000000000000000000000000000D0
:1058D80000000000000000000000000000000000C0
:1058E80000000000000000000000000000000000B0
:1058F80000000000000000000000000000000000A0
:10590800000000000000000000000000000000008F
:10591800000000000000000000000000000000007F
:10592800000000000000000000000000000000006F
:10593800000000000000000000000000000000005F
:10594800000000000000000000000000000000004F
:10595800000000000000000000000000000000003F
:10596800000000000000000000000000000000002F
:10597800000000000000000000000000000000001F
:10598800000000000000000000000000000000000F
:1059980000000000000000000000000000000000FF
:1059A80000000000000000000000000000000000EF
:1059B80000000000000000000000000000000000DF
:1059C80000000000000000000000000000000000CF
:1059D80000000000000000000000000000000000BF
:1059E80000000000000000000000000000000000AF
:1059F800000000000000000000000000000000009F
:105A0800000000000000000000000000000000008E
:105A1800000000000000000000000000000000007E
:105A2800000000000000000000000000000000006E
:105A3800000000000000000000000000000000005E
:105A4800000000000000000000000000000000004E
:105A5800000000000000000000000000000000003E
:105A6800000000000000000000000000000000002E
:105A7800000000000000000000000000000000001E
:105A8800000000000000000000000000000000000E
:105A980000000000000000000000000000000000FE
:105AA80000000000000000000000000000000000EE
:105AB80000000000000000000000000000000000DE
:105AC80000000000000000000000000000000000CE
:105AD80000000000000000000000000000000000BE
:105AE80000000000000000000000000000000000AE
:105AF800000000000000000000000000000000009E
:105B0800000000000000000000000000000000008D
:105B1800000000000000000000000000000000007D
:105B2800000000000000000000000000000000006D
:105B3800000000000000000000000000000000005D
:105B4800000000000000000000000000000000004D
:105B5800000000000000000000000000000000003D
:105B6800000000000000000000000000000000002D
:105B7800000000000000000000000000000000001D
:105B8800000000000000000000000000000000000D
:105B980000000000000000000000000000000000FD
:105BA80000000000000000000000000000000000ED
:105BB80000000000000000000000000000000000DD
:105BC80000000000000000000000000000000000CD
:105BD80000000000000000000000000000000000BD
:105BE80000000000000000000000000000000000AD
:105BF800000000000000000000000000000000009D
:105C0800000000000000000000000000000000008C
:105C1800000000000000000000000000000000007C
:105C2800000000000000000000000000000000006C
:105C3800000000000000000000000000000000005C
:105C4800000000000000000000000000000000004C
:105C5800000000000000000000000000000000003C
:105C6800000000000000000000000000000000002C
:105C7800000000000000000000000000000000001C
:105C8800000000000000000000000000000000000C
:105C980000000000000000000000000000000000FC
:105CA80000000000000000000000000000000000EC
:105CB80000000000000000000000000000000000DC
:105CC80000000000000000000000000000000000CC
:105CD80000000000000000000000000000000000BC
:105CE80000000000000000000000000000000000AC
:105CF800000000000000000000000000000000009C
:105D0800000000000000000000000000000000008B
:105D1800000000000000000000000000000000007B
:105D2800000000000000000000000000000000006B
:105D3800000000000000000000000000000000005B
:105D4800000000000000000000000000000000004B
:105D5800000000000000000000000000000000003B
:105D6800000000000000000000000000000000002B
:105D7800000000000000000000000000000000001B
:105D8800000000000000000000000000000000000B
:105D980000000000000000000000000000000000FB
:105DA80000000000000000000000000000000000EB
:105DB80000000000000000000000000000000000DB
:105DC80000000000000000000000000000000000CB
:105DD80000000000000000000000000000000000BB
:105DE80000000000000000000000000000000000AB
:105DF800000000000000000000000000000000009B
:105E0800000000000000000000000000000000008A
:105E1800000000000000000000000000000000007A
:105E2800000000000000000000000000000000006A
:105E3800000000000000000000000000000000005A
:105E4800000000000000000000000000000000004A
:105E5800000000000000000000000000000000003A
:105E6800000000000000000000000000000000002A
:105E7800000000000000000000000000000000001A
:105E8800000000000000000000000000000000000A
:105E980000000000000000000000000000000000FA
:105EA80000000000000000000000000000000000EA
:105EB80000000000000000000000000000000000DA
:105EC80000000000000000000000000000000000CA
:105ED80000000000000000000000000000000000BA
:105EE80000000000000000000000000000000000AA
:105EF800000000000000000000000000000000009A
:105F08000000000000000000000000000000000089
:105F18000000000000000000000000000000000079
:105F28000000000000000000000000000000000069
:105F38000000000000000000000000000000000059
:105F48000000000000000000000000000000000049
:105F58000000000000000000000000000000000039
:105F68000000000000000000000000000000000029
:105F78000000000000000000000000000000000019
:105F88000000000000000000000000000000000009
:105F980000000000000000000000000000000000F9
:105FA80000000000000000000000000000000000E9
:105FB80000000000000000000000000000000000D9
:105FC80000000000000000000000000000000000C9
:105FD80000000000000000000000000000000000B9
:105FE80000000000000000000000000000000000A9
:105FF8000000000000000000000000000000000099
:106008000000000000000000000000000000000088
:106018000000000000000000000000000000000078
:106028000000000000000000000000000000000068
:106038000000000000000000000000000000000058
:040000050800078D5B
:00000001FF
