:10000000000002205DB7000035B5000045B50000D6
:10001000A5B50000B5B50000C5B5000000000000A2
:10002000000000000000000000000000D5B5000046
:10003000E5B500000000000081B40000C9B6000072
:10004000F5B50000F5B50000F5B50000F5B5000008
:10005000F5B50000F5B50000F5B50000F5B50000F8
:10006000F5B50000F5B50000F5B50000F5B50000E8
:10007000F5B50000F5B50000F5B50000F5B50000D8
:10008000F5B50000F5B50000F5B50000F5B50000C8
:10009000F5B50000F5B50000F5B50000F5B50000B8
:1000A000F5B50000F5B50000F5B50000F5B50000A8
:1000B000F5B50000F5B50000F5B50000F5B5000098
:1000C000F5B50000F5B50000F5B50000F5B5000088
:1000D000F5B50000F5B50000F5B50000F5B5000078
:1000E000F5B50000F5B50000F5B50000F5B5000068
:1000F000F5B50000F5B50000F5B50000F5B5000058
:1001000080B500AF0AF0F4FD00BF80BD80B584B0BB
:1001100000AF78600AF0FCFEF86007F10B030121E4
:1001200018460AF0BBFDF8680AF0D8FEFB7A1846BC
:100130001037BD4680BD80B586B000AF78607B6863
:100140007B6100233B610AF0E3FE0346FB60012173
:1001500078690AF0A3FD012178690AF075FD7B69D1
:100160001B780D2B04D101210F480AF06DFD0EE024
:100170007B691B78032B03D14FF0FF333B6106E013
:100180007B6901337B613B6901333B61DFE77B695D
:1001900000221A70FB6818460AF0A0FE3B69184658
:1001A0001837BD4680BD00BF7A08010080B584B015
:1001B00000AF78607B68DBB2FB720AF0A9FE0346F1
:1001C000FB60FB7A0A2B03D1012109480AF03CFDB0
:1001D00007F10B03012118460AF036FDFB681846AB
:1001E0000AF07CFE002318461037BD4680BD00BFD4
:1001F0007B08010080B584B000AF78607B68FB604D
:100200000AF086FE0346BB6006E0FB685A1CFA60F3
:100210001B781846FFF7CAFFFB681B78002BF4D148
:10022000BB6818460AF05AFE002318461037BD4630
:1002300080BD00BF80B487B000AFF860B9601346DE
:10024000FB71FB799B10DBB203F01003FB75FB79AC
:1002500003F03F03FB7114E0FA79BB68B3FBF2F1E2
:1002600001FB02F29A1AFB7D1344FA68013AFA6024
:100270000E4AD25CFB681A70FB79BA68B2FBF3F3E2
:10028000BB60FB79BA689A42E6D2FA7DBB68134438
:10029000FA68013AFA60054AD25CFB681A70FB689A
:1002A00018461C37BD465DF8047B70478C0801007A
:1002B00080B590B000AFF860B9607A603B60002311
:1002C0003B63EFE297F82730252B07D03B6B002BE1
:1002D00040F0E8827B68013B3B63E3E23B6B002B31
:1002E00009D07A683B6BD31A591EFB68BA68386B21
:1002F000984700233B63002387F825307B685A1C0E
:100300007A601B7887F8273097F82730203B102B2E
:1003100048D801A252F823F079030000A503000099
:10032000A503000087030000A5030000A50300004B
:10033000A5030000A5030000A5030000A50300001D
:10034000A50300006B030000A50300005D0300008F
:10035000A5030000A50300009503000097F82530D1
:1003600043F0010387F825301BE097F8253043F070
:10037000020387F8253014E097F8253043F0040392
:1003800087F825300DE097F8253043F0080387F80B
:10039000253006E097F8253043F0100387F8253024
:1003A00000BFABE700BF97F827302A2B19D13B6875
:1003B0001A1D3A601B687B87B7F93A30002B09DABF
:1003C0007B8F5B429BB27B8797F8253043F001031C
:1003D00087F825307B685A1C7A601B7887F82730AD
:1003E0001EE000237B8713E07B8F1A4692001344A4
:1003F0005B009AB297F827309BB213449BB2303B14
:100400009BB27B877B685A1C7A601B7887F8273001
:1004100097F827302F2B03D997F82730392BE3D9BA
:100420004FF6FF733B8797F827302E2B40D17B6820
:100430005A1C7A601B7887F8273097F827302A2BC8
:1004400011D13B681A1D3A601B683B87B7F93830F9
:10045000002B01DA00233B877B685A1C7A601B78EB
:1004600087F827301EE000233B8713E03B8F1A46B6
:10047000920013445B009AB297F827309BB2134462
:100480009BB2303B9BB23B877B685A1C7A601B78DF
:1004900087F8273097F827302F2B03D997F8273084
:1004A000392BE3D997F8253023F0100387F825304E
:1004B000002387F8243097F82730682B03D097F86B
:1004C00027306C2B09D197F8273087F824307B68C8
:1004D0005A1C7A601B7887F827300A2387F8263061
:1004E0000023FB7407F114030E33BB6297F8273027
:1004F000782B00F34D81642B0BDA632B00F03581F0
:10050000632B00F34581002B00F03E81582B22D055
:100510003EE1643B012202FA03F39F4A1A40002A9B
:1005200014BF01220022D2B2002A14D103F40042E7
:10053000002A14BF01220022D2B2002A40F0F1802A
:1005400003F48053002B14BF01230023DBB2002BE4
:1005500040F0CF801CE197F824306C2B05D13B682C
:100560001A1D3A601B68FB6316E03B681A1D3A606F
:100570001B68FB6397F82430682B0DD197F8273060
:10058000692B03D097F82730642B02D1FB6B1BB289
:1005900001E0FB6B9BB2FB6397F82730583B202BA5
:1005A00000F2948001A252F823F000BF730600000D
:1005B000CD060000CD060000CD060000CD060000EF
:1005C000CD060000CD060000CD060000CD060000DF
:1005D000CD060000CD060000CD060000310600006B
:1005E000CD060000CD060000CD060000CD060000BF
:1005F00031060000CD060000CD060000CD0600004B
:10060000CD060000CD06000087060000CD060000E4
:10061000CD060000CD060000CD060000CD0600008E
:10062000CD060000CD060000CD0600007D060000CE
:10063000FB6B002B05DAFB6B5B42FB632D23FB742A
:1006400010E097F8253003F00203002B02D02B2393
:10065000FB7407E097F8253003F00403002B32D039
:100660002023FB74B7F93A309BB2013B9BB27B87E6
:100670002CE097F82630403387F8263097F826305C
:10068000083387F8263097F82630023B87F8263063
:1006900097F8253003F00803002B16D0FB6B002BD6
:1006A00013D07A8F97F82630082B01D1012300E070
:1006B0000223D31A9BB27B8797F8263063F07F031F
:1006C00087F8263001E000BF00E000BFFB6B002B85
:1006D00003D1B7F93830002B08D097F826301A46E6
:1006E000F96BB86AFFF7A6FD034600E0BB6AFB6240
:1006F00055E03B681A1D3A601B68FB63FB6B002BDF
:1007000006D0902387F826307B8F023B9BB27B87F5
:1007100097F826301A46F96BB86AFFF78BFDF86236
:100720003DE03B681A1D3A601B68FB62FB6ABB62D6
:10073000B7F93830002B0BDA02E0BB6A0133BB6239
:10074000BB6A1B78002BF8D128E0BB6A0133BB627F
:100750003B8F013B9BB23B87B7F93830002B1DDB49
:10076000BB6A1B78002BF0D118E0BB6AFB623B68C8
:100770001A1D3A601A68FB6A013BFB62D2B2FB6A3F
:100780001A7000233B870AE07B68013B7B6089E0AD
:100790007B68013B3B6385E02108120000BFBA6A19
:1007A000FB6AD31AFB863A8FFB8ED31A9BB23B8728
:1007B000B7F93830002B04DDFA8E3B8F13449BB21F
:1007C000FB867A8FFB8ED31A9BB27B8797F82530F6
:1007D00003F01103002B0DD104E0FB68BA6801217E
:1007E0003D4898477B8F013B9BB27B87B7F93A30F6
:1007F000002BF2DAFB7C002B05D007F11300FB681D
:10080000BA680121984797F92630002B17DAFB6860
:10081000BA6801213148984797F8263003F0100351
:10082000002B0CD097F8263003F04003002B01D0AA
:100830002B4800E02B48FB68BA68012198473B8FA2
:10084000FB86B7F93630002B0FDC97F8253003F024
:100850001103102B09D17B8FFB8600237B8704E0DB
:10086000FB68BA6801211D489847FB8E013B9BB28B
:10087000FB86B7F93630002BF2DABA6AFB6AD11A76
:10088000FB68BA68F86A984704E0FB68BA68012117
:10089000114898477B8F013B9BB27B87B7F93A3071
:1008A000002BF2DA7B685A1C7A601B7887F82730B5
:1008B00097F82730002B7FF405AD3B6B002B07D05A
:1008C0007A683B6BD31A591EFB68BA68386B984735
:1008D00000BF4037BD4680BD7C0801008008010094
:1008E000840801008808010080B584B000AFF8607A
:1008F000B9607A607B68B3F900309AB2BB689BB28A
:1009000013449BB21AB27B681A8006E0FB685A1C3B
:10091000FA601B781846FFF749FCBB68013BBB60D7
:10092000BB68002BF2DA00BF00BF1037BD4680BDA8
:100930000FB480B582B000AF00237B8007F11403B1
:100940007B60B91C7B683A690548FFF7B1FCB7F9D1
:10095000023018460837BD46BDE8804004B07047F5
:10096000E908000080B485B000AFF860B9607A6033
:100970007B68B3F900309AB2BB689BB213449BB258
:100980001AB27B681A8009E0FA68531CFB607B6826
:100990005B68581C7968486012781A70BB68013B24
:1009A000BB60BB68002BEFDA00BF00BF1437BD4649
:1009B0005DF8047B70470EB480B587B000AF7860F7
:1009C00000233B827B687B6107F12803FB6007F112
:1009D0001001FB687A6A0948FFF76AFCB7F9103022
:1009E0001A467B68134400221A70B7F91030184673
:1009F0001C37BD46BDE8804003B070476509000064
:100A000080B584B000AF78600AF082FAF8607B6845
:100A10001B685A1C7B681A607B681B68BB60F8689F
:100A20000AF05CFABB6818461037BD4680BD80B539
:100A300084B000AF78600AF06BFAF8607B681B68DE
:100A4000591E7A681160BB60F8680AF047FABB6803
:100A500018461037BD4680BD80B582B000AF7860C3
:100A60007868FFF7CDFF0346002B07DD7B685B68E6
:100A70004FF0FF320121184606F02BF800BF08376F
:100A8000BD4680BD80B582B000AF78607868FFF762
:100A9000CEFF0346002B05DD7B685B68012118460D
:100AA00005F040FF00BF0837BD4680BD80B58AB065
:100AB00000AF786039600123FB6000233B610123B4
:100AC0007B6107F108037B62164B3B620023FB61ED
:100AD0000AE03A6A531C3B627B6A591C79621278BD
:100AE0001A70FB690133FB61FB69032BF1DD07F130
:100AF0000803184605F04CFEB861BB69002B01DA0B
:100B0000BB690AE07B68BA695A607B684FF0FF32C4
:100B10001A607B683A689A60002318462837BD46F9
:100B200080BD00BFAC08010080B582B000AF786026
:100B30007B685B68002B04DD7B685B68184605F00A
:100B4000A1FE7B6800225A6000BF0837BD4680BD09
:100B500080B584B000AF78600AF0DAF9F8607B689D
:100B60001B685A1C7B681A60F8680AF0B7F900BF66
:100B70001037BD4680BD80B584B000AF78600AF004
:100B8000C7F9F8607B681B685A1E7B681A60F868B2
:100B90000AF0A4F900BF1037BD4680BD80B586B00D
:100BA00000AF7860396001223B6802FA03F37B6191
:100BB0000AF0AEF938617B681B687A691340FB6004
:100BC0007B681A687B691A437B681A6038690AF087
:100BD00085F9FB6818461837BD4680BD80B584B0DE
:100BE00000AF786039600AF093F9F8607B681A68A2
:100BF00001213B6801FA03F3DB431A407B681A606A
:100C0000F8680AF06BF900BF1037BD4680BD80B5AB
:100C10008AB002AFF860B9607A600122BB6802FA5C
:100C200003F3BB61FB6804331846FFF791FFFB68D1
:100C3000B9681846FFF7B2FF0346002B02D1002324
:100C4000FB6110E0FB68986807F114027B68009371
:100C500013462122B96902F08FF9F861FB69002B74
:100C600000DBE4E700BFFB6804331846FFF783FFAF
:100C7000FB6918462037BD4680BD80B582B000AF05
:100C8000786039604FF0FF3239687868FFF7BFFF4E
:100C9000034618460837BD4680BD80B584B000AF16
:100CA0007860396001223B6802FA03F3FB607B68DD
:100CB00039681846FFF792FF7B685B68002B07D006
:100CC0007B689B68F968184602F06AF8034600E002
:100CD0000023BB60BB6818461037BD4680BD80B599
:100CE0008AB000AF7860396009233B6100237B61E3
:100CF00007F10C037B62174B3B620023FB610AE0A8
:100D00003A6A531C3B627B6A591C796212781A70EA
:100D1000FB690133FB61FB69032BF1DD07F10C0378
:100D2000184601F08DFFB8617B68BA699A60BB69AB
:100D3000002B01DABB6909E07B6800225A607B68FE
:100D400000221A607B683A68DA6000231846283768
:100D5000BD4680BDB408010080B584B000AF7860A6
:100D60007B689B68002B02DC6FF010030EE07B6851
:100D70009B68184601F0C4FFF860FB68002B01DA9D
:100D8000FB6803E07B6800229A6000231846103756
:100D9000BD4680BD80B582B000AF7860786803F052
:100DA00079F8034618460837BD4680BD80B582B045
:100DB00000AF786039603968786803F0C1F803469D
:100DC00018460837BD4680BD80B582B000AF786058
:100DD00039603968786803F0D0F803461846083758
:100DE000BD4680BD80B582B000AF7860786803F002
:100DF000F8F800BF0837BD4680BDF0B484B000AF3E
:100E0000F860B9607A60FC68BB68DDB27B68072B6C
:100E100012DC03E023465C1C2A461A707B685A1ECB
:100E20007A60002BF6DCFB682EE07B68013B7B6080
:100E300023465C1C2A461A70234603F00303002B4A
:100E4000F3D126462A4613461B021A442B461B049E
:100E50001A432B461B0642EA030405E033461E1DD7
:100E60001C607B68043B7B607B68032BF6DC3446AC
:100E700006E023465C1C2A461A707B68013B7B60B7
:100E80007B68002BF5D1FB6818461037BD46F0BCD7
:100E90007047B0B485B000AFF860B9607A60FC68A4
:100EA000BD6805E02A46551C23465C1C12781A7062
:100EB0007B685A1E7A60002BF4DCFB6818461437F6
:100EC000BD46B0BC704790B482B000AF78607C681B
:100ED00000E001342378002BFBD17B68E31A18462D
:100EE0000837BD4690BC704790B482B000AF7860C0
:100EF00039607C6823465C1C3A6812781A703B683B
:100F00005A1C3A601B78002BF4D17B6818460837CE
:100F1000BD4690BC704790B484B000AFF860B96033
:100F20007A60FC687B685A1E7A60002B01DCFB68E3
:100F300015E023465C1CBA6812781A70BB685A1C0C
:100F4000BA601B78002BEDD103E023465C1C002225
:100F50001A707B685A1E7A60002BF6DCFB68184614
:100F60001037BD4690BC704790B482B000AF786037
:100F700039600DE07B685A1C7A601B7819463B6823
:100F80005A1C3A601B78CC1A002C01D0234609E089
:100F90007B681B78002BEDD17B681B781A463B6879
:100FA0001B78D31A18460837BD4690BC704790B4DA
:100FB00082B000AF786039607C6800E0013423784B
:100FC000002BFBD106E03B685A1C3A602246541CB9
:100FD0001B7813703B681B78002BF4D1002323701F
:100FE0007B6818460837BD4690BC704780B483B014
:100FF00000AF78607B687A681A607B687A685A60AC
:1010000000BF0C37BD465DF8047B704780B483B0E9
:1010100000AF78607B681B687A689A420CBF012336
:101020000023DBB218460C37BD465DF8047B7047E1
:1010300080B483B000AF786039603B685A687B68E1
:101040005A607B683A681A603B685B687A681A6025
:101050003B687A685A6000BF0C37BD465DF8047B78
:10106000704780B483B000AF78607B681B687A6893
:101070009A4209D07B685B687A6812681A607B685C
:101080001B687A6852685A6000BF0C37BD465DF82D
:10109000047B704780B485B000AF78607B681B68C4
:1010A0007A689A4201D100230BE07B681B68FB60E1
:1010B000FB681A687B681A60FB681B687A685A606C
:1010C000FB6818461437BD465DF8047B704780B452
:1010D00083B000AF78607B681B127B607B68002B5D
:1010E00002DD7B68082B02DD6FF0110300E00023B6
:1010F00018460C37BD465DF8047B704780B584B058
:1011000000AF7860114B1B68FB6015E0FB68BB60AB
:10111000BB681A7A7B681B789A420AD1BB6808338D
:1011200079681846FFF720FF0346002B01D1BB6802
:1011300007E0FB681B68FB60FB68044A9342E5D14B
:10114000002318461037BD4680BD00BF9404002020
:1011500080B584B000AF78600F48FFF79BFFF86060
:10116000FB68002B01D1002311E0FB680833092242
:1011700079681846FFF7CFFEFB6840331846FFF743
:1011800035FFFB6805491846FFF752FFFB68184614
:101190001037BD4680BD00BF9C0400209404002091
:1011A00080B582B000AF78607B681846FFF759FFC2
:1011B0007B6805491846FFF73BFF7B6800221A72DF
:1011C00000BF0837BD4680BD9C040020B0B588B084
:1011D00000AFF860B9607A6001214F48FFF74DFD1C
:1011E000F868FFF770FEB861BB69002B02D0BB69DD
:1011F000082B03DD6FF010037B6184E0BB68002BDC
:1012000027D0BB68DB68002B03DBBB68DB68FF2BE8
:1012100003DD6FF010037B6175E0BB68DB68002BBA
:1012200002DDBB690133BB61BB68DB680A2B02DDF1
:10123000BB690133BB61BB68DB68642B02DDBB6942
:101240000133BB61BB69082B03DD6FF010037B61C9
:1012500059E000213048FFF710FDF868FFF74EFF16
:10126000F861FB69002B11D1BB68002B03D16FF033
:1012700029037B6143E0F868FFF76AFFF861FB69C7
:10128000002B03D16FF021037B6138E0BB68002B9A
:1012900014D0FB69BA6803F1140415460FCD0FC4CE
:1012A0000FCD0FC495E8070084E807007B68002B8A
:1012B00013D07B68194A12681A600EE0FB6940334C
:1012C0001846FFF7A3FE0346002B03D16FF040033F
:1012D0007B6114E0F869FFF763FF00210E48FFF718
:1012E000DCFC01210C48FFF7D8FCFB690C4A9B1A77
:1012F000DB100C4A02FB03F301331B0208E0002160
:101300000548FFF7CAFC01210348FFF7C6FC7B69CB
:1013100018462037BD46B0BD4002002050020020D4
:1013200054020020398EE33880B582B000AF786077
:1013300000210848FFF7A1FC7B68074A12681A6081
:1013400000210448FFF7A9FC002318460837BD46D2
:1013500080BD00BF400200205002002080B485B054
:1013600000AF786039600DE0FB7A2F2B02D9FB7A51
:10137000392B0ED97B685A1C7A60FA7A1A703B684E
:1013800001333B603B681B78FB72FB7A002BEBD18F
:1013900000E000BF7B6800221A700023FB60FB7A2C
:1013A000002B16D00CE0FA6813469B0013445B0038
:1013B0001A46FB7A303B1344FB603B6801333B60C9
:1013C0003B681B78FB72FB7A002BECD1FB68013386
:1013D000FB60FB6818461437BD465DF8047B704718
:1013E00080B588B000AFF860B9607A60B968F86815
:1013F000FFF77AFD7B68002B34DD07F110030B3318
:10140000FB61FB6900221A7002E0FB680133FB609C
:10141000FB681B78002BF8D17B68013B7B607A6806
:10142000124B83FB02139910D317C91A0B469B006A
:101430000B445B00D11ACBB2FA69013AFA6130333E
:10144000DAB2FB691A707B68084A82FB03129210B9
:10145000DB17D31A7B607B68002BE0D1F969F86851
:10146000FFF7A5FD00BF2037BD4680BD67666666F5
:1014700080B584B000AF786039607868FFF727FEE8
:10148000F860FB68002B37DB00211E48FFF7F5FBF7
:101490007B681B121A461346DB001344DB00483BF3
:1014A000194A1344BB60BB681B7A002B05D07B68CC
:1014B000DAB2BB681B6A9A4208DD6FF02903FB6051
:1014C00000BF00210F48FFF7E8FB16E0BB680833B8
:1014D0007A68D2B219463868FFF782FF00210948BE
:1014E000FFF7DBFBBB68084A9B1ADB10074A02FBCD
:1014F00003F301331B0201E000BFFB6818461037FD
:10150000BD4680BD4002002054020020398EE338E1
:1015100080B588B000AF7860396007F1080379685A
:101520001846FFF71BFFF86100212048FFF7A5FBD5
:1015300007F108031846FFF7E1FDB861BB69002B0E
:1015400004D0BB691B6AFA699A4209DD6FF029036E
:101550007B6100BF00211548FFF79FFB7B6920E0FE
:101560003B68002B0ED0BB69DA693B681A60BB6927
:101570005A6A3B685A60BB691A6A3B689A603B6862
:10158000FA69DA6000210948FFF787FBBB69084A5E
:101590009B1ADB10074A02FB03F301331A02FB69B3
:1015A000134418462037BD4680BD00BF40020020CE
:1015B00054020020398EE33880B586B000AF7860E1
:1015C000396000211F48FFF758FB07F108031A464E
:1015D0000021786800F02CFA78617B69002B27DB0A
:1015E000BB685B693B61BB689B69FB603B68002B28
:1015F0000ED03B69DA693B681A603B695A6A3B68FE
:101600005A603B691A6A3B689A603B68FA68DA601C
:1016100000210C48FFF741FB3B690B4A9B1ADB108A
:101620000A4A02FB03F301331A02FB68134405E084
:1016300000BF00210348FFF730FB7B6918461837CD
:10164000BD4680BD4002002054020020398EE338A0
:1016500080B58AB000AFF860B9607A60BB68002BD3
:1016600002DB7B68002B03DA6FF01003FB6149E0BB
:1016700000212748FFF701FBBA687B681344BB6170
:1016800000233B62234B1B687B6227E03A6ABB68FE
:101690009A421DDB3A6ABB699A4219DA7B6A7B611E
:1016A0007B69DA69FB681A607B695A6AFB685A6071
:1016B0007B691A6AFB689A60FB6803F10C007B691E
:1016C000083308221946FFF726FCFB681433FB6039
:1016D0003B6A01333B627B6A1B687B627B6A0D4A13
:1016E0009342D3D100210A48FFF7D7FABA683B6A80
:1016F0009A4203DB6FF02903FB6103E03A6ABB689F
:10170000D31A00E0FB6918462837BD4680BD00BFEC
:10171000400200209404002080B588B000AFF8603B
:10172000B9607A60F868FFF7D2FCF861FB69002BBA
:1017300056DBBB68002B03DA6FF01003FB6150E04F
:1017400000212A48FFF799FAFB681B121A46134634
:10175000DB001344DB00483B254A1344BB61BB69F3
:101760001B7A002B05D0FB68DAB2BB691B6A9A4270
:1017700008DD6FF02903FB6100BF00211B48FFF764
:101780008CFA2EE0BB69DB6B7B61BB695B693B61FB
:1017900000211648FFF781FA09F0BAFB154B1B68C8
:1017A000B3F9222092B2013292B212B25A840020CE
:1017B00009F094FB7B693A697968B8689847F861E1
:1017C00009F0A6FB0B4B1B68B3F9222092B2013A39
:1017D00092B212B25A84002009F080FBFB6901E04A
:1017E00000BFFB6918462037BD4680BD400200207F
:1017F000540200201015002080B582B000AF0823ED
:101800003B600F48FFF7F2FB0E48FFF7EFFB0E4B74
:101810007B600AE07B680B491846FFF709FC7B6890
:1018200000221A727B6848337B603B685A1E3A601C
:10183000002BEFDC002318460837BD4680BD00BFF3
:10184000940400209C0400205402002080B483B043
:1018500000AF00237B60054A7B6813607B681846F5
:101860000C37BD465DF8047B704700BF5002002076
:1018700080B582B000AF16491648FFF730FA78609D
:101880007B68002B15DBFFF7B7FF78607B68002BC8
:1018900011DB01F0D1F878607B68002B0DDBFFF7DE
:1018A000D5FF78607B68002B09DB01F071F800231D
:1018B00009E000BF04E000BF02E000BF00E000BF9D
:1018C00000F016F87B6818460837BD4680BD00BF9B
:1018D000BC0801004002002080B483B000AF0023A8
:1018E0007B607B6818460C37BD465DF8047B70470B
:1018F00080B582B000AF01F061F8FFF7EDFF7860CE
:1019000001F0E4F878600448FFF726FA7B6818468F
:101910000837BD4680BD00BF4002002080B483B0C0
:1019200000AF78607B687A681A607B687A685A6072
:1019300000BF0C37BD465DF8047B704780B483B0B0
:1019400000AF78607B681B687A689A420CBF0123FD
:101950000023DBB218460C37BD465DF8047B7047A8
:1019600080B483B000AF786039603B685A687B68A8
:101970005A607B683A681A603B685B687A681A60EC
:101980003B687A685A6000BF0C37BD465DF8047B3F
:10199000704780B483B000AF78607B681B687A685A
:1019A0009A4209D07B685B687A6812681A607B6823
:1019B0001B687A6852685A6000BF0C37BD465DF8F4
:1019C000047B704780B485B000AF78607B681B688B
:1019D0007A689A4201D100230BE07B681B68FB60A8
:1019E000FB681A687B681A60FB681B687A685A6033
:1019F000FB6818461437BD465DF8047B704780B518
:101A000000AF00210848FFF738F9084B1B68002B8E
:101A100002D10648FFF782FF00210348FFF73DF996
:101A2000024B184680BD00BF40020020F40B00208E
:101A300080B487B000AFF860B9607A60FB68002BB3
:101A400002DDFB68102B02DD6FF011031EE0FB6866
:101A500003F18063013B9B010F4A13447B617B6967
:101A60001B69002B02D16FF011030FE0BB68002B44
:101A700008D07B69DA69BB681340002B02D16FF094
:101A80001A0303E07B687A691A60002318461C3742
:101A9000BD465DF8047B7047A404002080B582B089
:101AA00000AF786039607B681846FFF772FF7B688B
:101AB00008331846FFF76DFF3B68002B04D07B68A6
:101AC00005491846FFF74CFF7B6800221A6100BFEA
:101AD0000837BD4680BD00BFA408002080B582B095
:101AE00000AF78607B681846FFF753FF7B680549B5
:101AF0001846FFF735FF7B6800229A6000BF083761
:101B0000BD4680BDEC0B002080B485B000AF78608E
:101B100039607B681B6CFB6009E0FB689B693A6875
:101B20009A4201D1012308E0FB681B68FB607B68D7
:101B30004033FA689A42F0D1002318461437BD4664
:101B40005DF8047B704780B586B000AFF860B9607F
:101B50007A603B601A48FFF735FF78617B69002B9C
:101B600001D1002328E07A69FB684033194610460A
:101B7000FFF7F6FE7B6908333A6811461846FFF70F
:101B8000EFFE7B69FA685A617B69BA689A617B6982
:101B90007A68DA617B6920331846FFF7BFFE7B69FC
:101BA00000221A857B6900221A637B6900225A632E
:101BB0007B6900221A617B6918461837BD4680BDD3
:101BC000A408002080B48BB000AFF860B9607A60E0
:101BD0007B6803F00303002B02D16FF0100372E067
:101BE00000237B617B69BB61BB69FB61FB693B6275
:101BF000FB681B6C7B6234E07B6A3B61BB68002B3B
:101C000008D03B699B69002B04D03B699B69BA688B
:101C10009A4223D13B69DB6903F00103002B02D018
:101C20003B6A01333B623B69DB6903F00203002B33
:101C300002D0FB690133FB613B69DB6903F4A063FC
:101C4000002B02D0BB690133BB613B69DB6903F444
:101C50004073002B02D07B6901337B617B6A1B6878
:101C60007B62FB6840337A6A9A42C5D17B6803F491
:101C7000A063002B05D03B6A002B02DD6FF0400310
:101C800021E07B6803F44073002B05D0FB69002B37
:101C900002DD6FF0400316E07B6803F00103002BC8
:101CA00005D0BB69002B02DD6FF040030BE07B68C1
:101CB00003F00203002B05D07B69002B02DD6FF0DF
:101CC000400300E0002318462C37BD465DF8047B36
:101CD000704780B58EB000AF7860396007F10C03B3
:101CE00079681846FFF73AFBF862FFF788FEB8629A
:101CF000BB6A002B03D16FF018033B63ABE00021FC
:101D00005748FEF7BAFF07F10C031846FFF7F6F93C
:101D100078627B6A002B04D07B6A1B6AFA6A9A425B
:101D200003DD6FF029033B6391E03A68F96A786A52
:101D3000FFF748FF38633B6B002BC0F287807B6A5C
:101D40009B6A7B637B6A5B693B62F96A786AFFF72F
:101D5000DBFE0346002B07D07B6A9B6903F001037F
:101D6000002B01D100237B63BB6A3A68F96A786A69
:101D7000FFF7E9FEF861FB69002B03D16FF0210347
:101D80003B6364E0374804F003FDB861BB69002B96
:101D900003DA6FF004033B6353E0FB69BA69DA636B
:101DA00000212F48FEF779FF7B6B002B2ED009F026
:101DB000AFF82D4B1B68B3F9222092B2013292B2D8
:101DC00012B25A84002009F089F87B6A274A9B1ACC
:101DD000DB10274A02FB03F301331A02FB6AD01817
:101DE0007B6B3A6A39689847386309F091F81E4B63
:101DF0001B68B3F9222092B2013A92B212B25A840D
:101E0000002009F06BF83B6B002B10DB002114481D
:101E1000FEF733FFFB6901221A6100211048FEF72B
:101E20003CFFFB69134A9B1A9B11013314E000BF6E
:101E300000210B48FEF721FFFB69DB6B184604F01D
:101E400021FD0121F869FFF729FE00E000BF002114
:101E50000348FEF722FF3B6B18463837BD4680BD6E
:101E600040020020C4080100101500205402002088
:101E7000398EE338A404002090B589B000AF7860B3
:101E800000217648FEF7F9FE7B685B69BB61BB69A0
:101E90009B6B7B61BB695B6B3B61BB695B69FB6097
:101EA00005F04CFE02467B685A637B6800229A6309
:101EB0007B681B6B002B2EDD7B68DB6A103BBB60F5
:101EC00009F026F8664B1B68B3F9222092B2013262
:101ED00092B212B25A84002009F000F8BB68D868A8
:101EE0007B68D96A7B681A6B7C69FB68A04709F03C
:101EF0000FF85B4B1B68B3F9222092B2013A92B201
:101F000012B25A84002008F0E9FF7B689B6B5A1CD0
:101F10007B689A6342E07B681B6AFB6139E0FB697E
:101F2000BB60BB68DB68002B2FD0BA68137F43F01F
:101F30001003137708F0ECFF494B1B68B3F922201C
:101F400092B2013292B212B25A84002008F0C6FF57
:101F5000BB68D868BB6803F110017C69FB6801228B
:101F6000A04708F0D5FF3E4B1B68B3F9222092B280
:101F7000013A92B212B25A84002008F0AFFF7B6897
:101F80009B6B5A1C7B689A6300E000BFFB691B686F
:101F9000FB617B682033FA699A42C0D100212F4847
:101FA000FEF77BFE7B689B6B002B07DD7B68DB6BA2
:101FB0004FF0FF320121184604F08BFD7B680022B0
:101FC0005A6300212548FEF758FE37E07B681B6AFC
:101FD000BB60BA68137F43F01003137700211F48DA
:101FE000FEF75BFE08F094FF1D4B1B68B3F922203F
:101FF00092B2013292B212B25A84002008F06EFFFF
:10200000BB6803F110003C69FB684FF0FF3201210F
:10201000A04708F07DFF124B1B68B3F9222092B253
:10202000013A92B212B25A84002008F057FF002100
:102030000A48FEF722FEB868FFF750FD7B682033A0
:102040001846FFF77BFC0346002BBFD00021034856
:10205000FEF723FE00BF2437BD4690BD400200209E
:102060001015002080B588B000AF7860396000237B
:10207000BB617868FFF700FF00213948FEF7FDFDDE
:102080007B685B697B617B689B693B617B69DB6A21
:10209000FB617B695B69FB607B69324A9B1ADB10E1
:1020A000314A02FB03F301331B023A691344BB605C
:1020B0007B68DB6B184604F0E5FB00217868FFF7CE
:1020C000EDFC39697869FFF71FFD0346002B0BD043
:1020D0003B6823F001033B607B699B6903F00103CC
:1020E000002B01D10023FB6100211D48FEF7D5FD27
:1020F000FB69002B21D008F00BFF1C4B1B68B3F9C8
:10210000222092B2013292B212B25A84002008F018
:10211000E5FEFB69FA683968B8689847B86108F065
:10212000F7FE124B1B68B3F9222092B2013A92B229
:1021300012B25A84002008F0D1FE00210848FEF7B0
:102140009CFD7B680A491846FFF70AFC00210448F9
:10215000FEF7A3FDBB6918462037BD4680BD00BF12
:102160004002002054020020398EE3381015002070
:10217000A408002080B584B000AF786039600021E9
:102180001248FEF77AFD07F108031A460021786825
:10219000FFF74EFCF860FB68002B04DA00210B48C7
:1021A000FEF77BFD0CE0BB6800221A6100210748A6
:1021B000FEF773FDBB6839681846FFF753FFF860F8
:1021C000FB6818461037BD4680BD00BF40020020A6
:1021D00080B584B000AF78600B48FFF7F3FBF86080
:1021E000FB68002B01D100230AE0FA687B682033EA
:1021F00019461046FFF7B4FBFB687A689A60FB68E3
:1022000018461037BD4680BDEC0B002080B58CB061
:1022100000AFF860B9607A603B6000216548FEF766
:102220002CFDBB6813F5803F06DCBB68B3F1004FA3
:1022300002D00023FB6206E0FB6B012B01D10123DE
:1022400000E00223FB6207F114031A46F96AF868FA
:10225000FFF7EEFBB862BB6A002BC0F2A1807B697E
:102260005B697B627B6A1B6B3B627B6A5B69FB61C0
:102270007B691846FFF7ACFFB861BB69002B03D13F
:102280006FF02103BB628CE0BB6900221A61BB695D
:1022900000225A617B6A484A9B1ADB10474A02FBBC
:1022A00003F301331A027B699B691A44BB699A6183
:1022B000FB6B1B015BB21B1159B2BA69137F61F34F
:1022C00003031377BA69137F23F010031377BB69F5
:1022D000BA681A62BB693A685A62BB697A689A62DC
:1022E000BB690022DA62BB6900221A6305F026FC92
:1022F0000246BB69DA6000212E48FEF7CEFC08F0EA
:1023000007FE2F4B1B68B3F9222092B2013292B222
:1023100012B25A84002008F0E1FDBB6903F11000FD
:102320003B6AFA69B96B9847B86208F0F1FD244B33
:102330001B68B3F9222092B2013A92B212B25A84C7
:10234000002008F0CBFD00211A48FEF796FCBB697F
:102350000022DA607B695B6B002B0CDD7B699A6B7A
:10236000013A9A639B6B002B05D17B69DB6B0121E2
:10237000184604F0D7FABB6A002B0CDB00210D488D
:10238000FEF78BFCBB690F4A9B1A9B100E4A02FB9F
:1023900003F301330AE000BFB869FFF79FFB00E0D9
:1023A00000BF00210348FEF778FCBB6A18463037AF
:1023B000BD4680BD4002002054020020398EE33823
:1023C00010150020AC080020C54EECC480B588B0C4
:1023D00002AFF860B9607A603B60012301933B6A09
:1023E00000933B687A68B968F868FFF70FFF786177
:1023F0007B6918461837BD4680BD80B588B002AFEE
:10240000F860B9607A603B604FF0FF3300933B683F
:102410007A68B968F868FFF7D9FF78617B69002BA3
:102420000FDB07F110034FF0FF3200923A6A79692F
:10243000F86800F077F878617B69002B03DB3B6973
:1024400003E000BF00E000BF7B6918461837BD46B7
:1024500080BD80B588B002AFF860B9607A603B603B
:10246000022301933B6A00933B687A68B968F86875
:10247000FFF7CCFE78617B6918461837BD4680BDF2
:1024800080B588B002AFF860B9607A603B604FF009
:10249000FF3300933B687A68B968F868FFF7D9FFA3
:1024A00078617B69002B0FDB07F110034FF0FF32DF
:1024B00000923A6A7969F86800F034F878617B69CB
:1024C000002B03DB3B6903E000BF00E000BF7B693A
:1024D00018461837BD4680BD80B485B000AF78601F
:1024E00039607B68002B02DD7B68102B01DD002347
:1024F0000FE07B68342202FB03F3343B084A1344A9
:10250000FB60FB689B683A689A4201D0002300E0B8
:10251000FB6818461437BD465DF8047B704700BF62
:10252000AC08002090B58FB000AFF860B9607A6059
:102530003B6005F003FB386200218E48FEF79DFBEF
:1025400007F110031A460021F868FFF771FA786264
:102550007B6A002BC0F202813B695B69FB61FB690E
:102560005B6BBB61FB695B697B61BB68002B42D124
:102570003B691B6B002B03DC3B691B8D002B03D0DD
:102580006FF028037B62ECE03B6920331846FFF7CD
:10259000D5F90346002B03D06FF029037B62E0E0FE
:1025A0003B691B6A7B630123BB627B6B3A6ADA601F
:1025B0007B6B10333B637B6B1B687B633B69203316
:1025C0007A6B9A4208D07B6B03F110023B6B1A6066
:1025D000BB6A0133BB62E8E700BF3B6B00221A60B5
:1025E0003B691B6A10333B633B693A6BDA623B69B8
:1025F000BA6A1A6328E03B691946B868FFF76CFFAE
:1026000078637B6B002B03D16FF011037B62A8E032
:102610003B691B6B002B03DC7B6BDB68002B03DD52
:102620006FF028037B629CE07B6B3A6ADA607B6B1D
:1026300010333B633B6B00221A600123BB623B6992
:102640001A8D013292B21A8500214A48FEF725FB05
:1026500008F05EFC484B1B68B3F9222092B20132AD
:1026600092B212B25A84002008F038FCBC697B692F
:10267000BA6CB96A386BA047F86208F049FC3E4B67
:102680001B68B3F9222092B2013A92B212B25A8474
:10269000002008F023FCFB6A002B01DAFB6A7B6256
:1026A000FA6ABB6A9A4202DB6FF004037B62002184
:1026B0003048FEF7E2FABB68002B03D13B690022E9
:1026C0001A6304E03B691A8D013A92B21A853B699C
:1026D0005B6B002B2CDD3B699A6B013A9A639B6B19
:1026E000002B25D13B69DB6B0121184604F01AF958
:1026F0001EE03B6B103B7B63FB6A5A1EFA62002BA9
:1027000010D17B6B1D4A9B1A9B101D4A02FB03F3E1
:102710000133BB603B6BDA697B681A603B6B1A6AFA
:102720003B681A607B6B0022DA603B6B1B683B6383
:102730003B6B002BDDD17B6A002B11DBBB683422A5
:1027400002FB03F3343B0D4A13441846FFF7C6F966
:1027500000210848FEF7A1FABB6807E000BF00E0CF
:1027600000BF00210348FEF798FA7B6A18463C3701
:10277000BD4690BD4002002010150020AC0800208E
:10278000C54EECC480B588B000AF786039600023D6
:10279000BB61244B1B68FB613AE0FB697B617B6991
:1027A000DB6903F0F003102B0CBF01230023DBB225
:1027B0003B613A683B699A4226D17B69DB6BFB60DF
:1027C00008F0A6FB184B1B68B3F9222092B2013225
:1027D00092B212B25A84002008F080FB7B695A69D9
:1027E000FB68002178689847B86108F091FB0E4BB0
:1027F0001B68B3F9222092B2013A92B212B25A8403
:10280000002008F06BFB00E000BFFB691B68FB6168
:10281000FB69044A9342C0D1BB6918462037BD46C4
:1028200080BD00BF940400201015002080B582B048
:1028300000AF01211548FEF720FA00214FF0FF30CC
:10284000FFF7A0FF786001214FF0FF30FFF79AFFFC
:10285000786000210D48FEF710FA00210B48FEF7C2
:102860001CFA01216FF00100FFF78CFF7860002156
:102870006FF00100FFF786FF786001210348FEF743
:102880000CFA7B6818460837BD4680BD4002002020
:1028900080B586B000AF786000237B61FFF7AFF8AA
:1028A000F860FB68002B03D16FF018033B6166E012
:1028B00000213548FEF7E1F97B6803F00F03013B87
:1028C000032B3FD801A252F823F000BFDD280000FF
:1028D000FD280000272900004D2900002B4B1B6814
:1028E000002B08DD7B6803F40043002B03D16FF05D
:1028F00040033B613DE001237B612AE0234B1B68E1
:102900006FF00042934203D16FF02A033B6130E045
:102910001E4B1B6801331D4A1360FB689B685A1CE1
:10292000FB689A6015E0FB689B68002B10DDFB6874
:102930009B685A1EFB689A60144B1B68013B134A44
:10294000136005E06FF010033B6112E000BF00E090
:1029500000BF00210C48FEF7A0F97B69002B05D0D1
:10296000FFF764FF38613B69002B07DB074B1B68EF
:1029700006E000210448FEF790F900E000BF3B6943
:1029800018461837BD4680BD40020020D8260020DA
:1029900080B500AF00210748FEF76FF90648FEF743
:1029A000BDFF054B00229A6000210248FEF775F931
:1029B00000BF80BD40020020F40B002080B582B033
:1029C00000AF1A4B1B68002B2CD000211848FEF7D3
:1029D00054F9184B1A68154B9B68D31A154A1360A3
:1029E000124B00229A6012E0104B1B68083B7B6080
:1029F0007B6800221A6100210D48FEF74EF9002184
:102A00007868FFF72FFB00210948FEF736F90748E1
:102A1000FEF794FF0346002BE6D000210448FEF7A2
:102A20003CF900E000BF0837BD4680BDF40B002034
:102A300040020020D826002080B582B000AF1F4899
:102A4000FEF76CFF00237B6011E01D4A7B689B0151
:102A50001344103300221A607B689B01184A134408
:102A600016491846FEF77CFF7B6801337B607B6864
:102A70000F2BEADD1348FEF751FF00237B6015E0C2
:102A8000114A7B68342101FB03F31344083300220D
:102A90001A607B68342202FB03F30B4A1344094992
:102AA0001846FEF75DFF7B6801337B607B680F2B68
:102AB000E6DD002318460837BD4680BDA408002087
:102AC000A4040020EC0B0020AC08002080B400AF70
:102AD00000231846BD465DF8047B704780B483B080
:102AE00000AF78607B687A681A607B687A685A60A1
:102AF00000BF0C37BD465DF8047B704780B483B0DF
:102B000000AF78607B681B687A689A420CBF01232B
:102B10000023DBB218460C37BD465DF8047B7047D6
:102B200080B483B000AF786039603B685A687B68D6
:102B30005A607B683A681A603B685B687A681A601A
:102B40003B687A685A6000BF0C37BD465DF8047B6D
:102B5000704780B485B000AF78607B681B687A6886
:102B60009A4201D100230BE07B681B68FB60FB6885
:102B70001A687B681A60FB681B687A685A60FB6891
:102B800018461437BD465DF8047B704780B400AF2B
:102B9000054B1B68002BCCBF01230023DBB218467A
:102BA000BD465DF8047B7047E426002080B485B004
:102BB00000AFF860B9607A607B6803F00103002B16
:102BC00009D0FB685A69BB681340002B14BF01236E
:102BD0000023DBB209E0FB685A69BB681340BA689E
:102BE0009A420CBF01230023DBB218461437BD46BE
:102BF0005DF8047B704780B582B000AF0D48FFF7E9
:102C00006DFF0D4B3B600D4B7B600AE07B68002243
:102C10009A607B6807491846FFF782FF7B68183384
:102C20007B607A683B689A42F0D3002318460837E5
:102C3000BD4680BD800D0020800D0020000C0020CE
:102C400080B588B000AF78600923BB617B685A68A3
:102C5000BB69DB431340002B02D06FF00A033EE058
:102C600008F056F978612048FFF773FF38613B6937
:102C7000002B03D16FF02103FB611DE03B691B4A70
:102C80009B1ADB101A4A02FB03F30133FB603B691A
:102C90001846FFF723FF3B69FA689A607B681A6859
:102CA0003B69DA607B685A683B691A617B689A689D
:102CB0003B695A61FB68FB617B69002B0BD10D4BB3
:102CC0001A680D4B1B689A4205D00C4B1B68002BF1
:102CD00001D108F0C7FB786908F000F9FB691846D4
:102CE0002037BD4680BD00BF800D0020000C0020B5
:102CF000ABAAAAAA10150020141500200C1500205C
:102D000080B586B000AF786000237B617B68002BC4
:102D100002DD7B68102B02DD6FF0110332E07B686F
:102D20005A1E13465B001344DB00184A13443B61F0
:102D300008F0EEF8F8603B699B68002B03D16FF058
:102D400029037B610BE03B69184606F08DFE3B6969
:102D50000F491846FFF7E4FE3B6900229A60FB68C2
:102D6000002B0BD10B4B1A680B4B1B689A4205D0FA
:102D70000A4B1B68002B01D108F074FBF86808F0BF
:102D8000ADF87B6918461837BD4680BD000C0020A1
:102D9000800D002010150020141500200C150020B7
:102DA00080B58AB000AF7860396000233B627B68F1
:102DB000002B02DD7B68102B02DD6FF011036AE04F
:102DC0007B685A1E13465B001344DB00344A1344ED
:102DD000FB6108F09DF8B861FB699B68002B03D18B
:102DE0006FF029033B6243E0FB695A693B681A4371
:102DF000FB695A61FB691B687B6233E07B6A7B611C
:102E00007B6A1B687B627B691B6C3B617B695B6CCB
:102E1000FB60FA683969F869FFF7C8FE0346002BC2
:102E200020D07B699B6CFA6952691A60786906F058
:102E300066FDFB6803F02003002B0AD0FB695A698A
:102E40003B69DB431A40FB695A61FB695B69002BF4
:102E50000DD0FB6803F01003002B03D0FB690022A8
:102E60005A6105E0FB697A6A9A42C7D100E000BF67
:102E7000BB69002B0BD10B4B1A680B4B1B689A429A
:102E800005D00A4B1B68002B01D108F0EBFAB8699A
:102E900008F024F83B6A18462837BD4680BD00BFBD
:102EA000000C002010150020141500200C15002027
:102EB00080B586B000AF7860396000237B617B68A5
:102EC000002B02DD7B68102B02DD6FF011032CE07C
:102ED0007B685A1E13465B001344DB00154A1344FB
:102EE0003B6108F015F8F8603B699B68002B03D143
:102EF0006FF029037B6105E03B695A693B681A4022
:102F00003B695A61FB68002B0BD10B4B1A680B4BCA
:102F10001B689A4205D00A4B1B68002B01D108F0B0
:102F2000A1FAF86807F0DAFF7B6918461837BD4642
:102F300080BD00BF000C00201015002014150020DB
:102F40000C15002080B584B000AF786039607B68D4
:102F50001B6B5A1E13465B001344DB00054A1344E7
:102F6000FB607968F86806F0E3FD00BF1037BD46E6
:102F700080BD00BF000C002080B588B000AFF860B5
:102F8000B9607A603B6000237B61FB68002B02DD47
:102F9000FB68102B02DD6FF01103A3E0BB68002B70
:102FA00002D16FF010039DE07B6823F03103002B0A
:102FB00002D06FF0100395E0BB6AB3F1FF3F02DA75
:102FC0006FF010038EE0494B1B68002B0DD1FFF70B
:102FD000DDFD0346002B08D1454B1B68002B04D0B8
:102FE00007F089FF0346002B02D06FF0180379E049
:102FF000FB685A1E13465B001344DB003D4A134432
:10300000FB6107F085FFB861FB699B68002B03D16A
:103010006FF029037B6152E0FB691B6903F0080331
:10302000002B0AD1FB691846FFF768FD0346002B09
:1030300003D16FF028037B6141E07A68B968F869D1
:10304000FFF7B4FD0346002B18D0FB695A693B68B3
:103050001A607B6803F02003002B06D0FB695A69D5
:10306000BB68DB431A40FB695A617B6803F01003BD
:10307000002B24D0FB6900225A6120E0FB691B6908
:1030800003F00103002B01D01B4A00E01B4A184B40
:103090001B68DA62164B1B6807F11402DA63144BE3
:1030A0001B68BA681A64124B1B687A685A64104B22
:1030B0001B683A689A64B96AF86906F003FDBB694F
:1030C000002B0BD10A4B1A680D4B1B689A4205D096
:1030D000064B1B68002B01D108F0C4F9B86907F052
:1030E000FDFE7B6918462037BD4680BD0C150020CB
:1030F00010150020000C0020E0080100D408010099
:103100001415002080B586B000AF786039600023C8
:103110007B617B68002B02DD7B68102B02DD6FF08A
:10312000110335E07B685A1E13465B001344DB0035
:10313000194A13443B6107F0EBFEF8603B699B685A
:10314000002B03D16FF029037B610EE03B69DA6845
:103150003B681A603B69184606F0A1FC02463B68D2
:103160005A603B695A693B689A60FB68002B0BD137
:103170000A4B1A680A4B1B689A4205D0094B1B6818
:10318000002B01D108F06EF9F86807F0A7FE7B6903
:1031900018461837BD4680BD000C002010150020D1
:1031A000141500200C15002080B586B000AF7860A3
:1031B00039607B682F2B02D96FF0100331E03B6838
:1031C000002B0DD03B681B68012B02D96FF00A035E
:1031D00027E03B681B687B613B685B683B6103E001
:1031E00000237B6100233B6107F092FEF8607B685F
:1031F0003A697969184608F071FAB860FB68002BE3
:103200000BD10A4B1A680A4B1B689A4205D0094B2E
:103210001B68002B01D108F025F9F86807F05EFE65
:10322000BB6818461837BD4680BD00BF101500208A
:10323000141500200C15002080B500AF08F07EFAB0
:1032400000BF80BD80B483B000AF78607B687A68CF
:103250001A607B687A685A6000BF0C37BD465DF81B
:10326000047B704780B483B000AF78607B681B68D4
:103270007A689A420CBF01230023DBB218460C3750
:10328000BD465DF8047B704780B483B000AF7860C2
:1032900039603B685A687B685A607B683A681A6094
:1032A0003B685B687A681A603B687A685A6000BF5E
:1032B0000C37BD465DF8047B704780B483B000AF27
:1032C00078607B681B687A689A4209D07B685B6883
:1032D0007A6812681A607B681B687A6852685A605C
:1032E00000BF0C37BD465DF8047B704780B485B0E5
:1032F00000AF78607B681B687A689A4201D100232E
:103300000BE07B681B68FB60FB681A687B681A60CF
:10331000FB681B687A685A60FB6818461437BD461C
:103320005DF8047B704780B483B000AF786039608B
:103330000BE001223B689A407B681340002B01D0D0
:103340003B6806E03B6801333B603B681F2BF0DDC8
:10335000202318460C37BD465DF8047B704780B4C7
:1033600083B000AF78607B68D3F80C31002B03D0BA
:103370007B68D3F80C3105E07B681B687A68DB005A
:1033800013445B6818460C37BD465DF8047B7047F4
:1033900080B584B000AF786039603B6893F8263020
:1033A000FB6038687A68FB68DB0013445B68194689
:1033B000FFF76AFF7B68D3F808210121FB6801FA57
:1033C00003F31A437B68C3F808213B6893F828305D
:1033D00003F00203DBB2002B03D07B683A68C3F82A
:1033E0000C217B681B68FA689A4202DA7B68FA68EB
:1033F0001A6000BF1037BD4680BD80B584B000AFF5
:10340000786039603B6893F82630FB607B68D3F8BE
:103410000C313A689A4203D17B680022C3F80C2130
:103420003B681846FFF749FF3B6893F8283003F0E4
:103430000103DBB2002B07D03A6892F8283023F062
:10344000010382F8283029E0FB68DB007A68134426
:1034500004331846FFF706FF0346002B1BD07B689A
:10346000D3F808210121FB6801FA03F3DB431A407A
:103470007B68C3F808217B681B68FA689A420CD104
:103480007B68D3F80831F9681846FFF74CFF02460D
:103490007B681A6002E000BF00E000BF1037BD4645
:1034A00080BD80B584B000AF786007F031FDB860B2
:1034B0002C4B1B6893F82830C3F34003DBB2FB604E
:1034C000FB68002B33D17B681B68002B13D17B6812
:1034D0001846FFF7B7FE0123FB60224B1A6892F8EB
:1034E000283043F0020382F828301E4B1B681E4A26
:1034F000C2F80C311BE01B4B1B6819461A48FFF73A
:103500007CFF184B1A6892F8283043F0010382F8C8
:103510002830144B1B681A467B6819461046FFF783
:10352000B3FE1148FFF71BFF0346104A1360BB6848
:10353000002B0BD10B4B1A680C4B1B689A4205D021
:103540000B4B1B68002B01D107F08CFFB86807F00C
:10355000C5FCFB68002B00D1A7E700BF1037BD46B4
:1035600080BD00BF10150020181500201415002084
:103570000C15002080B584B000AF786007F0C8FC5F
:10358000F860234B1A6892F8283023F0020382F87F
:103590002830204B0022C3F80C217B681846FFF727
:1035A000A5FEB860BB68002B03D17B6800221A60BF
:1035B00011E0BA6892F8283023F0010382F828302D
:1035C000BA6892F8283043F0020382F82830B968CC
:1035D0001048FFF7DDFE0F48FFF7C1FE03460E4A15
:1035E0001360FB68002B0BD1094B1A680A4B1B6850
:1035F0009A4205D0094B1B68002B01D107F032FF1E
:10360000F86807F06BFC00BF1037BD4680BD00BFF7
:103610001015002018150020141500200C1500208E
:1036200080B483B000AF78607B687A681A607B688A
:103630007A685A6000BF0C37BD465DF8047B70475E
:1036400080B483B000AF78607B681B687A689A4268
:103650000CBF01230023DBB218460C37BD465DF8D2
:10366000047B704780B483B000AF786039603B68FA
:103670005A687B685A607B683A681A603B685B6886
:103680007A681A603B687A685A6000BF0C37BD469A
:103690005DF8047B704780B485B000AF78607B68CC
:1036A0001B687A689A4201D100230BE07B681B6893
:1036B000FB60FB681A687B681A60FB681B687A68A5
:1036C0005A60FB6818461437BD465DF8047B7047A6
:1036D00080B400AF054B1B68002BCCBF0123002337
:1036E000DBB21846BD465DF8047B7047E426002037
:1036F00080B485B000AF786039603B68FB6007E05C
:10370000BB685A687B685B689A4208DCBB68FB60F0
:10371000FB681B68BB60BB68002BF1D100E000BFF9
:103720007B68BA681A60FB687A681A6000BF143751
:10373000BD465DF8047B704780B582B000AF0E488F
:10374000FFF76EFF0D4B3B600D4B7B600AE07B6823
:1037500000229A607B6808491846FFF783FF7B6860
:103760001C337B607A683B689A42F0D3002318468A
:103770000837BD4680BD00BF680E0020680E0020DF
:10378000880D002080B588B000AF78600323BB614E
:103790007B685A68BB69DB431340002B02D06FF093
:1037A0000A033DE007F0B4FB78611F48FFF773FFA1
:1037B00038613B69002B03D16FF02103FB611CE0F2
:1037C0003B691A4A9B1A9B10194A02FB03F3013307
:1037D000FB603B691846FFF723FF3B69FA689A6074
:1037E0007B681A683B69DA607B685A683B691A61D2
:1037F0003B6900225A61FB68FB617B69002B0BD19E
:103800000C4B1A680C4B1B689A4205D00B4B1B687B
:10381000002B01D107F026FE786907F05FFBFB69FA
:1038200018462037BD4680BD680E0020880D002058
:10383000B76DDBB610150020141500200C15002004
:1038400080B586B000AF786000237B617B68002B79
:1038500002DD7B68082B02DD6FF0110332E07B682C
:103860005A1E1346DB009B1A9B00184A13443B6107
:1038700007F04EFBF8603B699B68002B03D16FF0AB
:1038800029037B610BE03B69184606F0EDF83B69C4
:103890000F491846FFF7E6FE3B6900229A60FB6875
:1038A000002B0BD10B4B1A680B4B1B689A4205D0AF
:1038B0000A4B1B68002B01D107F0D4FDF86807F014
:1038C0000DFB7B6918461837BD4680BD880D00206A
:1038D000680E002010150020141500200C15002083
:1038E00080B586B000AF7860396000237B617B686B
:1038F000002B02DD7B68082B02DD6FF0110365E011
:103900007B685A1E1346DB009B1A9B00314A134406
:103910003B6107F0FDFAF8603B699B68002B03D11F
:103920006FF029037B613EE03B691B6903F00203F2
:10393000002B07D03B685B68002B03DC6FF01003A3
:103940007B6130E03B691846FFF77AFE0346002BA7
:103950000AD13B691B68BB60BB681B6C3A681A6084
:10396000B86805F0CCFF1EE03B691B6903F0020359
:10397000002B06D03B69143319463868FFF7B8FEB0
:1039800011E03B6800221A603B695B69002B03D1A0
:103990003B693A685A6103E03B699B693A681A607F
:1039A0003B693A689A61FB68002B0BD10A4B1A6895
:1039B0000A4B1B689A4205D0094B1B68002B01D1AA
:1039C00007F050FDF86807F089FA7B691846183748
:1039D000BD4680BD880D0020101500201415002064
:1039E0000C15002080B584B000AF786039607B682A
:1039F0001B6B5A1E1346DB009B1A9B00054A13449F
:103A0000FB607968F86806F093F800BF1037BD4690
:103A100080BD00BF880D002080B588B000AFF86081
:103A2000B9607A6000237B61FB68002B02DDFB68D4
:103A3000082B02DD6FF0110369E07B68B3F1FF3FF3
:103A400002DA6FF0100362E0334B1B68002B0DD1DC
:103A5000FFF73EFE0346002B08D1304B1B68002BBE
:103A600004D007F048FA0346002B02D06FF0180389
:103A70004DE0FB685A1E1346DB009B1A9B00284A48
:103A80001344FB6107F044FAB861FB699B68002BA3
:103A900003D16FF029037B6126E0FB695B69002B92
:103AA00009D0FB695A69BB681A60BB681B681A6851
:103AB000FB695A6118E0FB691B6903F00103002BE5
:103AC00001D0184A00E0184A144B1B68DA62134B05
:103AD0001B6807F11402DA63104B1B68BA681A649A
:103AE0007968F86905F0EEFFBB69002B0BD10B4B31
:103AF0001A680E4B1B689A4205D0074B1B68002BB7
:103B000001D107F0AFFCB86907F0E8F97B69184606
:103B10002037BD4680BD00BF0C15002010150020C9
:103B2000880D0020F8080100EC08010014150020A1
:103B300080B586B000AF7860396000237B617B6818
:103B4000002B02DD7B68082B02DD6FF0110335E0EE
:103B50007B685A1E1346DB009B1A9B00194A1344CC
:103B60003B6107F0D5F9F8603B699B68002B03D1F6
:103B70006FF029037B610EE03B69DA683B681A60ED
:103B80003B69184605F08BFF02463B685A603B696B
:103B90005A693B689A60FB68002B0BD10A4B1A6884
:103BA0000A4B1B689A4205D0094B1B68002B01D1B8
:103BB00007F058FCF86807F091F97B691846183748
:103BC000BD4680BD880D0020101500201415002072
:103BD0000C15002080B483B000AF78607B687A68F1
:103BE0001A607B687A685A6000BF0C37BD465DF882
:103BF000047B704780B483B000AF786039603B6865
:103C00005A687B685A607B683A681A603B685B68F0
:103C10007A681A603B687A685A6000BF0C37BD4604
:103C20005DF8047B704780B483B000AF78607B6838
:103C30001B687A689A4209D07B685B687A68126868
:103C40001A607B681B687A6852685A6000BF0C373C
:103C5000BD465DF8047B704780B485B000AF7860E6
:103C600039607B680C33FB607B681B68002B00DAD3
:103C700003339B101A463B6893422BDD0023BB6045
:103C800010E0FB6808335B68BB60BA683B689A4227
:103C900008DCBA683B689A4202DAFB681B6824E0D9
:103CA000FB6822E0FB685B68FB607B680C33FA68AA
:103CB0009A42E6D1BA683B689A4202DBFB681B680D
:103CC00013E0FB6811E0FB6808335B681A463B6849
:103CD000934208DDFB681B68FB607B680C33FA6865
:103CE0009A42F0D100E000BFFB6818461437BD4689
:103CF0005DF8047B704780B584B000AF78603960B0
:103D00003B681A683B680833D31AFB60F968786827
:103D1000FFF7A2FFB8603B685B6823F001031A4617
:103D20003B685A607B680C33BA689A4227D0BB68FC
:103D300008335B681A46FB68934220D1BB6803F1E5
:103D400008023B68103312681A60BB6808333A688F
:103D500010321A603B681033BA6808325A603B6808
:103D600010331B68002B05D03B6810331B683A6882
:103D700010325A603B68083300221A600EE03B683C
:103D80000833B9681846FFF735FF3B681033002247
:103D90001A603B681033FA685A6000BF00BF1037E2
:103DA000BD4680BD80B582B000AF78607B681B687F
:103DB000002B15D17B6803F108027B6808335B6830
:103DC00012681A607B6808331B68002B20D07B6860
:103DD00003F108027B6808331B6852685A6017E0D9
:103DE0007B6808331B68002B0FD07B6808331B6887
:103DF000083B79681846FFF7FDFE7B6803F108026F
:103E00007B6808331B6852685A607868FFF70BFFBD
:103E100000BF0837BD4680BD80B483B000AF786076
:103E200039603B687A685A607B681A683B681A6038
:103E30007B681B685B6803F001023B681A437B6880
:103E40001B685A607B683A681A6000BF0C37BD4631
:103E50005DF8047B704780B483B000AF78607B6806
:103E60005B6823F001031A467B681B6813607B685C
:103E70001B685B6803F001027B685B6823F0010349
:103E80001A437B681B685A6000BF0C37BD465DF85B
:103E9000047B704780B586B000AF78607B68002BEC
:103EA00001DC002345E07B680F2B02D810237B60E8
:103EB00004E07B68073323F007037B6007F028F8F2
:103EC00038611E4B1B6879681846FFF7C5FE78619C
:103ED0001A4B1B680C337A699A4202D100237B612A
:103EE00023E07869FFF75EFF7B69083BFB607B6935
:103EF00008335B681A467B68D31A172B0ED97B6888
:103F00000833FA681344BB60B968F868FFF784FFA8
:103F10000A4B1B68B9681846FFF7EDFEFB685B6843
:103F200043F001031A46FB685A60386906F0D6FF71
:103F30007B6918461837BD4680BD00BF700E002053
:103F400080B584B000AF786039607B683A6802FB66
:103F500003F3FB60F868FFF79DFFB860BB68002BB8
:103F600001D1002305E0FA680021B868FCF745FF9D
:103F7000BB6818461037BD4680BD80B586B000AF1F
:103F8000786039603B68002B08D03868FFF782FF03
:103F900078617B69002B03D100231EE000237B6145
:103FA0007B68002B18D07B69002B12D07B68083B04
:103FB0003B613B691A683B690833D31AFB603A6876
:103FC000FB689342A8BF13461A4679687869FCF7E4
:103FD00060FF786800F005F87B6918461837BD4621
:103FE00080BD80B584B000AF786006F091FFB86006
:103FF0007B68083BFB60FB685B6823F001031A46A3
:10400000FB685A60FB681B685B6803F00103002BC8
:104010000AD1FB681B6808331846FFF7C3FEFB682C
:104020001B681846FFF717FFFB685B685B6803F0C7
:104030000103002B0CD1FB685B68FB60FB68083355
:104040001846FFF7AFFEFB681B681846FFF703FF33
:10405000064B1B68F9681846FFF74DFEB86806F076
:104060003DFF00BF1037BD4680BD00BF700E002071
:1040700080B500AF064B1B6804331846FFF7AAFD56
:10408000034B1B680C331846FFF7A4FD00BF80BD2F
:10409000700E002080B582B000AF2E4B1B6803333A
:1040A00023F003031A462B4B1A602A4B1B682A4A3B
:1040B0001360284B1B6814331A46264B1A60254B95
:1040C0001B68073323F007031A46224B1A60214B63
:1040D0001B687B60214B1B681A461E4B1B68D31A5A
:1040E000A3F110021C4B1B681A601C4B1B68194A79
:1040F0001360FFF7BDFF184B1B681B6808337A6815
:1041000013443B60144B1B68043339681846FFF7AF
:1041100083FE114B1B68043379681846FFF77CFE59
:104120003B685B6843F001031A463B685A600A4BE0
:104130001B689B6843F00102074B1B689A60064BA3
:104140001B6879681846FFF7D6FD00231846083724
:10415000BD4680BDE8260020700E0020EC26002021
:1041600080B483B000AF78607B687A681A607B683F
:104170007A685A6000BF0C37BD465DF8047B704713
:1041800080B483B000AF78607B681B687A689A421D
:104190000CBF01230023DBB218460C37BD465DF887
:1041A000047B704780B483B000AF786039603B68AF
:1041B0005A687B685A607B683A681A603B685B683B
:1041C0007A681A603B687A685A6000BF0C37BD464F
:1041D0005DF8047B704780B485B000AF78607B6881
:1041E0001B687A689A4201D100230BE07B681B6848
:1041F000FB60FB681A687B681A60FB681B687A685A
:104200005A60FB6818461437BD465DF8047B70475A
:1042100080B400AF054B1B68002BCCBF01230023EB
:10422000DBB21846BD465DF8047B7047E4260020EB
:1042300080B483B000AF78607B6800221A6000BF52
:104240000C37BD465DF8047B704780B483B000AF87
:1042500078607B685B6A7A68D269134418460C37C9
:10426000BD465DF8047B704780B582B000AF104852
:10427000FFF776FF0F4B3B600F4B7B600FE07B68D7
:1042800000229A607B6830331846FFF7D1FF7B68C5
:1042900007491846FFF786FF7B6838337B607A68EA
:1042A0003B689A42EBD3002318460837BD4680BDD1
:1042B0003410002034100020740E002080B588B027
:1042C00000AF786040F22133BB617B685A68BB69FC
:1042D000DB431340002B02D06FF00A039DE07B68A4
:1042E0009B68002B02DC6FF0100396E07B68DB68B4
:1042F000002B02DC6FF010038FE04A4B1B68002B91
:104300000DD1FFF785FF0346002B08D1464B1B68F4
:10431000002B04D006F0EFFD0346002B02D06FF017
:1043200018037AE07B68DB68033323F003037B61C7
:104330007B689A687B6902FB03F33B617B685B687F
:1043400003F02003002B0BD07B68DB687A699A426C
:1043500002D06FF0100360E07B681B69FB6109E02D
:104360003869FFF797FDF861FB69002B02D16FF008
:10437000200352E006F0CCFD2C48FFF72CFFF8603C
:10438000002006F0ABFDFB68002B0BD17B685B685F
:1043900003F02003002B02D1F869FFF722FE6FF033
:1043A00021033AE0FB6830331846FFF77AF8FB68E0
:1043B0001F4A9B1ADB101F4A02FB03F30133BB6049
:1043C000FB681846FFF7CCFE7B681A68FB68DA606A
:1043D0007B685A68FB681A617B689A68FB681A6296
:1043E000FB681A6AFB685A61FB687A699A61FB6824
:1043F0003A69DA61FB68FA695A62FB685A6AFB68D3
:104400009A62FB680022DA62FB68BA689A60FB680D
:1044100030331846FFF7AEF8BB6818462037BD4664
:1044200080BD00BF0C1500201015002034100020A6
:10443000740E0020B76DDBB680B586B000AF786033
:1044400000237B6100233B610023FB607B68002B22
:1044500002DD7B68082B02DD6FF0110352E02B4B6D
:104460001B68002B0DD1FFF7D3FE0346002B08D1AC
:10447000274B1B68002B04D006F03DFD0346002BA4
:1044800002D06FF018033DE07B685A1E1346DB0034
:104490009B1ADB001F4A1344BB60BB6830331846CD
:1044A000FEF7FFFFBB689B68002B03D16FF0290369
:1044B000FB6016E006F02CFDBB685B6A7B61BB68A5
:1044C0001B693B61BB68184605F0CEFABB68124910
:1044D0001846FFF767FEBB6800229A60002006F0CE
:1044E000FDFCBB6830331846FFF744F87B69002BAE
:1044F00007D03B6903F02003002B02D17869FFF756
:1045000070FDFB6818461837BD4680BD0C150020AD
:1045100010150020740E00203410002080B584B0E7
:1045200000AF786039607B681B6B5A1E1346DB0056
:104530009B1ADB00054A1344FB607968F86805F0B4
:10454000F7FA00BF1037BD4680BD00BF740E0020D3
:1045500080B588B000AFF860B9607A6000233B6135
:10456000FB68002B02DDFB68082B02DD6FF01103F6
:1045700090E07B68B3F1FF3F02DA6FF0100389E04F
:10458000464B1B68002B0DD1FFF742FE0346002B64
:1045900008D1434B1B68002B04D006F0ACFC03464B
:1045A000002B02D06FF0180374E0FB685A1E13460C
:1045B000DB009B1ADB003B4A1344FB61FB69303391
:1045C0001846FEF76EFFFB699B68002B03D16FF066
:1045D00029033B6122E0FB691B6A002B25DDFB6997
:1045E000DB6A002B0AD0FB69DB6ABB61BB691A6816
:1045F000FB69DA62BB68BA691A600AE0FB699A6A09
:10460000BB681A60FB699B6AFA6992691A44FB6984
:104610009A62FB691B6A5A1EFB691A62FB69303396
:104620001846FEF7A7FF3B6934E000BF06F070FCB8
:104630007861FB691B6903F00103002B01D01A4A62
:1046400000E01A4A164B1B68DA62154B1B6807F12B
:104650001002DA63124B1B68BA681A647968F86949
:1046600005F030FAFB6930331846FEF783FF7B69AB
:10467000002B0BD10A4B1A680D4B1B689A4205D0D0
:10468000064B1B68002B01D106F0ECFE786906F0A2
:1046900025FC3B6918462037BD4680BD0C1500201F
:1046A00010150020740E00201009010004090100FB
:1046B0001415002080B586B000AF78603960002303
:1046C0007B617B68002B02DD7B68082B02DD6FF0CD
:1046D000110375E03C4B1B68002B0DD1FFF798FDD3
:1046E0000346002B08D1394B1B68002B04D006F081
:1046F00002FC0346002B02D06FF0180360E07B68D9
:104700005A1E1346DB009B1ADB00314A13443B61FF
:104710003B6930331846FEF7C4FE3B699B68002BAB
:1047200003D16FF029037B6144E03B695B6A3A681F
:104730009A4213D33869FFF788FD02463B689342DB
:104740000CD23B695B6A3A68D31A3A69926993FB67
:10475000F2F101FB02F29B1A002B03D06FF0100361
:104760007B6127E006F0D4FB3B691846FFF708FDA4
:104770000346002B0DD13B691B68BB60BB681B6CFB
:104780003A681A60B86805F0BAF8002006F0A6FB8F
:1047900010E0002006F0A2FB3B68FB603B69DA6A90
:1047A000FB681A603B69FA68DA623B691B6A5A1C4B
:1047B0003B691A623B6930331846FEF7DBFE7B69C2
:1047C00018461837BD4680BD0C1500201015002076
:1047D000740E002080B584B000AF7860396000238B
:1047E000FB607B68002B02DD7B68082B02DD6FF02D
:1047F000110344E0244B1B68002B0DD1FFF708FD8B
:104800000346002B08D1214B1B68002B04D006F077
:1048100072FB0346002B02D06FF018032FE07B6879
:104820005A1E1346DB009B1ADB00194A1344BB6077
:10483000BB6830331846FEF734FEBB689B68002B1C
:1048400003D16FF02903FB6013E006F061FBBB6846
:10485000184605F024F902463B685A60002006F02D
:104860003DFBBB68DA683B681A60BB681A6A3B6844
:104870009A60BB6830331846FEF77CFEFB6818462A
:104880001037BD4680BD00BF0C150020101500205C
:10489000740E002080B483B000AF78607B687A68C3
:1048A0001A607B687A685A6000BF0C37BD465DF8B5
:1048B000047B704780B483B000AF78607B681B686E
:1048C0007A689A420CBF01230023DBB218460C37EA
:1048D000BD465DF8047B704780B483B000AF78605C
:1048E00039603B685A687B685A607B683A681A602E
:1048F0003B685B687A681A603B687A685A6000BFF8
:104900000C37BD465DF8047B704780B485B000AFBE
:1049100078607B681B687A689A4201D100230BE0BB
:104920007B681B68FB60FB681A687B681A60FB6821
:104930001B687A685A60FB6818461437BD465DF8F4
:10494000047B704780B400AF054B1B68002BCCBFC5
:1049500001230023DBB21846BD465DF8047B704797
:10496000E426002080B483B000AF78607B680F2B12
:1049700001DC10237B607B68073323F007031846B4
:104980000C37BD465DF8047B704780B582B000AF40
:1049900078607B6820331846FFF78CFF0346002BB6
:1049A00001D0002303E07B685B6A08335B6818462C
:1049B0000837BD4680BD80B582B000AF0D48FFF717
:1049C00069FF0D4B3B600D4B7B600AE07B6800226A
:1049D0009A607B6807491846FFF77EFF7B6834338F
:1049E0007B607A683B689A42F0D300231846083708
:1049F000BD4680BD0C1100200C1100203C10002091
:104A000080B588B000AF786039607B6814337B6113
:104A10007B6818333A689A4203D17B681B6BFB6151
:104A200002E03B680833FB613B681A687B68283307
:104A30009A4206D17B681B6B7A6852691344BB614A
:104A400002E03B681B68BB61BA69FB69D31A3B6132
:104A500039697869FFF700F9F8603B685B6823F013
:104A600001031A463B685A607B690C33FA689A4224
:104A700026D0FB6808335B681A463B6993421FD116
:104A8000FB6803F10802FB69083312681A60FB68CF
:104A90000833FA6908321A60FB690833FA68083289
:104AA0005A60FB6908331B68002B05D0FB6908338B
:104AB0001B68FA6908325A60FB6900221A600CE030
:104AC000F968F869FFF708FFFB69083300221A60EC
:104AD000FB6908333A695A6000BF00BF2037BD4602
:104AE00080BD80B586B000AF786039607B681433D4
:104AF0007B6139687869FFF7AFF838617B690C33FF
:104B00003A699A4201D1002334E03869FFF74AF943
:104B10007B681B6B3A699A4202D17B68183301E0CB
:104B20003B69083BFB603B6908335B681A463B689E
:104B3000D31A172B16D93B683A691344BB60B9687E
:104B4000F868FFF769F9BB681A687B6828339A42EE
:104B500004D1B9687868FFF753FF03E0B968786952
:104B6000FFF7C9F8FB685B6843F001031A46FB686E
:104B70005A603B6918461837BD4680BD80B586B07F
:104B800000AF786039607B6814333B617B681B6BD6
:104B90003A689A4202D17B68183301E03B68083BCF
:104BA0007B617B695B6803F00103002B02D16FF02E
:104BB00010034AE07B695B6823F001031A467B69B6
:104BC0005A607B691B685B6803F00103002B0AD104
:104BD0007B691B6808331846FFF7E4F87B691B689C
:104BE0001846FFF738F97B695B685B6803F00103DF
:104BF000002B15D17B695B687B617B6818337A6910
:104C00009A4202D17B681B6B01E07B690833FB6031
:104C1000F868FFF7C7F87B691B681846FFF71BF9B0
:104C20007B6818337A699A4205D07B691A687B6879
:104C300028339A4204D179697868FFF7E1FE03E0EE
:104C400079693869FFF757F8002318461837BD46C9
:104C500080BD80B586B000AF786018E07B681B68C7
:104C60007B617B691B6C3B617868FFF78EFE0246B7
:104C70003B69934213DC39697868FFF732FFF860CB
:104C80007B695B6CFA681A60786904F038FE7B68AF
:104C90001846FFF70FFE0346002BDFD000E000BFF1
:104CA00000BF1837BD4680BD80B582B000AF7860C8
:104CB0007B6818331846FFF7EDFD7B6820331846F4
:104CC000FFF7E8FD7B6803F118027B68283319467B
:104CD0001046FFF7A1F87B68DB6A43F001031A4630
:104CE0007B68DA627B68183319467868FFF788FEBC
:104CF00000BF0837BD4680BD80B58AB000AF786080
:104D000040F22133FB617B685A68FB69DB43134047
:104D1000002B02D06FF00A0393E07B689B68002BA6
:104D200005DD7B689B681A46484B9A4202D96FF0B2
:104D3000100386E0464B1B68002B0DD1FFF702FEE7
:104D40000346002B08D1434B1B68002B04D006F010
:104D5000D2F80346002B02D06FF0180371E07B6895
:104D60009B681846FFF7FEFDB8617B685B6803F03F
:104D70002003002B0BD07B689B68BA699A4202D053
:104D80006FF010035DE07B68DB687B6209E0B86967
:104D9000FFF780F878627B6A002B02D16FF0200366
:104DA0004FE006F0B5F878612B48FFF7AEFD3861AB
:104DB0003B69002B03D16FF021033B6222E03B698A
:104DC000264A9B1A9B10264A02FB03F30133FB6021
:104DD0003B691846FFF75EFD3B69FA689A607B689D
:104DE0001A683B69DA607B685A683B691A613B69FB
:104DF000BA695A613B697A6A1A633869FFF754FFE6
:104E0000FB683B627B69002B0BD1124B1A68154B78
:104E10001B689A4205D00E4B1B68002B01D106F08F
:104E200021FB786906F05AF83B6A002B08DA7B68A8
:104E30005B6803F02003002B02D1786AFFF7D1F8FA
:104E40003B6A18462837BD4680BD00BFF8FFFF7F8C
:104E50000C150020101500200C1100203C10002023
:104E6000C54EECC41415002080B588B000AF786042
:104E70000023FB610023BB6100237B617B68002B67
:104E800002DD7B68042B02DD6FF0110357E02E4B2F
:104E90001B68002B0DD1FFF755FD0346002B08D1F1
:104EA0002A4B1B68002B04D006F025F80346002B84
:104EB00002D06FF0180342E07B68013B342202FB12
:104EC00003F3234A13443B6106F022F8F8603B6980
:104ED0009B68002B03D16FF029037B6111E03B69D4
:104EE0001B6BFB613B691B69BB613B69184604F0A6
:104EF000BBFD3B6917491846FFF7EEFC3B690022F2
:104F00009A60FB68002B0BD1104B1A68124B1B6880
:104F10009A4205D00C4B1B68002B01D106F0A2FA77
:104F2000F86805F0DBFF7B69002B07D1BB6903F054
:104F30002003002B02D1F869FFF753F87B6918466C
:104F40002037BD4680BD00BF0C1500201015002085
:104F50003C1000200C1100201415002080B584B0F6
:104F600000AF786039607B681B6B013B342202FB29
:104F700003F3084A1344FB603B68002B03DB7968AA
:104F8000F86804F0D5FDF868FFF763FE00BF10373E
:104F9000BD4680BD3C10002080B582B000AF786077
:104FA0004FF0FF317868FFF7D9FF00BF0837BD46E3
:104FB00080BD80B588B000AFF860B9607A603B60B2
:104FC0000023FB6100233B61FB68002B02DDFB68D3
:104FD000042B02DD6FF011038CE0BB68002B03DDB6
:104FE000BB68464A934202D96FF0100382E03B68E7
:104FF000B3F1FF3F02DA6FF010037BE0404B1B6818
:10500000002B0DD1FFF79EFC0346002B08D13D4B32
:105010001B68002B04D005F06EFF0346002B02D066
:105020006FF0180366E0FB68013B342202FB03F3D8
:10503000354A1344BB61B868FFF794FCB86005F0CB
:1050400067FF7861BB699B68002B03D16FF0290370
:105050003B613CE0BB695B69BA689A4203DD6FF073
:1050600010033B6133E0274B1B681946B86904F015
:1050700071FD0246234B1B689A420BD1B968B8698F
:10508000FFF72FFDF861FB69002B03D07B68FA69FD
:105090001A601CE0BB691B6903F00103002B01D0FF
:1050A0001A4A00E01A4A174B1B68DA62154B1B6854
:1050B00007F11002DA63134B1B68BA681A64114BCC
:1050C0001B687A685A643968B86904F0FBFC7B692C
:1050D000002B0BD10B4B1A680E4B1B689A4205D064
:1050E000074B1B68002B01D106F0BCF9786905F06D
:1050F000F5FE3B6918462037BD4680BDF8FFFF7FAF
:105100000C150020101500203C100020280901007B
:105110001C0901001415002080B586B000AF78602E
:10512000396000237B617B68002B02DD7B68042BE8
:1051300002DD6FF0110358E02E4B1B68002B0DD1E0
:10514000FFF700FC0346002B08D12B4B1B68002BFC
:1051500004D005F0D0FE0346002B02D06FF01803F8
:1051600043E07B68013B342202FB03F3234A1344F0
:105170003B6105F0CDFEF8603B699B68002B03D1D5
:105180006FF029037B611DE03B691B6B3A689A4213
:1051900007D33B691B6B3A69526913443A689A42D8
:1051A00003D96FF010037B610CE039683869FFF7B1
:1051B000E5FC78617B69002B03DB3869FFF749FD6B
:1051C00000E000BFFB68002B0BD10B4B1A680C4BA7
:1051D0001B689A4205D0074B1B68002B01D106F0D3
:1051E00041F9F86805F07AFE7B6918461837BD4624
:1051F00080BD00BF0C150020101500203C100020C1
:105200001415002080B58AB000AF786039600023A3
:10521000BB617B68002B02DD7B68042B02DD6FF035
:10522000110373E03B4B1B68002B0DD1FFF78AFB8A
:105230000346002B08D1384B1B68002B04D005F027
:105240005AFE0346002B02D06FF018035EE07B6825
:10525000013B342202FB03F3304A13447B6105F027
:1052600057FE38617B699B68002B03D16FF02903DF
:10527000BB6138E07B69DA683B681A607B69184675
:1052800004F00DFC02463B685A600023FB617B6919
:105290001B6A7B6219E07B6A08335B68FB60FA6912
:1052A000FB681344FB617B6A08331B683B6206E0C2
:1052B000FA69FB681344FB613B6A1B683B623B6A0B
:1052C000002BF5D17B6A1B687B627B6920337A6A8D
:1052D0009A42E0D13B68FA699A607869FFF755FB1A
:1052E00002463B68DA603B69002B0BD10A4B1A6817
:1052F0000B4B1B689A4205D0064B1B68002B01D153
:1053000006F0B0F8386905F0E9FDBB6918462837A2
:10531000BD4680BD0C150020101500203C1000205B
:105320001415002080B483B000AF78607B687A6881
:105330001A607B687A685A6000BF0C37BD465DF81A
:10534000047B704780B483B000AF78607B681B68D3
:105350007A689A420CBF01230023DBB218460C374F
:10536000BD465DF8047B704780B483B000AF7860C1
:1053700039603B685A687B685A607B683A681A6093
:105380003B685B687A681A603B687A685A6000BF5D
:105390000C37BD465DF8047B704780B485B000AF24
:1053A00078607B681B687A689A4201D100230BE021
:1053B0007B681B68FB60FB681A687B681A60FB6887
:1053C0001B687A685A60FB6818461437BD465DF85A
:1053D000047B704780B400AF054B1B68002BCCBF2B
:1053E00001230023DBB21846BD465DF8047B7047FD
:1053F000E426002080B483B000AF786039603B6859
:1054000004337A68526A934294BF01230023DBB2CB
:1054100018460C37BD465DF8047B704780B483B0F6
:1054200000AF78607B685A6A7B68DB699A420CBF80
:1054300001230023DBB218460C37BD465DF8047B20
:10544000704780B582B000AF0D48FFF76BFF0D4B82
:105450003B600D4B7B600AE07B6800229A607B68B2
:1054600007491846FFF780FF7B6834337B607A6812
:105470003B689A42F0D3002318460837BD4680BDEA
:10548000B4120020B41200201411002080B588B09E
:1054900000AFF860B9607A60FB68DB6AFB61FB68AB
:1054A0001B6BBB61FB685B6A1A467B68033323F0A6
:1054B0000303D31A043B1A46FB685A62FB69BA69B4
:1054C00013447A681A60FB690433FB61FB68DB698B
:1054D000FA699A4201DB0023FB61FB68DA69FB6928
:1054E000D31A7B617A697B689A4211DAFB69BA69DF
:1054F00013447A69B9681846FBF7CBFC7B69BA6834
:105500001344BB607A687B69D31A7B600023FB611C
:10551000FB69BA6913447A68B9681846FBF7B9FCA5
:105520007B68033323F00303FA691344FB61FB68D0
:10553000DB69FA699A4201DB0023FB61FB68FA69C7
:10554000DA6200BF2037BD4680BD80B584B000AFB1
:10555000786016E07B681B68FB60FB685B6CBB6077
:10556000B9687868FFF746FF0346002B11D0FB6847
:105570001B6CBA6819467868FFF788FFF86804F072
:10558000BEF97B681846FFF7DDFE0346002BE1D02D
:1055900000E000BF00BF1037BD4680BD80B58AB0B7
:1055A00000AF78602123FB617B685A68FB69DB43AD
:1055B0001340002B02D06FF00A0398E07B689B68D1
:1055C000002B02DA6FF0100391E07B68DB68002BA0
:1055D00002DC6FF010038AE07B689B68033323F0E2
:1055E0000303BB61BB69002B1BDD7B685B6803F0B9
:1055F0002003002B0BD07B689B68BA699A4202D0CB
:105600006FF0100373E07B681B697B620BE0B86985
:10561000FEF740FC78627B6A002B04D16FF0200318
:1056200065E000237B6205F073FC78613248FFF788
:10563000B4FE38613B69002B03D16FF021033B625C
:1056400033E03B692D4A9B1A9B102D4A02FB03F362
:105650000133FB603B691846FFF764FE3B69FA685B
:105660009A607B681A683B69DA607B685A683B69B4
:105670001A613B6914331846FFF754FE3B697A6A96
:105680001A633B69BA695A623B695A6A3B69DA61D3
:105690007B68DA683B691A623B690022DA623B691F
:1056A000DA6A3B699A62FB683B627B69002B0BD12B
:1056B000144B1A68144B1B689A4205D0134B1B6895
:1056C000002B01D105F0CEFE786905F007FC3B6A9E
:1056D000002B0BDA7B6A002B08D07B685B6803F039
:1056E0002003002B02D1786AFEF77BFC3B6A184648
:1056F0002837BD4680BD00BFB41200201411002021
:10570000C54EECC410150020141500200C15002007
:1057100080B586B000AF786000237B6100233B61D9
:105720007B68002B02DD7B68082B02DD6FF0110324
:1057300045E07B68013B342202FB03F3224A134419
:10574000FB6005F0E5FBB860FB689B68002B03D1AC
:105750006FF029033B6113E0FB681B6B7B61FB6807
:105760001433184604F080F9FB68184604F07CF9FD
:10577000FB6816491846FFF7F7FDFB6800229A60A0
:10578000BB68002B0BD1124B1A68124B1B689A4254
:1057900005D0114B1B68002B01D105F063FEB868E2
:1057A00005F09CFB7B69002B08D0FB681B6903F0AC
:1057B0002003002B02D17869FEF713FC3B691846E1
:1057C0001837BD4680BD00BF14110020B412002060
:1057D00010150020141500200C15002080B584B091
:1057E00000AF786039607B681B6B013B342202FBA1
:1057F00003F3084A1344FB603B68002B03DB796822
:10580000F86804F095F9F868FFF79FFE00BF1037BD
:10581000BD4680BD1411002080B582B000AF786015
:105820004FF0FF317868FFF7D9FF00BF0837BD465A
:1058300080BD80B588B000AFF860B9607A603B6029
:1058400000233B61FB68002B02DDFB68082B02DDB7
:105850006FF01103B3E07B68002B02DC6FF01003E4
:10586000ADE03B68B3F1FF3F02DA6FF01003A6E052
:105870003B68002B14D0544B1B68002B0DD1FFF755
:10588000A9FD0346002B08D1504B1B68002B04D008
:1058900005F031FB0346002B02D06FF018038EE0B9
:1058A000FB68013B342202FB03F3494A1344FB61CA
:1058B00005F02EFBB861FB699B68002B03D16FF0EC
:1058C00029033B6168E0FB691B6A7A689A4203DD41
:1058D0006FF010033B615FE0FB6914331846FFF77C
:1058E00031FD0346002B11D1FB695B697B617B694C
:1058F0001B6C7A68B9681846FBF7CBFA7B695B6C5E
:105900007A681A60786903F0FAFF45E0FFF762FDF4
:105910000346002B0ED12D4B1B68002B0AD02B4BBE
:105920001B681946F86904F015F90246274B1B68F5
:105930009A420CD17968F869FFF75CFD0346002BA9
:1059400005D07A68B968F869FFF7A0FD24E06FF028
:1059500031033B613B68002B1DD0FB691B6903F0E1
:105960000103002B01D01B4A00E01B4A174B1B68A8
:10597000DA62164B1B6807F11002DA63134B1B68DF
:10598000BA681A64114B1B687A685A643968F869F6
:1059900004F098F800E000BFBB69002B0BD10B4B63
:1059A0001A680E4B1B689A4205D0074B1B68002BE8
:1059B00001D105F057FDB86905F090FA3B6918462A
:1059C0002037BD4680BD00BF0C15002010150020FB
:1059D00014110020400901003409010014150020B1
:1059E00080B588B000AF786039607B689B6AFB61E6
:1059F0007B681B6B7B61FB697A6913441B68BB6125
:105A0000BB693B617B685B6A1A46BB69033323F061
:105A10000303134404331A467B685A62FB69043358
:105A2000FB617B68DB69FA699A4201DB0023FB6159
:105A30007B68DA69FB69D31AFB60FA68BB699A4232
:105A400011DAFB697A691344FA6819463868FBF77A
:105A500020FAFB683A6813443B60BA69FB68D31AC2
:105A6000BB610023FB61FB697A691344BA6919467B
:105A70003868FBF70EFABB69033323F00303FA69B6
:105A80001344FB617B68DB69FA699A4201DB0023FE
:105A9000FB617B68FA699A623B6918462037BD460C
:105AA00080BD80B58AB000AFF860B9607A6000232D
:105AB0007B61FB68002B02DDFB68082B02DD6FF0C9
:105AC00011039EE07B68B3F1FF3F02DA6FF0100331
:105AD00097E04E4B1B68002B0DD1FFF77BFC034674
:105AE000002B08D14A4B1B68002B04D005F003FAA9
:105AF0000346002B02D06FF0180382E0FB68013BE5
:105B0000342202FB03F3434A13447B6205F000FA9C
:105B100038627B6A9B68002B03D16FF029037B619D
:105B200057E0786AFFF77AFC0346002B09D1B96881
:105B3000786AFFF755FF0346BB61786AFFF705FDFA
:105B400047E07B6A1846FFF7FDFB0346002B13D1A5
:105B50007B6A1B68FB61FB695B6CBB61FB691B6C4F
:105B6000BA691946B868FBF794F9F86903F0C7FEFB
:105B7000786AFFF7EAFC2CE06FF031037B617B6809
:105B8000002B25D0224B1B68234ADA62204B1B686E
:105B9000FA681A631E4B1B6807F11402DA631C4B88
:105BA0001B68BA681A641A4B1B6807F118025A641A
:105BB0007B6A1B691946786803F0F3FE144B1B6877
:105BC0001A467B6A143319461046FFF7CDFB00E0F6
:105BD00000BF3B6A002B0BD10D4B1A680F4B1B68A3
:105BE0009A4205D0094B1B68002B01D105F03AFC05
:105BF000386A05F073F97B69002B01DA7B6900E0F4
:105C0000BB6918462837BD4680BD00BF0C15002073
:105C100010150020141100204C090100141500205B
:105C200080B586B000AF7860396000237B617B6807
:105C3000002B02DD7B68082B02DD6FF0110361E0B1
:105C40007B68013B342202FB03F3304A13443B617F
:105C500005F05EF9F8603B699B68002B03D16FF09B
:105C600029037B613BE03B69DA683B681A603B696A
:105C70001433184603F013FF02463B685A603B6931
:105C8000184603F00CFF02463B689A603869FFF73C
:105C9000C5FB0346002B08D13B691B6B3A69926A2E
:105CA00013441A683B68DA6011E03B691846FFF755
:105CB00049FB0346002B07D13B691B68BB60BB68EF
:105CC0005A6C3B68DA6002E03B680022DA603B69AC
:105CD0005A6A3B681A613B691A6A3B685A61FB68F9
:105CE000002B0BD10A4B1A680A4B1B689A4205D04D
:105CF000094B1B68002B01D105F0B4FBF86805F0D7
:105D0000EDF87B6918461837BD4680BD1411002098
:105D100010150020141500200C15002080B483B04D
:105D200000AF78607B687A681A607B687A685A602E
:105D300000BF0C37BD465DF8047B704780B483B06C
:105D400000AF78607B681B687A689A420CBF0123B9
:105D50000023DBB218460C37BD465DF8047B704764
:105D600080B483B000AF786039603B685A687B6864
:105D70005A607B683A681A603B685B687A681A60A8
:105D80003B687A685A6000BF0C37BD465DF8047BFB
:105D9000704780B485B000AF78607B681B687A6814
:105DA0009A4201D100230BE07B681B68FB60FB6813
:105DB0001A687B681A60FB681B687A685A60FB681F
:105DC00018461437BD465DF8047B704780B400AFB9
:105DD000054B1B68002BCCBF01230023DBB2184608
:105DE000BD465DF8047B7047E426002080B588B08E
:105DF00000AF786039603B68BB61BB697B617B68E1
:105E000093F82630FB742623FB607B691B68FB61DB
:105E100009E0FB68FA6913441B78FA7C9A4207D3BD
:105E2000FB691B68FB61FA69BB699A42F1D100E02A
:105E300000BF7B68F9691846FFF792FF00BF203763
:105E4000BD4680BD80B582B000AF0E48FFF766FF4B
:105E50000D4B3B600D4B7B600AE07B6800229A6033
:105E60007B6808491846FFF77BFF7B6820337B601F
:105E70007A683B689A42F0D3002318460837BD463B
:105E800080BD00BF3C1300203C130020BC1200204A
:105E900080B586B000AF786039607B6893F82530B4
:105EA0003B613B69FB607B6864337B612DE0BA68D2
:105EB0003B689A4204D1BB68DA697B691A6024E0C6
:105EC000BB681B6903F00303022B05D0032B10D121
:105ED000BB681B7DFB600FE0BB681846FFF72EFF19
:105EE0000346002B07D1BB681B6893F82630FB6084
:105EF00001E000BF00E000BF3A69FB689A4201DDA3
:105F0000FB683B61BB681C337B617B691B68BB60C2
:105F1000BB68002BCBD17B6893F826301A463B69CF
:105F2000934203D03969786801F042F900BF18370D
:105F3000BD4680BD80B586B000AF78607B685B6E83
:105F40007B6130E03B69DB697B613B691846FFF7A9
:105F5000F5FE0346002B23D13B691B68FB60F86804
:105F600003F0CDFC3B69FA689A61FB685A6E3B69A5
:105F7000DA61FB683A695A663B691B6903F00303FF
:105F8000032B10D1FB6893F826203B691B7D9A42B6
:105F900009D93B691B7D1946F86801F009F902E04F
:105FA0003B6900229A617B693B613B69002BC9D147
:105FB00000BF00BF1837BD4680BD80B586B000AFBA
:105FC000786039603B683B610023FB607B6893F835
:105FD000273003F00203002B1CD07B68DB6A1B68B0
:105FE00003F08003002B15D07B681B6B013B5B012A
:105FF000294A13447B617B691B6903F00303032B6C
:1060000008D17B691B7DBB60BA68FB689A4201DDE1
:10601000BB68FB603B69BB607B685B6E7B612CE0AF
:106020007B691B6903F00303022B0BD0032B16D1F2
:106030007B691B7DBB60BA68FB689A4211DDBB6857
:10604000FB600EE07B691846FFF778FE0346002BE5
:1060500009D17B691B6893F82630BB6003E000BF61
:1060600002E000BF00E000BFBA683B699A4201DA73
:10607000BB683B617B69DB697B617B69002BCFD1AE
:106080003A68FB689A4202DA6FF01B0300E03B6952
:1060900018461837BD4680BDBC12002080B588B0B8
:1060A00000AF786003237B617B685A687B69DB43C0
:1060B0001340002B02D06FF00A0359E07B685B6845
:1060C00003F00303032B0FD17B689B68002B03DDD8
:1060D0007B689B68202B02DD6FF0100348E07B6833
:1060E0009B68013BFB6101E00023FB6104F010FFB2
:1060F00038612148FFF74DFEF860FB68002B03D1A3
:106100006FF02103BB6120E0FB681C4A9B1A5B1106
:106110000133BB60FB681846FFF700FEFB68BA68F6
:106120009A607B681A68FB68DA607B685A68FB686B
:106130001A61FB69DAB2FB681A75FB6800229A6182
:10614000FB680022DA61BB68BB613B69002B0BD1A5
:106150000B4B1A680B4B1B689A4205D00A4B1B6805
:10616000002B01D105F07EF9386904F0B7FEBB6958
:1061700018462037BD4680BD3C130020BC120020CD
:1061800010150020141500200C15002080B586B0D5
:1061900000AF786000237B617B68002B02DD7B68A9
:1061A000042B02DD6FF0110339E07B68013B5B01DA
:1061B0001D4A13443B6104F0ABFEF8603B699B68E9
:1061C000002B03D16FF029037B6115E03B699B69CC
:1061D000002B05D03B699B6939691846FFF758FECB
:1061E0003B69184603F040FC3B6910491846FFF72D
:1061F000B7FD3B6900229A60FB68002B0BD10C4B6A
:106200001A680C4B1B689A4205D00B4B1B68002B7D
:1062100001D105F027F9F86804F060FE7B691846A3
:106220001837BD4680BD00BFBC1200203C130020C3
:1062300010150020141500200C15002080B584B026
:1062400000AF786039607B681B6B013B5B01174ACC
:106250001344FB607968F86803F06AFCFB681B690B
:1062600003F00303022B1DD1FB689B69BB60BB6875
:1062700093F826207B6893F826309A4207D97B68EA
:1062800093F826301946B86800F092FF0AE0BB6820
:1062900093F826301A463B68934203D10021B86830
:1062A000FFF7F6FD00BF1037BD4680BDBC120020D1
:1062B00080B584B000AF78607B681B6B013B5B01ED
:1062C0000A4A1344FB60FB689B69BB60BB6893F898
:1062D00026207B6893F826309A4203D10021B868C3
:1062E000FFF7D6FD00BF1037BD4680BDBC120020B1
:1062F00080B588B000AF786039600023FB607B68B0
:10630000002B02DD7B68042B02DD6FF01103D1E06E
:106310003B68B3F1FF3F02DA6FF01003CAE0674B4E
:106320001B68002B0DD1FFF751FD0346002B08D150
:10633000634B1B68002B04D004F0DDFD0346002BEB
:1063400002D06FF01803B5E07B68013B5B015D4A4A
:106350001344FB6104F0DCFDB861FB699B68002B12
:1063600003D16FF02903FB6091E0FB699A69544BFC
:106370001B689A4203D16FF01B03FB6087E0FB6947
:106380001B6903F003037B617B69032B0BD14C4B2F
:106390001B6893F82520FB691B7D9A4203D26FF09E
:1063A0001B03FB6073E0FB699B693B613B69002B4E
:1063B00020D1434B1A68FB699A61414B1B685A6EA6
:1063C000FB69DA613E4B1B68FA695A667B69032BED
:1063D0005DD13B4B1B6893F82620FB691B7D9A42DD
:1063E00055D9374B1A68FB691B7D1946104600F0DA
:1063F000DFFE4CE06FF03103FB603B68002B45D0C3
:106400007B69022B10D13B6993F826202C4B1B682B
:1064100093F826309A4207D9294B1B6893F8263007
:106420001946386900F0C4FE7B69002B06D07B69F1
:10643000022B01D1244B02E0244B00E0244B204AE4
:106440001268D3621E4B1B6807F10C02DA631C4B07
:106450001B68FA6992681A63FB691B6919463868F8
:1064600003F09FFA7B69002B08D1154B1B681A4675
:10647000FB6919461046FFF773FC08E0104B1B68D8
:10648000FA6911461846FFF7B1FC00E000BFBB698E
:10649000002B0BD10A4B1A680E4B1B689A4205D091
:1064A000064B1B68002B01D104F0DCFFB86904F037
:1064B00015FDFB6818462037BD4680BD0C15002031
:1064C00010150020BC1200207009010064090100B1
:1064D000580901001415002080B586B000AF78601F
:1064E00000237B617B68002B02DD7B68042B02DDCF
:1064F0006FF011036DE0FFF769FC0346002B03D139
:10650000364B1B68002B02D16FF0180361E07B68EB
:10651000013B5B01324A13443B6104F0F9FCF86033
:106520003B699B68002B03D16FF029037B613DE041
:106530003B699A69294B1B689A4203D06FF01B0391
:106540007B6133E0254B1B6839691846FFF7A0FCD7
:106550003B691846FFF7F2FB0346002B23D13B694A
:106560001B68BB60B86803F0CAF93B69BA689A61F6
:10657000BB685A6E3B69DA61BB683A695A663B6927
:106580001B6903F00303032B10D1BB6893F826208B
:106590003B691B7D9A4209D93B691B7D1946B86846
:1065A00000F006FE02E03B6900229A61FB68002BC6
:1065B0000BD10A4B1A680B4B1B689A4205D00A4B49
:1065C0001B68002B01D104F04DFFF86804F086FC35
:1065D0007B6918461837BD4680BD00BF10150020E6
:1065E000BC120020141500200C15002080B586B0C8
:1065F00000AF7860396000237B617B68002B02DD8F
:106600007B68042B02DD6FF0110339E07B68013BEE
:106610005B011D4A13443B6104F07AFCF8603B695E
:106620009B68002B03D16FF029037B6115E03B6968
:10663000DA683B681A603B699B69002B03D03B69B1
:106640009B699B6800E000233A6853603B691846E9
:1066500003F025FA02463B689A60FB68002B0BD1D9
:106660000A4B1A680A4B1B689A4205D0094B1B68F3
:10667000002B01D104F0F6FEF86804F02FFC7B69D2
:1066800018461837BD4680BDBC12002010150020EA
:10669000141500200C15002080B483B000AF786082
:1066A0007B687A681A607B687A685A6000BF0C372A
:1066B000BD465DF8047B704780B483B000AF78605E
:1066C00039603B685A687B685A607B683A681A6030
:1066D0003B685B687A681A603B687A685A6000BFFA
:1066E0000C37BD465DF8047B704780B485B000AFC1
:1066F00078607B681B687A689A4201D100230BE0BE
:106700007B681B68FB60FB681A687B681A60FB6823
:106710001B687A685A60FB6818461437BD465DF8F6
:10672000047B704780B400AF054B1B68002BCCBFC7
:1067300001230023DBB21846BD465DF8047B704799
:10674000E426002080B582B000AF0E48FFF7A4FF1A
:106750000D4B3B600D4B7B600AE07B6800229A602A
:106760007B6808491846FFF7A7FF7B681C337B60EE
:106770007A683B689A42F0D3002318460837BD4632
:1067800080BD00BF04150020041500204413002024
:1067900080B588B000AF78600323BB617B685A681E
:1067A000BB69DB431340002B02D06FF00A0359E0B2
:1067B0007B689B68002B02DA6FF0100352E07B6865
:1067C000DB68002B02DC6FF010034BE07B68DA68BB
:1067D0007B689B689A4202DA6FF0100342E004F093
:1067E00097FB78612148FFF780FF38613B69002BF8
:1067F00003D16FF02103FB6121E03B691C4A9B1A26
:106800009B101C4A02FB03F30133FB603B691846F3
:10681000FFF742FF3B69FA689A607B681A683B6938
:10682000DA607B685A683B691A617B689A683B69E1
:106830005A617B68DA683B699A61FB68FB617B6936
:10684000002B0BD10C4B1A680C4B1B689A4205D0DD
:106850000B4B1B68002B01D104F004FE786904F097
:106860003DFBFB6918462037BD4680BD041500205E
:1068700044130020B76DDBB610150020141500205E
:106880000C15002080B586B000AF786000237B61D6
:106890007B68002B02DD7B68102B02DD6FF011039B
:1068A00032E07B685A1E1346DB009B1A9B00184A95
:1068B00013443B6104F02CFBF8603B699B68002BA0
:1068C00003D16FF029037B610BE03B69184603F0AD
:1068D000CBF83B690F491846FFF7EEFE3B690022F3
:1068E0009A60FB68002B0BD10B4B1A680B4B1B6893
:1068F0009A4205D00A4B1B68002B01D104F0B2FD6F
:10690000F86804F0EBFA7B6918461837BD4680BD7D
:106910004413002004150020101500201415002039
:106920000C15002080B588B000AF78603960002376
:10693000BB617B68002B02DD7B68102B02DD6FF0F2
:1069400011036AE03B68002B02DC6FF0100364E087
:106950007B685A1E1346DB009B1A9B00314A134486
:106960007B6104F0D5FA38617B699B68002B03D109
:106970006FF02903BB613DE07B699A697B695B69C4
:10698000D31A3A689A4203DD6FF02A03BB6131E003
:106990007B695A693B681A447B695A617B691B6849
:1069A000FB611FE0FB69FB60FB691B68FB617B69A6
:1069B0005A69FB681B6C9A4206DA7B691B6903F013
:1069C0000203002B13D00DE0F86802F098FF7B69FA
:1069D0005A69FB681B6CD21A7B695A617B695B69D7
:1069E000002B06DD7B69FA699A42DBD102E000BF29
:1069F00000E000BF3B69002B0BD10B4B1A680B4B1F
:106A00001B689A4205D00A4B1B68002B01D104F089
:106A100029FD386904F062FABB6918462037BD4683
:106A200080BD00BF44130020101500201415002065
:106A30000C15002080B586B000AF786039607B68A7
:106A40001B6B5A1E1346DB009B1A9B00194A13440A
:106A50003B613B68002B03DB7968386903F068F819
:106A60003B691B6903F00203002B1DD13B691B68C6
:106A70007B6114E07B69FB607B691B687B613B6920
:106A80005A69FB681B6C9A4210DBF86802F037FF0A
:106A90003B695A69FB681B6CD21A3B695A613B69B6
:106AA0007A699A42E6D102E000BF00E000BF1837E1
:106AB000BD4680BD4413002080B582B000AF786031
:106AC0004FF0FF317868FFF7B5FF00BF0837BD46CC
:106AD00080BD80B588B000AFF860B9607A600023EF
:106AE0007B61FB68002B02DDFB68102B02DD6FF081
:106AF000110387E0BB68002B02DC6FF0100381E01C
:106B00007B68B3F1FF3F02DA6FF010037AE03F4B8E
:106B10001B68002B0DD1FFF705FE0346002B08D1A3
:106B20003B4B1B68002B04D004F0E5F90346002B17
:106B300002D06FF0180365E0FB685A1E1346DB00B5
:106B40009B1A9B00334A1344FB6104F0E1F9B861DE
:106B5000FB699B68002B03D16FF029037B613EE04A
:106B6000FB699B69BA689A4203DD6FF010037B6191
:106B700035E0FB691B6903F00203002B0AD1244BAB
:106B80001B681946F86902F0E5FF0246204B1B68B6
:106B90009A420BD1FB695B69BA689A4206DCFB69D1
:106BA0005A69BB68D21AFB695A6118E0FB691B6914
:106BB00003F00103002B01D0174A00E0174A144BE1
:106BC0001B68DA62124B1B6807F11402DA63104B80
:106BD0001B68BA681A647968F86902F073FFBB69C8
:106BE000002B0BD10A4B1A680D4B1B689A4205D03B
:106BF000064B1B68002B01D104F034FCB86904F08B
:106C00006DF97B6918462037BD4680BD0C15002004
:106C10001015002044130020880901007C090100A0
:106C20001415002080B586B000AF7860396000236D
:106C30007B617B68002B02DD7B68102B02DD6FF02F
:106C4000110335E07B685A1E1346DB009B1A9B003C
:106C5000194A13443B6104F05BF9F8603B699B6897
:106C6000002B03D16FF029037B610EE03B69DA68EA
:106C70003B681A603B69184602F011FF02463B6808
:106C80005A603B695A693B689A60FB68002B0BD1DC
:106C90000A4B1A680A4B1B689A4205D0094B1B68BD
:106CA000002B01D104F0DEFBF86804F017F97B69D2
:106CB00018461837BD4680BD44130020101500202B
:106CC000141500200C15002080B483B000AF78604C
:106CD0007B687A681A607B687A685A6000BF0C37F4
:106CE000BD465DF8047B704780B483B000AF786028
:106CF0007B681B687A689A420CBF01230023DBB2D1
:106D000018460C37BD465DF8047B704780B483B0ED
:106D100000AF786039603B685A687B685A607B686E
:106D20003A681A603B685B687A681A603B687A6800
:106D30005A6000BF0C37BD465DF8047B704780B4D5
:106D400083B000AF78607B681B687A689A4209D08C
:106D50007B685B687A6812681A607B681B687A686F
:106D600052685A6000BF0C37BD465DF8047B70471F
:106D700080B485B000AF78607B681B687A689A42FF
:106D800001D100230BE07B681B68FB60FB681A687D
:106D90007B681A60FB681B687A685A60FB68184653
:106DA0001437BD465DF8047B704780B483B000AFF4
:106DB000786039600BE001223B689A407B681340A1
:106DC000002B01D03B6806E03B6801333B603B6829
:106DD0001F2BF0DD202318460C37BD465DF8047BE1
:106DE000704780B584B000AF78607B6820221A605D
:106DF0000023FB600AE0FB68DB007A68134404337D
:106E00001846FFF761FFFB680133FB60FB681F2B2F
:106E1000F1DD7B680022C3F804217B680022C3F8FF
:106E20000C217B6803F58473042200211846F9F7CE
:106E3000E4FF00BF1037BD4680BD80B483B000AF13
:106E400078607B68D3F80C31002B03D07B68D3F8D3
:106E50000C3105E07B681B687A68DB0013445B68D3
:106E600018460C37BD465DF8047B704780B483B08C
:106E700000AF78607B681B6818460C37BD465DF82C
:106E8000047B704780B584B000AF786039603B68A0
:106E900093F82630FB603868FB68DB007A6813449F
:106EA00004331946FFF732FF7B68D3F8082101212C
:106EB000FB6801FA03F31A437B68C3F808213B68B7
:106EC00093F8283003F00203DBB2002B03D07B6879
:106ED0003A68C3F80C217B681B68FA689A4204DAA6
:106EE0007B68FA681A60012300E000231846103717
:106EF000BD4680BD80B584B000AF786039603B6826
:106F000093F82630FB607B68D3F80C313A689A42DC
:106F100003D17B680022C3F80C213B681846FFF7B9
:106F20000EFF3B6893F8283003F00103DBB2002B1F
:106F300007D03A6892F8283023F0010382F828300D
:106F400029E0FB68DB007A68134404331846FFF736
:106F5000CBFE0346002B1BD07B68D3F80821012110
:106F6000FB6801FA03F3DB431A407B68C3F808218E
:106F70007B681B68FA689A420CD17B68D3F80831A9
:106F8000F9681846FFF711FF02467B681A6002E0B5
:106F900000BF00E000BF1037BD4680BD80B584B0A3
:106FA00000AF786039603B68DB007A6813440433D3
:106FB000FB60F868FFF7DCFEB860BB68002B03D00D
:106FC000F968B868FFF7A2FE00BF1037BD4680BD64
:106FD00080B582B000AF0848FFF72FFF7860074BFD
:106FE0001B687A689A4202D0044A7B68136000BF2B
:106FF0000837BD4680BD00BF1815002014150020BD
:1070000080B485B000AF78607B681B6EFB60FB6866
:10701000443BFB60FB686FF006021A60FB680022CD
:107020009A63FB684FF080721A647B685B6923F097
:1070300001031A46FB68DA637B68FA689A6100BF4D
:107040001437BD465DF8047B704780B584B000AF4F
:10705000184B00221A60174B1B68174A1360174819
:10706000FFF7BFFE164B00221A601648FFF72CFEF2
:10707000154BBB600023FB6014E0FB6801337B60B1
:10708000BB687A689A60BB68002283F82720BB68D7
:107090000C491846FFF73AFEBB686833BB60FB68D3
:1070A0000133FB60FB681F2BE7DD00231846103718
:1070B000BD4680BD141500201015002018150020B5
:1070C0000C150020282300202816002080B582B04F
:1070D00000AF78607B68082283F827207B6893F8EC
:1070E00024207B6883F825207B6893F825207B6823
:1070F00083F826207B6893F920301A467B685A84EF
:107100007B6800225A637B6800229A637A6892F84F
:10711000283023F0010382F828307A6892F828306A
:1071200023F0020382F828307B680022DA637B6850
:1071300000225A667868FFF763FF00BF0837BD4634
:1071400080BD80B582B000AF78607B68012283F893
:10715000272079680648FFF795FE0346002B02D0EA
:10716000044A7B68136000BF0837BD4680BD00BF7E
:10717000181500201415002080B582B000AF78608B
:1071800079680948FFF7B6FE084B1B687A689A428F
:1071900005D10548FFF751FE0346044A136000BFBE
:1071A0000837BD4680BD00BF18150020141500200B
:1071B00080B584B000AF786039607B6893F8273081
:1071C000012B0FD179681748FFF794FE3B68DAB2BC
:1071D0007B6883F8262079681248FFF753FEFFF793
:1071E000F7FE1AE07B6893F82630FB603B68DAB262
:1071F0007B6883F826207B6893F8273003F002032E
:10720000002B0AD07B68DB6A5B68002B05D07B68AB
:10721000DB6A5B68F9687868984700BF1037BD463D
:1072200080BD00BF1815002080B582B000AF786027
:1072300079680448FFF7B2FEFFF7CAFE00BF0837BF
:10724000BD4680BD1815002080B500AF074B1B68F8
:10725000002B09D00648FFF709FE034619460448EB
:10726000FFF79CFEFFF7B4FE00BF80BD14150020A1
:107270001815002080B483B000AF786039603B6897
:107280005A687B685A607B683A681A603B685B683A
:107290007A681A603B687A685A6000BF0C37BD464E
:1072A0005DF8047B704780B483B000AF78607B6882
:1072B0001B687A689A4209D07B685B687A681268B2
:1072C0001A607B681B687A6852685A6000BF0C3786
:1072D000BD465DF8047B704780B485B000AF786030
:1072E0007B681B687A689A4201D100230BE07B68B7
:1072F0001B68FB60FB681A687B681A60FB681B6888
:107300007A685A60FB6818461437BD465DF8047BFE
:10731000704780B582B000AF78607B681846FFF791
:10732000C2FF00BF0837BD4680BD80B400AF064B2A
:107330001B68002BCCBF01230023DBB21846BD46DF
:107340005DF8047B704700BFE426002080B483B062
:1073500000AF0346FB71FB7903F00703002B14BF5A
:1073600001230023DBB218460C37BD465DF8047BD1
:10737000704780B582B000AF78607B684C331846A8
:10738000FFF7C7FF7B681846FFF78DFF00BF083780
:10739000BD4680BD80B485B000AF786039607B6841
:1073A0009B69FB603A68FB685A627B68DB681A4637
:1073B000FB689A6200BF1437BD465DF8047B7047D6
:1073C00080B485B000AF78600A4B1B687A689A4237
:1073D00009D1EFF31483FB60FB6823F00403FB6027
:1073E000FB6883F3148800BF1437BD465DF8047B47
:1073F000704700BF1015002080B588B000AF7860DE
:1074000041F221333B617B685A683B69DB4313409F
:10741000002B02D06FF00A0386E07B68DB68002B4C
:1074200003DD7B68DB68202B02DD6FF010037BE05F
:107430007B681B698033FB61FB697F2B02DC6FF08B
:10744000100371E07B685B6803F02003002B03D01E
:107450007B685B69BB6111E0FB690733002B00DAD5
:107460000733DB10DB00FB61F869FCF713FDB86143
:10747000BB69002B02D16FF0200355E003F048FDFB
:10748000F8602B48FFF728FFB860BB68002B03D1DA
:107490006FF021037B6128E07B681A68BB68DA60C3
:1074A0007B685A68BB681A617B689A68BB685A61D6
:1074B0007B68DB68DBB2013BDAB2BB6883F824206F
:1074C000BB68FA69DA61FB69BA691A44BB681A6673
:1074D000BB68012283F82020BB6801225A84B86867
:1074E000FFF7F4FDBB689B687B61FB68002B0BD149
:1074F000104B1A68104B1B689A4205D00F4B1B6843
:10750000002B01D103F0AEFFF86803F0E7FC7B69C4
:10751000002B08DA7B685B6803F02003002B02D1A4
:10752000B869FCF75EFD7B6918462037BD4680BD13
:107530002823002010150020141500200C15002011
:1075400080B584B000AF78607B681B6903F02003CE
:10755000002B09D17B681A6E7B68DB695B421344A0
:10756000FB60F868FCF73DFD7B6806491846FFF7AD
:1075700081FE7B68002283F8272000BF1037BD46BC
:1075800080BD00BF2823002080B586B000AF7860A2
:1075900000237B61FFF7C9FE0346002B09D12D4B69
:1075A0001B68002B05D07B68002B02D16FF02803ED
:1075B0004CE07B68002B02DD7B68202B02DD6FF046
:1075C000110343E0FFF7B1FE0346002B0CD1214B22
:1075D0001B68002B08D01F4B1B689B687A689A4277
:1075E00002D16FF0280331E07B68013B682202FB87
:1075F00003F3194A13443B6103F08AFCF8603B69CA
:1076000093F82730FB72FB7A082B09D0FB7A002B0A
:1076100002D16FF0290301E06FF028037B6102E0E3
:107620003869FFF78DFFFB68002B0BD1094B1A68F7
:107630000A4B1B689A4205D0094B1B68002B01D1ED
:1076400003F010FFF86803F049FC7B69184618370F
:10765000BD4680BD101500202816002014150020FE
:107660000C15002080B586B000AF7860396000232B
:107670007B61FFF75AFE0346002B09D12F4B1B6895
:10768000002B05D07B68002B02D16FF0280350E05F
:107690007B68002B02DD7B68202B02DD6FF011037D
:1076A00047E0FFF742FE0346002B0CD1234B1B683B
:1076B000002B08D0214B1B689B687A689A4202D144
:1076C0006FF0280335E07B68013B682202FB03F37F
:1076D0001B4A13443B6103F01BFCF8603B6993F8C1
:1076E0002730FB72FB7A082B09D0FB7A002B02D1E2
:1076F0006FF0290301E06FF028037B6106E0396831
:107700003869FFF747FE3869FFF71BFDFB68002B60
:107710000BD10A4B1A680B4B1B689A4205D00A4BD7
:107720001B68002B01D103F09DFEF86803F0D6FB27
:107730007B6918461837BD4680BD00BF1015002074
:1077400028160020141500200C15002080B584B0E8
:1077500000AF78607B6893F82730FB73FB7B012BCD
:1077600003D17868FFF708FD11E0FB7B03F002030B
:10777000002B0CD07868FFF7FCFD7B68DB6A9B6808
:10778000002B04D07B68DB6A9B6878689847786830
:10779000FEF7D0FB7868FFF713FE00BF1037BD4639
:1077A00080BD80B588B000AFFFF7BFFD0346002B5A
:1077B00003D1184B1B68002B03D11748F8F71AFDAB
:1077C00025E0164B1B68002B0DD1FFF7AEFD0346DD
:1077D000002B08D10F4B1B68002B04D003F08BFB50
:1077E0000346002B02D00E48F8F704FD03F090FB8F
:1077F000084B1B681846FFF7A9FF064B1B68184685
:10780000FFF764FC03F017FE3B795BB23B71203756
:10781000BD4680BD10150020940901000C15002004
:10782000C409010080B500AFFFF77FFD0346002BC0
:1078300003D1164B1B68002B03D11548F8F7DAFC6F
:1078400022E0144B1B68002B0DD1FFF76EFD0346A1
:10785000002B08D10D4B1B68002B04D003F04BFB11
:107860000346002B02D00C48F8F7C4FC03F050FB91
:10787000064B1B681846FFF769FF044B1B68184648
:10788000FFF75EFE03F0D7FD80BD00BF101500209E
:10789000F40901000C150020240A010080B586B00F
:1078A00000AF786000237B61FFF73FFD0346002BAC
:1078B00009D1374B1B68002B05D07B68002B02D108
:1078C0006FF028035FE07B68002B02DD7B68202BD4
:1078D00002DD6FF0110356E0FFF727FD0346002B92
:1078E0000CD12B4B1B68002B08D0294B1B689B68C5
:1078F0007A689A4202D16FF0280344E07B68013B2A
:10790000682202FB03F3234A13443B6103F000FBAC
:10791000F8603B6993F82730FB72FB7A1846FFF753
:1079200015FD0346002B09D1FB7A002B02D16FF025
:10793000290301E06FF028037B6111E03B6993F8B4
:10794000283003F00203DBB2002B03D06FF02803D2
:107950007B6105E03869FFF7F9FE3869FFF7B6FB90
:10796000FB68002B0BD10A4B1A680B4B1B689A4221
:1079700005D00A4B1B68002B01D103F073FDF8689A
:1079800003F0ACFA7B6918461837BD4680BD00BFCE
:107990001015002028160020141500200C150020BA
:1079A00080B586B000AF78603960FFF7BEFC034653
:1079B000002B06D1374B1B68002B02D07B68002BB5
:1079C00008D07B68002B02DD7B68202B02DD6FF086
:1079D00011035AE03B68002B08D03B68002B02DD06
:1079E0003B68202B02DD6FF010034EE07B68002B1C
:1079F00007D07B68013B682202FB03F3264A13444D
:107A000001E0244B1B68FB6003F082FAB860FB685E
:107A100093F82730002B03D16FF029033B6121E05D
:107A20003B68002B04D1FB6893F824307B6102E0B3
:107A30003B68013B7B617969F868FEF7BEFA386103
:107A40003B69002B0DDB7B69DAB2FB6883F82520EC
:107A50003B697B617969F868FFF7AAFB00233B610A
:107A600000E000BFBB68002B0BD10A4B1A680B4B20
:107A70001B689A4205D00A4B1B68002B01D103F00A
:107A8000F1FCB86803F02AFA3B6918461837BD467E
:107A900080BD00BF101500202816002014150020FE
:107AA0000C15002080B584B000AF78607B68002B97
:107AB00008D07B68002B02DD7B68202B02DD6FF095
:107AC000100331E003F024FAF8607B68002B13D137
:107AD000FFF72BFC0346002B03D1154B1B68002B33
:107AE00002D1FFF7B1FB0CE0114B1B6893F8263075
:107AF0001846FFF799FB04E07B68013B1846FFF747
:107B000093FBFB68002B0BD1094B1A68094B1B68D0
:107B10009A4205D0084B1B68002B01D103F0A2FC50
:107B2000F86803F0DBF9002318461037BD4680BD26
:107B300010150020141500200C15002080B400AF93
:107B4000064B1B68002B03D0044B1B689B6800E0AE
:107B500000231846BD465DF8047B704710150020D1
:107B600080B586B000AF7860396000237B61FFF795
:107B7000DCFB0346002B06D13E4B1B68002B02D0DA
:107B80007B68002B08D07B68002B02DD7B68202BF4
:107B900002DD6FF0110369E07B68002B07D07B6882
:107BA000013B682202FB03F3334A134401E0314BEB
:107BB0001B683B61202200213868F9F71EF903F0A9
:107BC000A7F9F8603B6993F82730FB72FB7A002B2A
:107BD00003D16FF029037B6135E0FB7A012B08D1DB
:107BE000244B1B683A699A4203D13B680122DA6050
:107BF00003E0FB7A5A003B68DA60FB7A03F0020389
:107C0000002B08D03B69DB6A1A683B681A613B6944
:107C10001A6B3B685A613B69DA683B681A603B69DA
:107C200093F826305A1C3B685A603B6993F825301C
:107C30005A1C3B689A603B695A6B3B689A613B6986
:107C40009A6B3B68DA61FB68002B0BD1094B1A6811
:107C50000A4B1B689A4205D0094B1B68002B01D1C7
:107C600003F000FCF86803F039F97B69184618370F
:107C7000BD4680BD101500202816002014150020D8
:107C80000C15002080B586B000AF786000237B61C2
:107C9000FFF74BFB0346002B09D1264B1B68002B3B
:107CA00005D07B68002B02D16FF028033EE07B6893
:107CB000002B02DD7B68202B02DD6FF0110335E025
:107CC0007B68013B682202FB03F31B4A13443B61C0
:107CD00003F01EF9F8603B6993F82730FB72FB7ADA
:107CE00003F00203002B09D1FB7A002B02D16FF0C5
:107CF000290301E06FF028037B6104E06FF030019D
:107D0000386901F01BFEFB68002B0BD1094B1A6888
:107D10000A4B1B689A4205D0094B1B68002B01D106
:107D200003F0A0FBF86803F0D9F87B691846183710
:107D3000BD4680BD10150020281600201415002017
:107D40000C15002080B483B000AF78607B687A683F
:107D50001A607B687A685A6000BF0C37BD465DF8D0
:107D6000047B704780B400AF054B1B68002BCCBF71
:107D700001230023DBB21846BD465DF8047B704743
:107D8000E426002080B483B000AF0346FB71FB798A
:107D900003F00703002B14BF01230023DBB21846B6
:107DA0000C37BD465DF8047B704780B586B000AFE8
:107DB000786000237B61FFF7D5FF0346002B09D1D4
:107DC000454B1B68002B05D07B68002B02D16FF060
:107DD00028037DE07B68002B02DD7B68202B02DD21
:107DE0006FF0110374E0FFF7BDFF0346002B0CD1C9
:107DF000394B1B68002B08D0374B1B689B687A688F
:107E00009A4202D16FF0280362E07B68013B68224E
:107E100002FB03F3314A13443B6103F079F8F86045
:107E20003B6993F82730FB72FB7A1846FFF7AAFFED
:107E30000346002B09D1FB7A002B02D16FF02903F6
:107E400001E06FF028037B612FE0234B1B683A6948
:107E50009A4207D1224B1B68012B03DD6FF01803F8
:107E60007B6122E03B699B6B6FF00042934203D140
:107E70006FF02A037B6118E03B699B6B5A1C3B69DE
:107E80009A63FB7A012B07D13869FFF775F93B69D3
:107E9000042283F8272008E0FB7A022B04D13B69F7
:107EA000062283F8272000E000BFFB68002B0BD1DF
:107EB000094B1A680B4B1B689A4205D0084B1B688C
:107EC000002B01D103F0CEFAF86803F007F87B69C4
:107ED00018461837BD4680BD101500202816002012
:107EE0000C1500201415002080B586B000AF786016
:107EF00000237B61FFF736FF0346002B09D1464B79
:107F00001B68002B05D07B68002B02D16FF0280383
:107F10007DE07B68002B02DD7B68202B02DD6FF0AB
:107F2000110374E0FFF71EFF0346002B0CD13A4B00
:107F30001B68002B08D0384B1B689B687A689A42F4
:107F400002D16FF0280362E07B68013B682202FBEC
:107F500003F3324A13443B6102F0DAFFF8603B69F5
:107F600093F82730082B38D801A252F823F000BF2D
:107F7000957F00009D7F00009D7F0000DB7F00005B
:107F8000A57F0000DB7F0000BF7F0000DB7F0000DB
:107F90009D7F00006FF029037B6125E06FF02803CF
:107FA0007B6121E03B699B6B5A1E3B699A633B698D
:107FB0009B6B002B15D13869FFF7C3F811E03B69C3
:107FC0009B6B5A1E3B699A633B699B6B002B0AD1E2
:107FD0003B69022283F8272005E06FF004037B61F0
:107FE00002E000BF00E000BFFB68002B0BD10A4B92
:107FF0001A680B4B1B689A4205D00A4B1B68002B72
:1080000001D103F02FFAF86802F068FF7B69184687
:108010001837BD4680BD00BF10150020281600206F
:10802000141500200C15002080B586B000AF7860D4
:1080300000237B61FFF796FE0346002B09D13E4BE0
:108040001B68002B05D07B68002B02D16FF0280342
:108050006EE07B68002B02DD7B68202B02DD6FF079
:10806000110365E0FFF77EFE0346002B0CD1324B77
:108070001B68002B08D0304B1B689B687A689A42BB
:1080800002D16FF0280353E07B68013B682202FBBA
:1080900003F32A4A13443B6102F03AFFF8603B695C
:1080A00093F82730082B2CD801A252F823F000BFF8
:1080B000D5800000DD800000DD800000038100002D
:1080C000E580000003810000F380000003810000D0
:1080D000DD8000006FF029037B6116E06FF028035C
:1080E0007B6112E03B6900229A633869FFF729F847
:1080F0000BE03B6900229A633B69022283F8272048
:1081000003E06FF004037B6100BFFB68002B0BD121
:10811000094B1A680A4B1B689A4205D0094B1B6829
:10812000002B01D103F09EF9F86802F0D7FE7B69BD
:1081300018461837BD4680BD1015002028160020AF
:10814000141500200C15002080B584B000AF7860B5
:108150000023BB607B68B3F1FF3F02DA6FF01003CE
:1081600051E02B4B1B68002B0DD1FFF7FBFD0346A5
:10817000002B08D1274B1B68002B04D002F0BBFE5C
:108180000346002B02D06FF018033CE002F0C0FE63
:10819000F860204B1B685B6B002B05DD1D4B1B68DB
:1081A0005A6B013A5A631BE06FF03103BB607B6886
:1081B000002B15D0174B1B68174ADA62154B1B684A
:1081C00000221A63134B1B6807F10802DA630021CF
:1081D000786801F0E6FB0F4B1B681846FFF7B2FD0D
:1081E000FB68002B0BD10B4B1A680C4B1B689A4297
:1081F00005D0074B1B68002B01D103F033F9F86859
:1082000002F06CFEBB6818461037BD4680BD00BF4B
:108210000C15002010150020540A01001415002030
:1082200080B586B000AF786000237B61FFF79AFDD0
:108230000346002B09D13C4B1B68002B05D07B6803
:10824000002B02D16FF028036AE07B68002B02DD6F
:108250007B68202B02DD6FF0110361E0FFF782FDE8
:108260000346002B0CD1304B1B68002B08D02E4B43
:108270001B689B687A689A4202D16FF028034FE02E
:108280007B68013B682202FB03F3284A13443B61ED
:1082900002F03EFEF8603B6993F82730FB72FB7AF0
:1082A0001846FFF76FFD0346002B09D1FB7A002B20
:1082B00002D16FF0290301E06FF028037B611CE01D
:1082C000FB7A03F00203002B08D03B69DB6A184AF3
:1082D000934203D1386901F012FB0EE03B695B6BFE
:1082E0006FF00042934203D16FF02A037B6104E0F8
:1082F0003B695B6B5A1C3B695A63FB68002B0BD1D3
:10830000094B1A680B4B1B689A4205D00A4B1B6835
:10831000002B01D103F0A6F8F86802F0DFFD7B69BD
:1083200018461837BD4680BD1015002028160020BD
:10833000540A0100141500200C15002080B586B0E9
:1083400000AF786000237B61FFF70CFD0346002B34
:1083500006D1274B1B68002B02D07B68002B08D06E
:108360007B68002B02DD7B68202B02DD6FF01103A0
:1083700039E07B68002B07D07B68013B682202FB59
:1083800003F31C4A134401E0194B1B683B6102F0E4
:10839000BFFDF8603B6993F82730002B02D0082B13
:1083A00004D007E06FF029037B6109E06FF0280338
:1083B0007B6105E03B695B6B7B613B6900225A6333
:1083C000FB68002B0BD10A4B1A680B4B1B689A42B7
:1083D00005D00A4B1B68002B01D103F043F8F86865
:1083E00002F07CFD7B6918461837BD4680BD00BF92
:1083F0001015002028160020141500200C15002050
:1084000080B584B000AF78600023BB607B68002B30
:1084100002DA6FF0100343E0234B1B68002B0DD1F1
:10842000FFF7A0FC0346002B08D1204B1B68002B54
:1084300004D002F060FD0346002B02D06FF0180359
:108440002EE07B68002B2AD002F062FDF860174B0B
:108450001B68174ADA62154B1B6800221A63134B1C
:108460001B6807F10802DA630021786801F0CAFA94
:108470000E4B1B681846FFF765FCFB68002B0BD101
:108480000A4B1A680B4B1B689A4205D0064B1B68B7
:10849000002B01D102F0E6FFF86802F01FFDBB6877
:1084A00018461037BD4680BD0C1500201015002061
:1084B000600A01001415002080B483B000AF78601A
:1084C0007B687A681A607B687A685A6000BF0C37EC
:1084D000BD465DF8047B704780B483B000AF786020
:1084E00039603B685A687B685A607B683A681A60F2
:1084F0003B685B687A681A603B687A685A6000BFBC
:108500000C37BD465DF8047B704780B483B000AF84
:1085100078607B681B687A689A4209D07B685B68E0
:108520007A6812681A607B681B687A6852685A60B9
:1085300000BF0C37BD465DF8047B704780B485B042
:1085400000AF78607B681B687A689A4201D100238B
:108550000BE07B681B68FB60FB681A687B681A602D
:10856000FB681B687A685A60FB6818461437BD467A
:108570005DF8047B70472DE9B00F85B000AF7860DF
:108580007B681B68DA179A4693464FF000024FF05B
:108590000003534600227968496800200C460546CE
:1085A00042EA040843EA0509C7E90289D7E9022338
:1085B000104619461437BD46BDE8B00F704780B469
:1085C00087B000AFF860C7E90023D7E900014FF09A
:1085D00000024FF000030A00CB1713463B613B68D3
:1085E0007B61FB681A4607F1100393E8030082E8F9
:1085F0000300F8681C37BD465DF8047B704780B403
:1086000083B000AF786039607A683B68D31ADB4387
:10861000DB0FDBB218460C37BD465DF8047B7047B4
:1086200080B582B000AF78607B681846FFF76DFFB9
:1086300000BF0837BD4680BD80B400AF044B1B6847
:108640000133034A136000BFBD465DF8047B7047E9
:10865000E426002080B400AF044B1B68013B034AB2
:10866000136000BFBD465DF8047B7047E426002020
:1086700080B584B000AF7860134BD3E90023134674
:10868000BB607B68DA697B681B691344FB60F9682F
:10869000B868FFF7B4FF0346002B10D07B68DB6996
:1086A000BA68D21A7B681B69B2FBF3F301337A68AC
:1086B000126903FB02F27B68DB691344FB60FB6811
:1086C00018461037BD4680BD0025002080B582B019
:1086D00000AF786039607B6803F114007B68044A5E
:1086E000396800F09BFF00BF0837BD4680BD00BF62
:1086F000FD89000080B584B000AF78603960094B17
:10870000D3E900233B6813440A33FB607B6803F121
:1087100010007B68044AF96800F080FF00BF103742
:10872000BD4680BD00250020358F0000B0B584B067
:1087300000AF78607B681B68002B02DA6FF01003D3
:1087400021E002F0E5FBF8607868FFF714FF104BBA
:10875000D3E90023841A61EB03050E4BC3E90045FE
:10876000FB68002B0BD10C4B1A680C4B1B689A4210
:1087700005D00B4B1B68002B01D102F073FEF8688B
:1087800002F0ACFB002318461037BD46B0BD00BF59
:1087900000250020082500201015002014150020B9
:1087A0000C150020F0B587B000AFF86002F0B0FB08
:1087B0007861164BD3E90001154BD3E900238418E7
:1087C00041EB0305FE68394622462B460846FFF773
:1087D000F6FE32463B4693E8030082E803007B69DD
:1087E000002B0BD10B4B1A680B4B1B689A4205D020
:1087F0000A4B1B68002B01D102F034FE786902F0AD
:108800006DFB002318461C37BD46F0BD0025002037
:108810000825002010150020141500200C1500203C
:108820002DE9B04386B000AF78607B681B68002BF1
:1088300002DA6FF010032CE07868FFF79CFE024626
:108840000B46164912EB010843F16E09C7E904898A
:1088500002F05EFBF860124BD3E90023D7E9040174
:10886000841A61EB03050F4BC3E90045FB68002B3D
:108870000BD10D4B1A680D4B1B689A4205D00C4B5F
:108880001B68002B01D102F0EDFDF86802F026FB19
:10889000002318461837BD46BDE8B0830004FB37F7
:1088A00000250020082500201015002014150020A8
:1088B0000C1500202DE9B04388B000AFF86002F03D
:1088C00027FBF8611B4BD3E900011B4BD3E90023C5
:1088D000841841EB0305C7E90445FB69002B0BD164
:1088E000164B1A68164B1B689A4205D0154B1B682D
:1088F000002B01D102F0B6FDF86902F0EFFAD7E9DA
:108900000423114912EB010863F16E09FC68394632
:1089100042464B460846FFF752FE22463B4693E846
:10892000030082E80300002318462037BD46BDE857
:10893000B08300BF0025002008250020101500206E
:10894000141500200C15002000FC04C890B587B059
:1089500000AFF86002F0DCFA7861124BD3E9002333
:10896000FC6839460846FFF72AFE22463B4693E854
:10897000030082E803007B69002B0BD10A4B1A68C5
:108980000A4B1B689A4205D0094B1B68002B01D18A
:1089900002F068FD786902F0A1FA002318461C373E
:1089A000BD4690BD002500201015002014150020A4
:1089B0000C15002080B582B000AF0D48FFF77CFD9C
:1089C0000C4B3B600C4B7B6009E07B6800229A609B
:1089D00007497868FFF780FD7B6828337B607A68F9
:1089E0003B689A42F1D3002318460837BD4680BD44
:1089F000D0230020D02300203023002080B582B077
:108A000000AF78607868FFF733FE03461946786850
:108A1000FFF75CFE002002F061FA7B689B687A68D1
:108A200012681046984702F073FA00BF0837BD4637
:108A300080BD80B582B000AF78607868FFF718FE1F
:108A4000034619467868FFF741FEFFF7F5FD7B689E
:108A50009B687A68126810469847FFF7FBFD00BFD5
:108A60000837BD4680BD80B588B000AF7860072369
:108A7000BB610023FB617B685A68BB69DB43134021
:108A8000002B02D06FF00A0375E07B689B68002B17
:108A900002D16FF010036EE07B68DB68002B02D11F
:108AA0006FF0100367E07B68DB68002B02DA6FF081
:108AB000100360E002F02CFA78613148FFF73EFDC8
:108AC00038613B69002B03D16FF02103FB613FE06C
:108AD0007B681A683B691A607B685A683B695A6010
:108AE0007B689A683B699A607B68DA683B691A61BF
:108AF000244BD3E900237B681B6913440A33FB60D2
:108B00007B685B6803F00203002B12D03B690122F3
:108B1000DA607B681B69002B06D13B69FA68DA6171
:108B20003869FFF786FF0AE0F9683869FFF7CEFD7C
:108B300005E03B690022DA603B69FA68DA613B696B
:108B4000114A9B1ADB10114A02FB03F30133FB614C
:108B50007B69002B0BD10E4B1A680E4B1B689A4297
:108B600005D00D4B1B68002B01D102F07BFC78690E
:108B700002F0B4F9FB6918462037BD4680BD00BF3E
:108B8000D02300200025002030230020CDCCCCCCE9
:108B900010150020141500200C15002080B586B09B
:108BA00000AF786000237B617B68002B02DD7B686F
:108BB000042B02DD6FF0110338E07B685A1E134668
:108BC0009B001344DB001B4A13443B6102F0A0F9F5
:108BD000F8603B699B68002B03D16FF029037B6130
:108BE00011E03B69DB6803F00103002B04D03B6913
:108BF00014331846FFF714FD0F493869FFF76CFC72
:108C00003B6900229A60FB68002B0BD10B4B1A6862
:108C10000B4B1B689A4205D00A4B1B68002B01D1F5
:108C200002F020FCF86802F059F97B691846183701
:108C3000BD4680BD30230020D02300201015002029
:108C4000141500200C15002080B588B000AF7860A6
:108C50000023BB617B68002B02DD7B68042B02DDF7
:108C60006FF0110365E07B685A1E13469B001344A6
:108C7000DB00324A13447B6102F04AF938617B69B8
:108C80009B68002B03D16FF02903BB613EE02C4BA6
:108C9000D3E900231346FB607B695B6803F00403A0
:108CA000002B18D07B69DB6803F00103002B27D170
:108CB0007B69DB69FB61F969F868FFF7A0FC034693
:108CC000002B03D07869FFF7D3FCF861F969786964
:108CD000FFF7FCFC14E07B69DB6803F00103002B69
:108CE00004D07B6914331846FFF79AFC7B691A6934
:108CF000FB6813440A33FB61F9697869FFF7E6FC06
:108D00007B69DB6843F001027B69DA603B69002B19
:108D10000BD10C4B1A680C4B1B689A4205D00B4BBD
:108D20001B68002B01D102F09DFB386902F0D6F8D8
:108D3000BB6918462037BD4680BD00BF30230020E8
:108D40000025002010150020141500200C1500200F
:108D500080B586B000AF786000237B617B68002B14
:108D600002DD7B68042B02DD6FF0110337E07B68C6
:108D70005A1E13469B001344DB001B4A13443B61FD
:108D800002F0C6F8F8603B699B68002B03D16FF0D6
:108D900029037B6110E03B69DB6803F00103002BD2
:108DA00004D03B6914331846FFF73AFC3B69DB6893
:108DB00023F001023B69DA60FB68002B0BD10B4BFF
:108DC0001A680B4B1B689A4205D00A4B1B68002B94
:108DD00001D102F047FBF86802F080F87B69184681
:108DE0001837BD4680BD00BF30230020101500207D
:108DF000141500200C15002080B588B000AF7860F5
:108E000039600023BB617B68002B02DD7B68042B8B
:108E100002DD6FF011035BE07B685A1E13469B0076
:108E20001344DB002C4A13447B6102F071F8386173
:108E30007B699B68002B03D16FF02903BB6134E091
:108E40007B69DB69FB61254BD3E900231346FB609B
:108E50007B69DB6803F00103002B0AD1F969F8682C
:108E6000FFF7CDFB0346002B03D07869FFF700FC2A
:108E7000F861FB680A33F9691846FFF7C0FB03463F
:108E8000002B02D00023FB6104E0FA69FB68D31ACF
:108E90000A3BFB617B691A683B681A603B68FA69A8
:108EA0005A607B69DA683B689A603B69002B0BD19A
:108EB0000B4B1A680B4B1B689A4205D00A4B1B6878
:108EC000002B01D102F0CEFA386902F007F8BB6935
:108ED00018462037BD4680BD3023002000250020E5
:108EE00010150020141500200C15002080B582B04C
:108EF00000AF0D48FFF7E0FA0C4B3B600C4B7B607A
:108F000009E07B6800229A6007497868FFF7E4FA75
:108F10007B6824337B607A683B689A42F1D30023F4
:108F200018460837BD4680BDF8240020F8240020EC
:108F3000D823002080B582B000AF78607B68DB6802
:108F400023F001027B68DA60002001F0C7FF7B6834
:108F50009B687A6812681046984701F0D9FF00BFF5
:108F60000837BD4680BD80B586B000AF786001236C
:108F70003B6100237B617B685A683B69DB4313409C
:108F8000002B02D06FF00A033FE07B689B68002B48
:108F900002D16FF0100338E001F0BAFFF8601D480D
:108FA000FFF7CCFAB860BB68002B03D16FF0210348
:108FB0007B6117E07B681A68BB681A607B685A6837
:108FC000BB685A607B689A68BB689A60BB6800227D
:108FD000DA60BB68104A9B1A9B10104A02FB03F32D
:108FE00001337B61FB68002B0BD10D4B1A680D4BD5
:108FF0001B689A4205D00C4B1B68002B01D102F074
:1090000031FAF86801F06AFF7B6918461837BD46E7
:1090100080BD00BFF8240020D8230020398EE3381B
:1090200010150020141500200C15002080B586B006
:1090300000AF786000237B617B68002B02DD7B68DA
:10904000082B02DD6FF0110338E07B685A1E1346CF
:10905000DB0013449B001B4A13443B6101F058FFA3
:10906000F8603B699B68002B03D16FF029037B619B
:1090700011E03B69DB6803F00103002B04D03B697E
:1090800010331846FFF7CCFA0F493869FFF724FA76
:109090003B6900229A60FB68002B0BD10B4B1A68CE
:1090A0000B4B1B689A4205D00A4B1B68002B01D161
:1090B00002F0D8F9F86801F011FF7B6918461837FB
:1090C000BD4680BDD8230020F824002010150020C4
:1090D000141500200C15002080B582B000AF786018
:1090E0007B68DB6823F001027B68DA60FFF7A4FA93
:1090F0007B689B687A68126810469847FFF7AAFA5F
:1091000000BF0837BD4680BD80B586B000AF78602F
:10911000396000237B617B68002B02DD7B68082BB4
:1091200002DD6FF0110348E03B68002B02DA6FF0BC
:10913000100342E07B685A1E1346DB0013449B0079
:10914000204A13443B6101F0E3FEF8603B699B68F1
:10915000002B03D16FF029037B611BE03B69DB68C7
:1091600003F00103002B04D03B6910331846FFF7CE
:1091700057FA3B68002B0AD039683869FFF7BAFA0A
:109180003B69DB6843F001023B69DA6002E0386961
:10919000FFF7A2FFFB68002B0BD10B4B1A680B4BA0
:1091A0001B689A4205D00A4B1B68002B01D102F0C4
:1091B00059F9F86801F092FE7B6918461837BD46E8
:1091C00080BD00BFD82300201015002014150020FA
:1091D0000C15002080B586B000AF786000237B615D
:1091E0007B68002B02DD7B68082B02DD6FF011032A
:1091F00037E07B685A1E1346DB0013449B001B4A72
:1092000013443B6101F084FEF8603B699B68002BCE
:1092100003D16FF029037B6110E03B69DB6803F049
:109220000103002B0AD03B6910331846FFF7F8F909
:109230003B69DB6823F001023B69DA60FB68002BC5
:109240000BD10B4B1A680B4B1B689A4205D00A4B8B
:109250001B68002B01D102F005F9F86801F03EFE11
:109260007B6918461837BD4680BD00BFD823002053
:1092700010150020141500200C15002080B588B0B2
:1092800000AF786039600023BB617B68002B02DD92
:109290007B68082B02DD6FF0110353E07B685A1ED8
:1092A0001346DB0013449B00284A13447B6101F002
:1092B0002FFE38617B699B68002B03D16FF0290377
:1092C000BB612CE0224BD3E900231346FB607B6992
:1092D000DB6803F00103002B14D07B699B69FB6101
:1092E000FB680A33F9691846FFF789F90346002B32
:1092F00002D00023FB6107E0FA69FB68D31A0A3B3E
:10930000FB6101E00023FB617B691A683B681A601E
:109310003B68FA695A607B69DA683B689A603B6926
:10932000002B0BD10B4B1A680B4B1B689A4205D0D4
:109330000A4B1B68002B01D102F094F8386901F048
:10934000CDFDBB6918462037BD4680BDD82300201F
:109350000025002010150020141500200C150020F9
:1093600080B483B000AF786039607B683A681A6077
:1093700000BF0C37BD465DF8047B704780B483B0F6
:1093800000AF78607B681B6818460C37BD465DF8F7
:10939000047B704780B483B000AF78607B687A68E4
:1093A0001A607B687A685A6000BF0C37BD465DF86A
:1093B000047B704780B483B000AF78607B681B6823
:1093C0007A689A420CBF01230023DBB218460C379F
:1093D000BD465DF8047B704780B483B000AF786011
:1093E00039603B685A687B685A607B683A681A60E3
:1093F0003B685B687A681A603B687A685A6000BFAD
:109400000C37BD465DF8047B704780B483B000AF75
:1094100078607B681B687A689A4209D07B685B68D1
:109420007A6812681A607B681B687A6852685A60AA
:1094300000BF0C37BD465DF8047B704780B483B035
:1094400000AF786039607A683B68D31ADB43DB0F82
:10945000DBB218460C37BD465DF8047B704780B51B
:1094600082B000AF01F054FD786006210948FFF793
:1094700077FF094B3B6039680848FFF771FF072108
:109480000448FFF76DFF786801F028FD00BF08373A
:10949000BD4680BD10E000E0FFC3090014E000E01D
:1094A00080B500AF0448FFF769FF4FF00071034833
:1094B000FFF756FF00BF80BD10E000E004ED00E0C4
:1094C00080B400AF00BFBD465DF8047B704780B537
:1094D00000AF00210248FFF743FF00BF80BD00BF7F
:1094E00010E000E080B500AF0A494FF000024FF0F5
:1094F0000003C1E90023074BD3E900230649C1E972
:1095000000230648FFF746FFFFF7A9FF0023184690
:1095100080BD00BF08250020002500201025002068
:1095200080B500AFFFF7D3FF00BF80BD80B584B02A
:1095300000AF7860134BD3E90023134603F10043D7
:109540000133BB60104B1B68FB600CE07B689A68C2
:10955000BB68D21AFB689968BB68CB1A9A4207D3DA
:10956000FB681B68FB60FB68074A9342EED100E092
:1095700000BF7B68F9681846FFF72EFF00BF103761
:10958000BD4680BD002500201025002080B584B098
:1095900000AFF860B9607A603B60FB687A68DA60B7
:1095A000FB683A681A61BB68B3F1FF3F04D1FB68FE
:1095B0001846FFF7EFFE0BE0074BD3E90023BB682B
:1095C000134403F10A02FB689A60F868FFF7AEFFE4
:1095D00000BF1037BD4680BD0025002080B584B097
:1095E00000AFF860B9607A603B60FB687A68DA6067
:1095F000FB683A681A61084BD3E90023BB6813443F
:1096000003F10A02FB689A60F868FFF78FFF00BF5A
:109610001037BD4680BD00BF0025002080B584B056
:1096200000AFF860B9607A603B60FB687A68DA6026
:10963000FB683A681A61FB68BA689A60F868FFF7D5
:1096400075FF00BF1037BD4680BDB0B584B000AF18
:10965000FFF726FF01F05CFCF860254BD3E90023FF
:1096600012F10A0443F10005214BC3E90045204BE8
:10967000D3E900231346BB6019E01E4B1B687B60D7
:109680007B689B681946B868FFF7D8FE0346002B35
:1096900014D07B681846FFF7B8FE7B68DB68002BA8
:1096A00005D07B68DB687A681269104698471148D4
:1096B000FFF780FE0346002BDFD000E000BFFB6811
:1096C000002B0BD10C4B1A680C4B1B689A4205D02F
:1096D0000B4B1B68002B01D101F0C4FEF86801F0B0
:1096E000FDFBFFF7EDFE00BF1037BD46B0BD00BF6C
:1096F0000025002010250020101500201415002042
:109700000C15002080B582B000AFFDF79EFC78609C
:109710007B68002B01DA7B6848E0FDF713F878607E
:109720007B68002B01DA7B6840E0F9F764FA786027
:109730007B68002B01DA7B6838E0F9F7FDFF786081
:109740007B68002B01DA7B6830E0FBF77AFE7860FB
:109750007B68002B01DA7B6828E0FCF773FB7860FC
:109760007B68002B01DA7B6820E0FBF724F9786046
:109770007B68002B01DA7B6818E0FAF775FD7860EA
:109780007B68002B01DA7B6810E0FFF713F9786043
:109790007B68002B01DA7B6808E0FFF7A7FB7860A5
:1097A0007B68002B01DA7B6800E00023184608374D
:1097B000BD4680BD80B483B000AF78607B681B6815
:1097C0007A689A420CBF01230023DBB218460C379B
:1097D000BD465DF8047B704780B483B000AF78600D
:1097E00039603B685A687B685A607B683A681A60DF
:1097F0003B685B687A681A603B687A685A6000BFA9
:109800000C37BD465DF8047B704780B483B000AF71
:1098100078607B681B687A689A4209D07B685B68CD
:109820007A6812681A607B681B687A6852685A60A6
:1098300000BF0C37BD465DF8047B704780B582B031
:1098400000AF78607B681846FFF7DFFF00BF08377E
:10985000BD4680BD80B588B000AF786039603B6898
:10986000BB61BB697B617B6893F82630FB74262360
:10987000FB607B691B68FB6109E0FB68FA691344C4
:109880001B78FA7C9A4207D3FB691B68FB61FA6973
:10989000BB699A42F1D100E000BF7B68F9691846C4
:1098A000FFF79AFF00BF2037BD4680BD80B582B06C
:1098B00000AF78607B6893F82730022B03D178687B
:1098C000FDF73FFC03E07B68042283F8272000BFFC
:1098D0000837BD4680BD80B582B000AF78607B6838
:1098E0004C331846FFF7AAFF7B681846FFF78DFF39
:1098F0007868FFF7DBFF00BF0837BD4680BD80B545
:1099000082B000AF78607868FFF7E5FF7B68DB6BBB
:1099100000221A6000BF0837BD4680BD80B582B006
:1099200000AF786039607868FFF7D5FF7B68DB6B44
:109930003A681A6000BF0837BD4680BD80B582B066
:1099400000AF786039607868FFF7C5FF7B68DB6A35
:109950009B68002B04D07B68DB6A9B68786898471B
:109960007B68DB6B3A681A6000BF0837BD4680BD74
:1099700080B582B000AF78607B681846FFF745FF7E
:109980007868FFF793FF7B68DB6A9B68002B04D045
:109990007B68DB6A9B687868984700BF0837BD46DC
:1099A00080BD80B582B000AF78603960134B1B6812
:1099B00093F82730012B02D0042B0BD010E00F4B73
:1099C0001B681846FDF7D8FB0C4B1B68022283F876
:1099D000272005E0094B1B68062283F8272000BFDB
:1099E000064B1B6803F14C00044B1B68044A796862
:1099F000FFF7CCFD00BF0837BD4680BD1015002025
:109A00007199000080B582B000AF78603960144B66
:109A10001B6893F82730012B02D0042B0BD010E0E9
:109A20000F4B1B681846FDF7A7FB0D4B1B68022266
:109A300083F8272005E00A4B1B68062283F82720BD
:109A400000BF074B1B6803F14C00054B1B68054A20
:109A50007968FFF7C3FD00BF0837BD4680BD00BF72
:109A6000101500207199000080B584B000AF7860B7
:109A70000AE07B681B68FB60F868FFF72CFFFB6857
:109A8000DB6B6FF032021A607868FFF793FE0346D3
:109A9000002BEED000BF00BF1037BD4680BD80B5A3
:109AA00082B000AF78607868FFF784FE0346002B31
:109AB00001D0002302E07B681B689B6818460837CA
:109AC000BD4680BD80B582B000AF78603960174B6D
:109AD0001B68DB6B6FF031021A603B68002B20D0F3
:109AE000124B1B687A6892681A637B681B69194677
:109AF0003868FFF756FF7B681B6903F00103002BF2
:109B000007D00A4B1B687A6811461846FFF7A2FE79
:109B100007E0064B1B681A467B6819461046FFF79C
:109B20005BFE00BF0837BD4680BD00BF101500209A
:109B300080B582B000AF786039603B681846FFF7A7
:109B400064FE7B6819463868FFF784FE00BF08375B
:109B5000BD4680BD80B584B000AF786039607B6859
:109B60001846FFF727FE0346002B01D03B6815E09F
:109B70007B681B68FB607B681B6903F00103002B9B
:109B800001D1FB680AE03B6893F82620FB6893F854
:109B900026309A4201D23B6800E0FB681846103735
:109BA000BD4680BD80B582B000AF01F0B1F9F6F7D7
:109BB000A7FAFAF76FFA78607B68002B03DA25487A
:109BC000F6F718FB44E001F0FDF978607B68002BA4
:109BD00003DA2148F6F70EFB3AE001F0B6FD7860B3
:109BE0007B68002B03DA1D48F6F704FB30E0FFF733
:109BF00089FD78607B68002B03DA1948F6F7FAFADA
:109C000024E0FFF76FFC78607B68002B03DA1548CF
:109C1000F6F7F0FA1AE01448FDF7EEFB78607B687F
:109C2000002B0EDB00217868FDF71CFD78607B6857
:109C3000002B02DB01F0FFFB06E00C48F6F7DAFA36
:109C400002E00B48F6F7D6FAFFF76AFC01F008FAD3
:109C5000FEE700BF6C0A0100840A01009C0A0100B3
:109C6000B80A0100DC0A0100440B0100FC0A0100F3
:109C7000200B010080B500AFFFF752FC01F0F0F9B6
:109C8000FEE700BF80B582B000AFF7F7F1FD786066
:109C90007B68002B01DA7B6803E001F09BF97860B8
:109CA0007B6818460837BD4680BD80B582B000AFDE
:109CB000786001F0A0F97B68002B02DB0748F6F71B
:109CC00099FA7B68002B02DA786801F0CEF9FFF789
:109CD000D1FF00BF0837BD4680BD00BF5C0B01004F
:109CE00080B582B000AF01237B60FFF7CBFF386007
:109CF0003B68002B0BDB002203210A48F6F718FE15
:109D00007B68002B06DD02F049FD786002E0064822
:109D1000F6F770FA7868FFF7C8FF00BF0837BD464E
:109D200080BD00BF740B0100980B010080B586B0A8
:109D300000AFF860B9607A607B681B6B002B01D1C3
:109D4000002311E07B6804331846F6F785FE7B6834
:109D50001B6B7A68B968F868984778617B68043348
:109D60001846F6F78FFE7B6918461837BD4680BD4A
:109D700080B586B000AFF860B9607A607B685B6BD5
:109D8000002B01D1002311E07B6804331846F6F75D
:109D900063FE7B685B6B7A68B968F868984778619E
:109DA0007B6804331846F6F76DFE7B691846183752
:109DB000BD4680BD80B586B000AFF860B9607A60FE
:109DC000FB681B7B03F00F03DBB2012B02D17B6826
:109DD0009B6B01E07B68DB6B7B617B69002B02D1B5
:109DE0006FF008031DE0FB681B69002B06DB7B6836
:109DF000DB6A002B02DC6FF0080312E07B6804339F
:109E00001846F6F73FFE7B697968F868984738612D
:109E10007B6804331846F6F735FEFB683A691A6228
:109E2000002318461837BD4680BD80B485B000AF0A
:109E3000F860B9607A603B60002318461437BD466D
:109E40005DF8047B704780B485B000AFF860B960FE
:109E50007A603B60002318461437BD465DF8047BEA
:109E6000704780B586B000AFF860B9607A607B68F3
:109E70001B6C002B01D1002311E07B6804331846D2
:109E8000F6F7EAFD7B681B6C7A68B968F868984752
:109E900078617B6804331846F6F7F4FD7B69184651
:109EA0001837BD4680BDB0B592B000AFF860B9605C
:109EB0007A604420F6F76EFF38643B6C002B03D1C8
:109EC0006FF020037B6454E03B6CFA6803F11004EC
:109ED00015460FCD0FC40FCD0FC40FCD0FC42B6887
:109EE00023603B6C1A1DFB68043319461046F6F7D5
:109EF000DDFD78647B6C002B37DB3B6C7B61FB68A2
:109F00001B69BB61FB685B69FB61FB689B693B622A
:109F1000FB68DB697B62194BBB62194BFB62194B17
:109F20003B63194B7B63194BBB63194BFB633B6C66
:109F3000143307F11401BA681846F7F747F9786443
:109F40007B6C002B0ADB3B6C7A6C1A607B68002B05
:109F500002D07B683A6C1A6000230BE000BF3B6CB8
:109F600004331846F6F7E0FD00E000BF386CF6F762
:109F700039FF7B6C18464837BD46B0BD2D9D0000AB
:109F8000719D0000B59D00002B9E0000479E0000C3
:109F9000639E000080B584B000AF78607B681433A6
:109FA000002200211846F7F711F9F860FB68002B32
:109FB00009DD7B6804331846F6F7B6FD7868F6F7D6
:109FC00011FF0023FB60FB6818461037BD4680BDBB
:109FD00080B483B000AF78607B6800229A607B68B1
:109FE00000225A607B685A687B681A6000BF0C3791
:109FF000BD465DF8047B704780B584B000AF7860E3
:10A000003960194A7B6852F823302833FB60FB68BB
:10A010001A68FB685B689A4221D0FB685B68FA6843
:10A0200013441B7B1A463B681A60FB685B685A1C2A
:10A03000FB685A60FB685B68312B02D9FB68002221
:10A040005A60FB689B68002B07D0FB689B6818462A
:10A05000FEF7E6F8FB6800229A60012300E0002387
:10A0600018461037BD4680BDE026002080B584B07C
:10A0700000AF786039601A4A7B6852F82330683341
:10A08000BB60BB681B680133FB60FB68312B01DDE3
:10A090000023FB60BB685A68FB689A420BD0BB6820
:10A0A0001B683A68D1B2BA6813440A461A73FA6850
:10A0B000BB681A6003E08021786800F013F8BB6881
:10A0C0009B68002B07D0BB689B681846FEF7A8F872
:10A0D000BB6800229A6000BF1037BD4680BD00BF3C
:10A0E000E026002080B483B000AF78603960094A70
:10A0F0007B6852F823305969064A7B6852F823304E
:10A100003A680A435A6100BF0C37BD465DF8047BCC
:10A11000704700BFE026002080B483B000AF7860B5
:10A120007B681B69B3F1FF3F11D0002B1BDA13F1E1
:10A13000640F18DC13F1650F0DDA13F1680F0AD004
:10A1400013F1680F0FDB6733012B0CD807E07B6836
:10A150000422DA610AE07B680422DA6106E07B68A7
:10A160000422DA6102E06FF0100300E000231846D9
:10A170000C37BD465DF8047B704780B584B000AFF6
:10A18000786039603868FFF7C7FFF860FB68002B1C
:10A1900001D0FB6850E03B685B69002B4BD03B680B
:10A1A0001B6913F1640F13DC13F1680F40DB683394
:10A1B000042B3DD801A252F823F000BF13A20000E7
:10A1C00007A20000FBA10000EFA10000E3A1000036
:10A1D000B3F1FF3F2CD13B689B697A6892681A60A3
:10A1E00029E03B689B697A68D2681A6023E03B6883
:10A1F0009B697A6812691A601DE03B689B697A68FE
:10A2000092691A6017E03B689B697A68D2691A60A4
:10A2100011E000F07DFEB8603B689B697A68526986
:10A220001A607B6800225A61B86800F057FE02E0AD
:10A230006FF01003FB60FB6818461037BD4680BD09
:10A2400080B584B000AF786039603868FFF764FF8C
:10A25000F860FB68002B01D0FB685FE03B685B693E
:10A26000002B5AD03B681B6913F1640F14DC13F107
:10A27000690F4FDB6933052B4CD801A252F823F04C
:10A28000FFA2000015A30000F3A20000E7A2000057
:10A29000C9A20000ABA20000B3F1FF3F3AD13B6876
:10A2A0009B691A687B689A6037E03B689B691A680B
:10A2B0007B68DA607B6818687B68DB681A46002177
:10A2C00000F00AFCF86028E03B689B691A687B682C
:10A2D0001A617B6818687B681B691A46012100F0C7
:10A2E000FBFBF86019E03B689B691A687B689A6120
:10A2F00013E03B689B691A687B68DA610DE07B6854
:10A3000018683B689B691B681A46052100F0E4FB4E
:10A31000F86002E06FF01003FB60FB68184610372E
:10A32000BD4680BD80B588B000AF786039607B687D
:10A330006833FB60FB685B68FB613B689B69BB61E2
:10A340003B685B697B6100233B617B69002B46D0E6
:10A3500039E07B681B6A184600F089FDFB681B68C2
:10A36000FA699A421BD0FA69531CFB61BB69591CFC
:10A37000B961F9680A44127B1A70FB69312B01D963
:10A380000023FB61FB68FA695A607B681B6A052140
:10A39000184600F05FFD7B69013B7B6113E0FDF730
:10A3A000CDFB0246FB689A607B681B6A0521184654
:10A3B00000F050FD7B68DB691846FDF7C5FE38618B
:10A3C0003B69002B03D17B69002BC2D100E000BFA9
:10A3D0003B685A697B69D21A3B68DA610EE0FB6818
:10A3E0001A68FB685B68D31A7B617B69002B02DA11
:10A3F0007B6932337B613B687A69DA613B69184675
:10A400002037BD4680BD80B588B000AF7860396028
:10A410007B682833BB603B689B69BB613B685B69B9
:10A420007B6100233B617B69002B68D05BE0BB68EC
:10A430001B680133FB61FB69312B01D90023FB61F0
:10A440007B685B6A184600F012FDBB685B68FA69BE
:10A450009A4234D00023FB60BB681A68BB685B6813
:10A460009A420ED17B681868BB691B781A46042192
:10A4700000F032FB0346002B0CBF01230023DBB2AC
:10A48000FB60FB68002B03D0BB690133BB610CE0B0
:10A49000BB695A1CBA61BA6812681978BB68134460
:10A4A0000A461A73BB68FA691A607B685B6A052101
:10A4B000184600F0CFFC7B69013B7B6113E0FDF7A0
:10A4C0003DFB0246BB689A607B685B6A05211846C3
:10A4D00000F0C0FC7B689B691846FDF735FE3861CB
:10A4E0003B69002B03D17B69002BA0D100E000BFAA
:10A4F0003B685A697B69D21A3B68DA611BE07B686A
:10A500005B6A184600F0B3FCBB681A68BB685B68FE
:10A51000D31A7B617B685B6A0521184600F09AFCC0
:10A520007B69002B02DA7B6932337B617B69C3F183
:10A5300032023B68DA613B6918462037BD4680BD70
:10A5400080B586B000AFF860B9607A607B681B693F
:10A550007B617B69BA685A607B6928331846FFF7CC
:10A5600037FD7B6968331846FFF732FD7B691B684E
:10A5700000220221184600F0AFFA38613B69184604
:10A580001837BD4680BD80B586B000AFF860B960B1
:10A590007A607B681B697B617B691B6800220321F1
:10A5A000184600F099FA38613B6918461837BD46DD
:10A5B00080BD80B584B000AF786039603B681B69AE
:10A5C000BB607B681B69002B0FDBBB685B6803F01B
:10A5D0000103002B05D07968B868FFF7A3FEF86087
:10A5E00008E06FF01A03FB6004E07968B868FFF7D1
:10A5F000C4FDF860FB6818461037BD4680BD80B5C5
:10A6000084B000AF786039603B681B69BB607B68D1
:10A610001B69002B0FDBBB685B6803F00203002B98
:10A6200005D07968B868FFF7EEFEF86008E06FF0D3
:10A630001A03FB6004E07968B868FFF701FEF86070
:10A64000FB6818461037BD4680BD80B485B000AFAA
:10A65000F860B9607A606FF0080318461437BD4699
:10A660005DF8047B704780B594B000AF78607B687C
:10A67000002B02D06FF0100381E0A820F6F78AFBD0
:10A68000B864BB6C002B02D16FF0200377E03E4929
:10A690007B68BA6C41F82320BB6CBB600023BB61B4
:10A6A0000023FB6100233B6201237B62374BBB62CB
:10A6B000374BFB62374B3B63374B7B63374BBB639B
:10A6C00007F10803043336491846F6F70DFC344801
:10A6D000F6F7F9FB78647B68DBB26133D9B207F136
:10A6E0000C027B6C13440A461A707B6C01335033A6
:10A6F0003B44002203F8442C07F13C0207F14001DF
:10A7000007F108031846FFF7CEFBF864FB6C002B3B
:10A7100030D1BB6C7A681A603A6CBB6C9A60B86CCA
:10A7200000F03CFAF864FB6C002B1DD1BB6C4FF4BD
:10A73000E1321A614FF4E1320121786800F0CCF97E
:10A74000BB6C4FF00112DA604FF001120021786803
:10A7500000F0C2F9BB6C4FF0FF329A61BB6C4FF056
:10A76000FF32DA6100230AE000BFFB6B1846FFF7F7
:10A7700011FC00E000BFB86CF6F734FBFB6C184628
:10A780005037BD4680BD00BFE026002041A5000037
:10A7900087A50000B3A50000FFA500004BA60000A0
:10A7A000B40B010080B483B000AF786039607B687F
:10A7B0003A681A6000BF0C37BD465DF8047B7047ED
:10A7C00080B483B000AF78607B681B6818460C3794
:10A7D000BD465DF8047B704780B586B000AF7860F9
:10A7E00000233B610FE03B691B01474A13447B6137
:10A7F0007B691B681B0B03F03F037A689A4206D003
:10A800003B6901333B613B69002BECD000E000BFAA
:10A810003B69002B74D115E07B691B6803F58473D9
:10A8200000211846FFF7BEFF7B691B6803F5A36391
:10A830001846FFF7C5FF0346FB60FB6819463869F9
:10A84000FFF714FC7B691B6803F584731846FFF758
:10A85000B7FF0346002BDFD17B691B6803F58E73BE
:10A860001846FFF7ADFF0346002B20D07B691B681D
:10A8700003F58E7300211846FFF794FF07F10C03D0
:10A8800019463869FFF7B8FB0346002B0CD07B69EB
:10A890001B6803F21C53FA6811461846FFF782FF43
:10A8A0007B690022DA6002E07B690122DA607B6961
:10A8B0001B6803F592731846FFF782FF0346002BCF
:10A8C0001FD07B691B6803F5927300211846FFF7C0
:10A8D00069FF7B691B6803F590631846FFF770FFFB
:10A8E0000346FB607B691B6803F5906300211846F3
:10A8F000FFF758FFFB6819463869FFF7F3FB00E0E4
:10A9000000BF1837BD4680BD0001002080B582B071
:10A9100000AF78607B681B6803F5807300211846E0
:10A92000FFF740FF7B681B6803F582730021184620
:10A93000FFF738FF7B681B6803F584730021184616
:10A94000FFF730FF7B681B6803F58E730021184604
:10A95000FFF728FF7B681B6803F5927300211846F8
:10A96000FFF720FF7B681B6803F5A27300211846E0
:10A97000FFF718FF7B681B6803F224527B689B6813
:10A9800019461046FFF70EFF7B681B6803F26C52F6
:10A990007B685B689BB219461046FFF703FF7B6834
:10A9A0005B6803F48033002B08D07B681B6803F5D9
:10A9B000007318211846FFF7F5FE07E07B681B6857
:10A9C00003F5007300211846FFF7ECFE7B680122B7
:10A9D000DA607B681B6803F5906300211846FFF777
:10A9E000E1FE7B681B6803F541734FF42171184643
:10A9F000FFF7D8FE7B681B68083301211846FFF774
:10AA0000D1FE7B681B6801211846FFF7CBFE00BF13
:10AA10000837BD4680BD80B582B000AF78607B68E6
:10AA20000022DA607B680F4A93420DD07B681B6876
:10AA3000043301211846FFF7B5FE7B681B680C3311
:10AA400001211846FFF7AEFE7B681B6803F54273D1
:10AA50004FF0FF311846FFF7A5FE00BF0837BD468F
:10AA600080BD00BF0001002080B5A8B000AF7860B5
:10AA70003960184A07F10C0311469022184603F07A
:10AA80001FFF0023C7F89C3019E0D7F89C30DB008B
:10AA9000A0333B4453F8943C3A689A420AD1D7F821
:10AAA0009C30DB00A0333B4453F8902C7B689A60C9
:10AAB00000230AE0D7F89C300133C7F89C30D7F860
:10AAC0009C30112BE1D96FF010031846A037BD461A
:10AAD00080BD00BFB80B010080B586B000AFF86044
:10AAE000B9607A60FB681B012B4A13443B61002369
:10AAF0007B61BB68052B4AD801A252F823F000BF46
:10AB000019AB000021AB00002DAB000047AB0000EB
:10AB10005FAB000087AB00003B697A685A6036E0A3
:10AB200079683869FFF7A0FF786130E03869FFF78E
:10AB3000EDFE3B691B681B0B03F03F030521184624
:10AB400000F088F923E03B691B681B0B03F03F030F
:10AB5000184600F08CF93869FFF75DFF17E03B6994
:10AB6000DB68002B0BD03B690022DA603B691B6875
:10AB700003F21C5379681846FFF714FE07E06FF0E4
:10AB800040037B6103E06FF008037B6100BF7B69DA
:10AB900018461837BD4680BD0001002080B586B03C
:10ABA00000AF78607B681B681B01184A13447B6107
:10ABB000174A07F1080392E8030083E803007B6962
:10ABC0001B6803F5A06304211846FFF7EBFD7869C5
:10ABD000FFF721FF7B691B681B0B03F03F027B68BB
:10ABE0005A627B685A6A7B681A627B691B681B0B16
:10ABF00003F03F0307F1080211461846F8F7D4FAAC
:10AC000038613B6918461837BD4680BD00010020F9
:10AC1000480C010080B483B000AF786039607B6875
:10AC20003A681A6000BF0C37BD465DF8047B704778
:10AC300080B483B000AF78607B681B6818460C371F
:10AC4000BD465DF8047B704780B582B000AF786088
:10AC5000396014E000210F48FFF7DCFF7B685A1CC5
:10AC60007A601B7819460C48FFF7D4FF00BF0948EB
:10AC7000FFF7DEFF034603F00103002BF7D03B682C
:10AC80005A1E3A60002BE5DC00BF00BF0837BD4606
:10AC900080BD00BF1C2100401C25004080B582B053
:10ACA00000AF7860396015E000BF0F48FFF7C0FFC4
:10ACB000034603F00103002BF7D000210A48FFF7F9
:10ACC000A9FF0A48FFF7B4FF01467B685A1C7A6067
:10ACD000CAB21A703B685A1E3A60002BE4DC00BF0F
:10ACE00000BF0837BD4680BD082100401825004040
:10ACF00080B500AF04212148FFF78CFF01212048D7
:10AD0000FFF788FF01211F48FFF784FF4FF0FF3155
:10AD10001D48FFF77FFF1D491D48FFF77BFF0021FE
:10AD20001C48FFF777FF00211B48FFF773FF002146
:10AD30001A48FFF76FFF00211948FFF76BFF00214A
:10AD40001848FFF767FF00211748FFF763FF00214E
:10AD50001648FFF75FFF00211548FFF75BFF002152
:10AD60001448FFF757FF01211348FFF753FF012154
:10AD70001248FFF74FFF00BF80BD00BF0025004015
:10AD8000042000400C2000400823004000E0D701D0
:10AD9000242500406C250040002200408024004013
:10ADA0000021004004210040082100401C210040F7
:10ADB00024210040442100400020004008200040A1
:10ADC00080B483B000AF78607B6803F01F027B68BB
:10ADD0005B099900054B0B441946012393400B6016
:10ADE00000BF0C37BD465DF8047B704780E100E092
:10ADF00080B483B000AF78607B6803F01F027B688B
:10AE00005B099900054B0B441946012393400B60E5
:10AE100000BF0C37BD465DF8047B704780E200E060
:10AE200080B483B000AF78607B685B099A00084B00
:10AE300013441A687B6803F01F03012101FA03F32E
:10AE4000134018460C37BD465DF8047B704700BFC1
:10AE500080E200E080B582B000AF78603960396888
:10AE6000786800F088F800BF0837BD4680BD80B51F
:10AE700082B000AF78607868FFF7A2FF00BF0837A4
:10AE8000BD4680BD80B582B000AF78607868FFF7BE
:10AE9000AFFF00BF0837BD4680BD80B483B000AFB0
:10AEA000786000BF0C37BD465DF8047B704780B505
:10AEB00082B000AF78607868FFF7B2FF03461846AB
:10AEC0000837BD4680BD80B483B000AF786039607C
:10AED00000BF0C37BD465DF8047B704780B483B07B
:10AEE00000AF78607B6883F3118800BF0C37BD46E4
:10AEF0005DF8047B704780B483B000AFEFF311833B
:10AF00007B607B6818460C37BD465DF8047B704754
:10AF100080B483B000AF20237B60EFF311833B60EC
:10AF20007B6883F311883B6818460C37BD465DF893
:10AF3000047B704780B582B000AF78607B680133D6
:10AF40005B011846FFF7CAFF00BF0837BD4680BD4A
:10AF500080B582B000AFFFF7CEFF03465B09013B2F
:10AF60007B607B68002B01DB7B6800E0FF231846D9
:10AF70000837BD4680BD80B584B000AF78603960C9
:10AF8000FFF7C6FFF8603B68DAB27B6803F1604305
:10AF900003F564435201D2B21A707B6803F01F02BA
:10AFA0007B685B099B0003F1604303F5614319462D
:10AFB000012393400B60F868FFF790FF00BF103744
:10AFC000BD4680BD80B400AF00231846BD465DF885
:10AFD000047B704780B582B000AF0020FFF743FBD1
:10AFE00078607B68002B01DA7B6800E0002318465C
:10AFF0000837BD4680BD80B400AF00231846BD466B
:10B000005DF8047B7047000080B483B000AF7860C7
:10B0100039607B683A681A6000BF0C37BD465DF83E
:10B02000047B704780B582B000AF00F079F80B4B1D
:10B030007B600AE07B681A687B685B68194610468B
:10B04000FFF7E2FF7B6808337B607B681B68002B9F
:10B05000F0D100BF00BF0837BD4680BD500C0100D5
:10B0600080B500AFFFF754FFFEE780B582B000AFB8
:10B0700078607B68B3F1FF3F0BD07B68002B1ADA56
:10B080007B6813F1030F10D07B6813F1020F06D019
:10B0900011E00C48F5F7AEF86FF008030DE00A4830
:10B0A000F5F7A8F86FF0080307E00848F5F7A2F8ED
:10B0B0006FF0080301E06FF0100318460837BD4633
:10B0C00080BD00BF780C0100980C0100B40C010099
:10B0D00080B400AF00BFBD465DF8047B704780B40C
:10B0E00000AF00BFBD465DF8047B704780B483B0FD
:10B0F00000AF786039607B683A681A6000BF0C372F
:10B10000BD465DF8047B704780B483B000AF7860C3
:10B110007B681B6818460C37BD465DF8047B70479A
:10B1200080B500AF00211648FFF7E0FF4021154829
:10B13000FFF7DCFF01214FF08040FFF7D7FF00BF92
:10B140000F48FFF7E1FF034603F00103002BF7D0A0
:10B1500000210D48FFF7CAFF02210C48FFF7C6FF88
:10B1600001210B48FFF7C2FF00BF0748FFF7CCFFE4
:10B17000034603F00103002BF7D000BF00BF80BDE2
:10B18000000100402805004004010040180500406F
:10B190000800004080B400AF00BFBD465DF8047BEE
:10B1A000704700BF80B489B000AFF860B9607A60C2
:10B1B0003B603B68002B02D03B681B6801E0FB68EA
:10B1C0009B697B61FB681B6903F48053002B0CD0E7
:10B1D0007B691B6803F01003002B02D07B69FB61C5
:10B1E00005E07B694833FB6101E07B69FB61BB687B
:10B1F000002B27D00023BB610DE0BB68BA6953F870
:10B2000022301946FA69BB6908339B001344596020
:10B21000BB690133BB61BB69032BEEDD0423BB615A
:10B220000DE0BB68BA6953F82220BB69043B1146A4
:10B23000FA699B0013445960BB690133BB61BB6968
:10B240000B2BEEDD7B68002B03D07B681A68FB6953
:10B25000DA633B68002B03D03B681A68FB689A618D
:10B2600000BF2437BD465DF8047B704780B489B0C9
:10B2700000AFF860B9607A603B60FB689B697B61F6
:10B28000FB681B6903F48053002B0CD07B691B689F
:10B2900003F01003002B02D07B69FB6105E07B69A2
:10B2A0004433FB6101E07B69FB61BB68002B30D05C
:10B2B0000023BB610DE0FA69BB6908339B001344AE
:10B2C0005B681946BB68BA6943F82210BB69013351
:10B2D000BB61BB69032BEEDD0423BB610DE0BB69E1
:10B2E000043BFA699B0013445B681946BB68BA6962
:10B2F00043F82210BB690133BB61BB690B2BEEDD48
:10B30000FB695B6B1A46BB681A63FB699A6BBB6887
:10B310005A637B68002B06D0FB69DA6B7B681A6086
:10B320007B6800229A603B68002B03D0FB689A6917
:10B330003B681A6000BF2437BD465DF8047B704748
:10B3400080B487B000AFF860B9607A60FB689B6931
:10B350003B613B691B6803F01003002B02D06FF0C8
:10B36000180325E000237B6118E07B687A6953F8B5
:10B37000223019463B697A69223243F822107B69F0
:10B3800003F110027B6853F8223019463A697B6951
:10B390009B00134459607B6901337B617B690F2BF0
:10B3A000E3DD7B68D3F880203B69C3F8C820002325
:10B3B00018461C37BD465DF8047B704780B487B0E3
:10B3C00000AFF860B9607A60FB689B693B613B69DC
:10B3D0001B6803F01003002B02D06FF0180324E069
:10B3E00000237B6117E03B697A69223253F82230EF
:10B3F00019467B687A6943F822103A697B699B0099
:10B40000134459687B6903F110027B6843F82210EA
:10B410007B6901337B617B690F2BE4DD3B69D3F8EA
:10B42000C8207B68C3F88020002318461C37BD461F
:10B430005DF8047B704780B500AF074B01221A60AE
:10B44000064B00221A60064B4FF080521A60002013
:10B45000FFF744FD00BF80BD0C1500201015002033
:10B4600004ED00E080B400AF044B4FF080521A604E
:10B4700000BFBD465DF8047B704700BF04ED00E0EF
:10B4800027484FF00101016026480168002902D1D8
:10B49000DFF894D011E02DE9F00F00B50A6912F43D
:10B4A000805205D01EF0100302D12DED108A08B491
:10B4B000C1F818D04FF0000202601C4D1C4E4FF036
:10B4C000200282F31188D5F80080B8F1000F0BD16B
:10B4D000D6F800C0BCF1000F08BFFFF7F9FD4FF030
:10B4E000000282F31188EAE7C0F80080D8F818D08B
:10B4F000D8F8100010F4805006D0009B13F0100311
:10B5000002D108BCBDEC108A5DF804EBBDE8F00F79
:10B5100003484FF00001016081F31188704700007B
:10B520000C150020101500201826002014150020EE
:10B53000DC26002080B500AF0148F4F75BFEFEE793
:10B54000CC0C010080B584B000AF114B1B68BB6010
:10B55000104B1B68002B04D00E4B1B689B68FB60D4
:10B5600001E00023FB60BB6803F08043002B09D09F
:10B57000094B1B687B607B68BA68F9680748F5F778
:10B58000D7F904E0BA68F9680548F5F7D1F9FEE79C
:10B590002CED00E01015002028ED00E0D40C010097
:10B5A000080D010080B500AF0148F4F723FEFEE767
:10B5B000340D010080B500AF0148F4F71BFEFEE733
:10B5C000400D010080B500AF0148F4F713FEFEE71F
:10B5D0004C0D010080B500AF0148F4F70BFEFEE70B
:10B5E0005C0D010080B500AF0148F4F703FEFEE7F3
:10B5F000640D010080B582B000AF0D4B3B600D487B
:10B60000F4F7F8FD00237B600AE03B681A1D3A60FE
:10B610001B6819460848F5F78BF97B6801337B6096
:10B620007B68072BF1DD0548F4F7E4FDFEE700BF7A
:10B6300080E200E0740D0100900D0100940D010006
:10B6400080B483B000AFEFF305837B607B6818465E
:10B650000C37BD465DF8047B704780B400AF054BE6
:10B660001B680133034A136000BFBD465DF8047BCD
:10B67000704700BFE426002080B400AF044B1B6875
:10B68000013B034A136000BFBD465DF8047B704771
:10B69000E426002080B582B000AFFFF7DEFFFFF7A1
:10B6A000CFFF0346103B7B60064A7B6852F823308D
:10B6B0003B603B6878689847FFF7DEFF00BF0837BC
:10B6C000BD4680BD1826002080B500AFFFF7C5FF3E
:10B6D000FDF7BBFFFFF7D0FF00BF80BD80B487B090
:10B6E00000AFF860B9607A607B68002B0CD0BB6853
:10B6F00003F00103002B09D00C49FB687A6841F87C
:10B7000023200B4B7B6001E00A4B7B600A4B7B6183
:10B71000FB689B007A6913447A681A600023184614
:10B720001C37BD465DF8047B704700BF182600201B
:10B7300095B60000F5B500004000002080B400AFD1
:10B7400000BFBD465DF8047B704780B400AF0023A6
:10B750001846BD465DF8047B704700BF80B586B0D3
:10B7600000AFFFF75FFC3D4B7B613D4B3B6100232E
:10B77000FB600AE07A69131D7B613B69191D396121
:10B7800012681A60FB680133FB60FB683F2BF1DD38
:10B79000344B334A1A60344B7B61344B3B61344B3E
:10B7A000BB6007E07A69131D7B613B69191D396134
:10B7B00012681A603A69BB689A42F3D12D4B3B611B
:10B7C0002D4A2C4BD31A9B08FB6007E03B691A1DDE
:10B7D0003A6100221A60FB68013BFB60FB68002BAA
:10B7E000F4DC264B4FF000521A60244B1B681A46BB
:10B7F000214B9A4202D2214B1F4A1A60204B214A08
:10B800001A60214B1B687B607B6823F4E04343F4A0
:10B8100040537B607B689BB21B4A43F0BF6343F499
:10B8200000331360194B00221A60194B194A1A6031
:10B83000194B1B68184A43F020031360174B1B6811
:10B84000164A43F470031360154B1B68144A43F007
:10B8500040431360FEF7A6F9FEE700BF00000000BA
:10B860000000002008ED00E014110100000100209C
:10B87000400200204002002090750020E8260020B1
:10B88000EC26002000F801200CED00E01CED00E0AB
:10B8900020ED00E00000E02014ED00E088ED00E085
:10B8A00034EF00E080B582B000AF3B461846FDF7AC
:10B8B0004DF80346002B01DA002300E07B681846B0
:10B8C0000837BD4680BD80B483B000AF7860396072
:10B8D0003A687B68D31A18460C37BD465DF8047B7E
:10B8E000704780B586B002AF786039600023FB6096
:10B8F00007F10C034FF0FF3200922022396878687C
:10B90000F7F73AFB034618461037BD4680BD80B5B1
:10B9100086B002AFF860B9607A604FF0FF330093F1
:10B920007B682122B968F868F7F726FB03461846BA
:10B930001037BD4680BD80B58AB002AFF860B960EF
:10B940007A600023FB611FE000237B61FB69BA681A
:10B95000D1187A68FB69D21A07F1140300931346D1
:10B960000A460021F868F6F748FDB861BB69002B6C
:10B9700001DABB690DE07B69002B04DD7B69FA69A4
:10B980001344FB6100E000BFFA697B689A42DBDB8D
:10B99000002318462037BD4680BD80B58AB002AF6F
:10B9A000F860B9607A600023FB611FE000237B61CF
:10B9B000FB69BA68D1187A68FB69D21A07F11403D7
:10B9C000009313460A460021F868F6F759FDB8615E
:10B9D000BB69002B01DABB690DE07B69002B04DD3C
:10B9E0007B69FA691344FB6100E000BFFA697B6878
:10B9F0009A42DBDB002318462037BD4680BD80B469
:10BA000083B000AF78607B681B781A467B6801338F
:10BA10001B781B021A437B6802331B781B041A43F2
:10BA20007B6803331B781B06134318460C37BD464F
:10BA30005DF8047B704780B483B000AF78607B68AA
:10BA40001B781AB27B6801331B781BB21B021BB236
:10BA500013431BB29BB218460C37BD465DF8047BFE
:10BA6000704780B483B000AF786039603B68DAB269
:10BA70007B681A703B681A0A7B680133D2B21A706D
:10BA80003B681A0C7B680233D2B21A703B681A0EFC
:10BA90007B680333D2B21A7000BF0C37BD465DF825
:10BAA000047B704780B485B000AF87ED010AD7ED05
:10BAB000017AF5EEC07AF1EE10FA02D54FF00003EC
:10BAC0007B60D7ED017AB7EE007AF4EEC77AF1EE3B
:10BAD00010FA02DD4FF07E537B60D7ED017A9FEDC7
:10BAE0000F7A67EE877AB6EE007A77EE877AFDEE08
:10BAF000E77A17EE903AFB60FB68002B01DA00232F
:10BB0000FB60FB687F2B01DD7F23FB60FB68DBB202
:10BB100018461437BD465DF8047B70470000FE42AE
:10BB200080B485B000AF87ED010AD7ED017AF5EE5C
:10BB3000C07AF1EE10FA02D54FF000037B60D7ED2A
:10BB4000017AB7EE007AF4EEC77AF1EE10FA02DD70
:10BB50004FF07E537B60D7ED017A9FED0F7A67EE51
:10BB6000877AB6EE007A77EE877AFDEEE77A17EEFF
:10BB7000903AFB60FB68002B01DA0023FB60FB6856
:10BB8000FF2B01DDFF23FB60FB68DBB21846143797
:10BB9000BD465DF8047B704700007F4390B58BB0D5
:10BBA00002AF78600023FB7784E0FA7F7968134660
:10BBB0009B0013449B000B440833D3ED007AB0EE96
:10BBC000670AFFF76FFF03461033BB83FA7F79687C
:10BBD00013469B0013449B000B440C33D3ED007AB7
:10BBE000B0EE670AFFF75EFF03467B83FA7F796852
:10BBF00013469B0013449B000B441033D3ED007A93
:10BC0000B0EE670AFFF74EFF034610333B83FA7F1F
:10BC1000796813469B0013449B000B441433D3ED07
:10BC2000007AB0EE670AFFF73DFF0346FB823A8BCE
:10BC3000BB8B9A4205D2BB8BBB823B8BBB83BB8A3F
:10BC40003B83FA8A7B8B9A4205D27B8B7B82FB8A71
:10BC50007B837B8AFB823A8BBB8BD31A9BB20133EB
:10BC60003B82FA8A7B8BD31A9BB20133FB81FB891F
:10BC70003A8A798BB88B4FF4FC64009401F044FD50
:10BC80003B8A042B13D9FB89042B10D9BB8B0133BE
:10BC900098B27B8B013399B23B8A023B9AB2FB8903
:10BCA000023B9BB24FF4FC64009401F02DFDFB7F3E
:10BCB0000133FB777B681B78FA7F9A42FFF475AFFC
:10BCC00000BF00BF2437BD4690BD80B584B000AF33
:10BCD000786039600B4BBB600023FB603A6807F16A
:10BCE0000803043311461846FFF7BBFE07F10803AB
:10BCF000082219467868FFF750FE00BF1037BD468E
:10BD000080BD00BF4454455280B588B000AF786014
:10BD1000396044233B7454237B744F23BB744B23FF
:10BD2000FB743B681B783B7500237B750023BB7558
:10BD30000023FB7507F11003082219467868FFF706
:10BD40002CFEB861BB69002B01DABB6968E00023F7
:10BD5000FB775FE0FA7F396813469B0013449B0032
:10BD60000B440433D3ED007AB0EE670AFFF7D8FE38
:10BD700003463B72FA7F396813469B0013449B00CD
:10BD80000B440833D3ED007AB0EE670AFFF78AFE62
:10BD900003467B72FA7F396813469B0013449B006D
:10BDA0000B440C33D3ED007AB0EE670AFFF77AFE4E
:10BDB0000346BB72FA7F396813469B0013449B000D
:10BDC0000B441033D3ED007AB0EE670AFFF76AFE3A
:10BDD0000346FB72FA7F396813469B0013449B00AD
:10BDE0000B441433D3ED007AB0EE670AFFF75AFE26
:10BDF00003463B7307F10803052219467868FFF7ED
:10BE0000CCFDB861BB69002B01DABB6908E0FB7FA0
:10BE10000133FB773B681B78FA7F9A429AD3002361
:10BE200018462037BD4680BD80B588B000AF786029
:10BE300007F11403042219467868FFF77CFD0346D6
:10BE4000002B30DB07F114031846FFF7D8FDF8612B
:10BE50000023FB7407F113031946F86902F0A2F9F5
:10BE6000B861134BBB600023FB60BB69002B10D093
:10BE70004D233B7245237B725223BB725223FB72CC
:10BE8000BA6907F10803043311461846FFF7E9FDC4
:10BE900001E0FB7C3B7307F1080308221946786830
:10BEA000FFF77BFD00E000BF2037BD4680BD00BF2F
:10BEB0004D52454480B5C8B000AF07F59073A3F567
:10BEC0008E73186007F58A7107F59073A3F58E736A
:10BED00002221868FFF72FFD0346002B6BDB07F5E6
:10BEE0008A731846FFF7A7FD0346A7F81E31B7F877
:10BEF0001E31002B61D0B7F81E31B3F5807F5CD8BE
:10BF0000B7F81E2107F1140107F59073A3F58E739E
:10BF10001868FFF710FD0346002B50DBB7F81E2111
:10BF200007F114031146184602F0DCF9C7F81801AE
:10BF300007F59073A3F58A73234A1A6000225A60AA
:10BF4000D7F81831002B21D007F59073A3F58A7329
:10BF50004D221A7007F59073A3F58A7345225A7023
:10BF600007F59073A3F58A7352229A7007F59073C0
:10BF7000A3F58A735222DA70D7F8182107F10C035F
:10BF8000043311461846FFF76CFD09E002F09AFAF7
:10BF9000024607F10C03043311461846FFF761FD12
:10BFA00007F10C0107F59073A3F58E73082218684A
:10BFB000FFF7F3FC04E000BF02E000BF00E000BFB9
:10BFC00007F59077BD4680BD4D41434B80B586B0A7
:10BFD00000AF78600023FB7407F11303184602F0EA
:10BFE000D9F97861124BBB600023FB607B69002BA1
:10BFF00010D04D233B7245237B725223BB725223D8
:10C00000FB727A6907F10803043311461846FFF7FB
:10C0100028FD01E0FB7C3B7307F108030822194669
:10C020007868FFF7BAFC00BF1837BD4680BD00BF77
:10C030004D41435480B58EB000AF786000237B63E0
:10C0400008E007F10C027B6B134400221A707B6B33
:10C0500001337B637B6B1F2BF3D94D233B73492348
:10C060007B734E23BB734623FB7301F07DFF0346B6
:10C070003B7401F069FF0346002B1BD002F014F85B
:10C08000F86200233B630CE0FA6A3B6B1A443B6B9B
:10C090000833127838333B4403F82C2C3B6B0133C4
:10C0A0003B633B6B162B05D8FA6A3B6B13441B783A
:10C0B000002BE9D107F10C03202219467868FFF71D
:10C0C0006CFC00BF3837BD4680BD80B58CB000AF7A
:10C0D00078600023FB6208E007F10C02FB6A13445E
:10C0E00000221A70FB6A0133FB62FB6A1F2BF3D933
:10C0F00053233B7354237B734F23BB734B23FB733B
:10C10000244B1A6807F10C03043311461846FFF755
:10C11000A8FC204B5A6807F10C0308331146184657
:10C12000FFF79FFC1B4B9A6807F10C030C33114679
:10C130001846FFF796FC174BDA6807F10C0310332B
:10C1400011461846FFF78DFC124B1A6907F10C03D4
:10C15000143311461846FFF784FC0E4B5A6907F159
:10C160000C03183311461846FFF77BFC094BDA69BC
:10C1700007F10C031C3311461846FFF772FC07F158
:10C180000C03202219467868FFF707FC00BF303700
:10C19000BD4680BD9069002080B58AB000AF786050
:10C1A00039604C4B1B6801211846FFF79AFB034688
:10C1B000002BC0F28D80484B484A1A60484B002241
:10C1C0001A60484B00221A60474B00221A70474BF6
:10C1D00000221A60464B00221A6001F0B5FE0346A9
:10C1E000002B09D13C4B434A1A60434B1B68012189
:10C1F0001846F6F7D5FD6CE000233B610023FB6099
:10C20000FFF750FB786207F10C0307F110024FF4BF
:10C2100080413A4803F056F83862FFF743FBF86173
:10C22000F969786AFFF74FFB0346304A13603B6AAF
:10C23000002B06D13B69002B03D0FB68B3F5A06F40
:10C240000FD03B6A002B01D03B6A01E06FF46173B1
:10C25000214A1360284B1B6801211846F6F7A0FD00
:10C2600037E03B691E4A1360FB681E4A1360244B8B
:10C270001B68002B22D1FFF715FBB8613B69F968F9
:10C28000194A184600F006FD3862FFF70BFB78618B
:10C290007969B869FFF717FB0346154A13603B6AD3
:10C2A000002B0BD03B6AA3F2B6330B4A1360124B40
:10C2B0001B6801211846F6F773FD0AE0064B0022C1
:10C2C0001A600D4B1B6801211846F6F769FD68E7F7
:10C2D00000BF66E7F06600201001002019FCFFFF98
:10C2E000006700200467002008670020BC69002068
:10C2F000C06900207CFCFFFFF8660020F0260020CB
:10C30000FC66002080B584B000AF78603960164BC1
:10C310001B6804211846F6F743FD0023FB60134B0E
:10C320001B6807F10C0203211846FFF7F0FA0346D9
:10C33000002B16DBFB6803F00103002B02D00C4836
:10C3400001F029F9FB6803F00203002B02D0094831
:10C35000FFF724FC044B1B6802211846F6F720FD6A
:10C36000DBE700BFD9E700BFF8660020F4660020D5
:10C37000F026002008670020B0B59AB000AF7860C2
:10C38000396007F1100328220021184602F0FEFB55
:10C39000914B1B680133904A13608F4B1B683B61C4
:10C3A00041F288333B63FFF77DFA78667B6E3B662C
:10C3B0004FF4804289497868FFF7BDFA0346002BA5
:10C3C000C0F2FF80FFF76EFAF865F96D386EFFF77F
:10C3D0007AFA03467B613B68002B22D1FFF762FAB1
:10C3E000B8657F4B1B6801211846F6F7D9FC034658
:10C3F000002B08DB7B4B1B6802211846FFF771FA04
:10C400000346002B04DA78497868FFF75EFCDFE02A
:10C41000FFF748FA7865796DB86DFFF754FA03466F
:10C42000BB613B68002B14BF01230023DBB21A461B
:10C430006E4B1A606E4B1B6801211846F6F7B0FC74
:10C440000346002B08DB674B1B6801211846FFF7EA
:10C4500048FA0346002B05DA6FF475717868FFF728
:10C4600034FCB5E0634B1B68FB61634B1B683B62AC
:10C47000624B1B683B653B6D002B04D0396D7868BF
:10C48000FFF723FCA4E03B68002B49D05C4BBB606A
:10C490000023FB605B4B1A6807F108030433114665
:10C4A0001846FFF7DEFAFFF7FDF9F86307F1080316
:10C4B000082219467868FFF770FA0346002BC0F28D
:10C4C0008280514B1B684F4A126819467868FFF703
:10C4D00064FA0346002B78DBFFF7E4F9B863B96B25
:10C4E000F86BFFF7F0F90346BB62B96B786EFFF7A4
:10C4F000EAF90346FB62FA6A3B6B9A4201D80123D0
:10C5000000E000237B63414B1D4607F110040FCC74
:10C510000FC50FCC0FC594E8030085E8030057E072
:10C52000FFF7C0F9F8642E4B1B6802211846F6F796
:10C5300037FC0346002B08DB2A4B1B6802211846F8
:10C54000FFF7CFF90346002B04DA31497868FFF78B
:10C55000BCFB3DE0FFF7A6F9B864B96CF86CFFF7D7
:10C56000B2F903467B62FFF79DF978642949786840
:10C57000FFF7CAFB0346002B29DBFFF793F938646A
:10C58000396C786CFFF79FF90346BB62396C786EA3
:10C59000FFF799F90346FB62FA6A3B6B9A4201D8AE
:10C5A000012300E000237B63184B1D4607F11004B4
:10C5B0000FCC0FC50FCC0FC594E8030085E803002E
:10C5C00006E000BF04E000BF02E000BF00E000BFE3
:10C5D0006837BD46B0BD00BFB8690020F026002016
:10C5E000F4660020F86600202CFCFFFFFC660020AB
:10C5F000F0660020BC690020C06900201001002006
:10C60000464C4F4B046700200067002090690020D3
:10C610002AFCFFFF0867002080B586B000AF786075
:10C6200039604B48F3F7E6FD4A48F3F7E3FD4A4B20
:10C630001B68002B03D04948F3F7DCFD02E04848B3
:10C64000F3F7D8FD4748F3F7D5FD474B1B680421A6
:10C650001846FFF746F90346002B04DA4348F3F780
:10C66000C9FDFBF7DFF84248F3F7C4FD0321414859
:10C67000F5F72FFB38613B69002B04DA3E48F3F7EE
:10C68000B9FDFBF7CFF800237B6107F10F0301220F
:10C6900019463869FFF74FF90346002B56DB7B69D3
:10C6A0001B02FA7B13437B617B69344A934206D1B8
:10C6B00000213869FFF760FE00237B61E5E77B69B5
:10C6C0002F4A934206D101213869FFF755FE002316
:10C6D0007B61DAE77B692B4A934205D13869FFF722
:10C6E000A3FB00237B61D0E77B69274A934205D1F6
:10C6F0003869FFF7DFFB00237B61C6E77B69234ACC
:10C70000934205D13869FFF761FC00237B61BCE7E8
:10C710007B691F4A934205D13869FFF78BFC0023E0
:10C720007B61B2E77B691B4A934205D13869FFF709
:10C73000CCFC00237B61A8E77B69174A9342A4D114
:10C740003869FFF7C2FC00237B619EE700BF9CE7CE
:10C75000980D0100C40D01008C690020E80D010056
:10C760000C0E0100340E0100F8660020500E01008E
:10C77000700E01008C0E0100940E010045545543CB
:10C7800054474F4C4745424D5441444D444E454D0E
:10C79000464E494D544154534D49545280B584B08E
:10C7A00000AF3A48F3F726FD01F07AFB0346384A1A
:10C7B0001360384B41F288321A6200F072FE00209A
:10C7C00000F0A8FE3448F3F715FD3448F6F738FAC0
:10C7D0000346334A13603348F6F732FA0346324AC7
:10C7E00013603248F6F72CFA0346314A13602C4B9B
:10C7F0001B68002B07DB2C4B1B68002B03DB2C4B2F
:10C800001B68002B04DA2B48F3F7F4FC002338E014
:10C810002948FAF7F1FDF8602848FAF7EDFDB8600D
:10C820002748FAF7E9FD7860FB68002B05DBBB6859
:10C83000002B02DB7B68002B04DA2248F3F7DAFCDA
:10C8400000231EE00021F868FAF70CFF0346002BD6
:10C850000DDB0021B868FAF705FF0346002B06DB65
:10C8600000217868FAF7FEFE0346002B04DA16482A
:10C87000F3F7C0FC002304E04FF0FF30FBF764FC4B
:10C88000002318461037BD4680BD00BF1C0F0100B5
:10C890008C690020906900204C0F0100B00E01004F
:10C8A000F0660020BC0E0100F4660020C80E0100F6
:10C8B000F8660020780F0100EC0E0100040F010063
:10C8C000D40E01009C0F0100C40F010080B483B09E
:10C8D00000AF87ED010AD7ED017AF5EEC07AF1EEEF
:10C8E00010FA02D54FF000030CE0D7ED017AB7EE55
:10C8F000007AF4EEC77AF1EE10FA02DD4FF07E53C3
:10C9000000E07B6807EE903AB0EE670A0C37BD4650
:10C910005DF8047B704780B582B000AF87ED010AF7
:10C92000D7ED017AF1EE677AB0EE670A01F032FED8
:10C93000F0EE407AB7EE007A77EE877AB7EE007ABB
:10C94000C7EE276AF0EE667AB0EE670A0837BD4692
:10C9500080BD80B52DED028B8CB000AF7860396062
:10C960007B68D3ED017A3B6893ED017AF0EE470ADC
:10C97000B0EE670A01F0E6FD87ED0B0A7B68D3EDA8
:10C98000027A3B6893ED027AF0EE470AB0EE670A4E
:10C9900001F0D8FD87ED0A0A7B68D3ED037A3B6886
:10C9A00093ED037AF0EE470AB0EE670A01F0A2FDBC
:10C9B00087ED090A7B68D3ED047A3B6893ED047A2E
:10C9C000F0EE470AB0EE670A01F094FD87ED080A21
:10C9D00097ED097AD7ED0B7A77EE677AF0EE670A72
:10C9E0009FED3F0A01F0AEFD87ED070A97ED087A4B
:10C9F000D7ED0A7A77EE677AF0EE670A9FED380A8C
:10CA000001F0A0FD87ED060A97ED077AD7ED067ACB
:10CA100067EE277AC7ED057A7B6893ED037A7B682A
:10CA2000D3ED017A77EE677AF0EE670A9FED2C0A74
:10CA300001F088FDB0EE408A7B6893ED047A7B6854
:10CA4000D3ED027A77EE677AF0EE670A9FED240A5B
:10CA500001F078FDF0EE407A68EE277AC7ED047AAF
:10CA60003B6893ED037A3B68D3ED017A77EE677A02
:10CA7000F0EE670A9FED1A0A01F064FDB0EE408AFD
:10CA80003B6893ED047A3B68D3ED027A77EE677AE0
:10CA9000F0EE670A9FED120A01F054FDF0EE407AC5
:10CAA00068EE277AC7ED037A97ED047AD7ED037A1B
:10CAB00037EE277AD7ED057A77EE677A9FED097A18
:10CAC00077EE877A97ED057AC7EE276AF0EE667AF9
:10CAD000B0EE670A3037BD46BDEC028B80BD00BFAB
:10CAE000000000005F708930B0B485B000AF78609E
:10CAF00039603B681B783F2B16D83B681B7819467A
:10CB00002E4A0B469B000B449B001A447B6814463C
:10CB10001D460FCD0FC42B6823603B681B78013383
:10CB2000DAB23B681A7044E00023FB730123BB7345
:10CB30001BE0BA7B214913469B0013449B000B4426
:10CB400093ED007AFA7B1D4913469B0013449B002A
:10CB50000B44D3ED007AB4EEE77AF1EE10FA01D58A
:10CB6000BB7BFB73BB7B0133BB733B681B78BA7B1E
:10CB70009A42DED37B6893ED007AFA7B0F49134625
:10CB80009B0013449B000B44D3ED007AB4EEE77A8C
:10CB9000F1EE10FA0DDDFA7B084913469B001344B1
:10CBA0009B00CA187B6814461D460FCD0FC42B6826
:10CBB00023601437BD46B0BC704700BFC469002075
:10CBC000B0B48BB000AF0346FB71012387F8273068
:10CBD00052E097F827202E4913469B0013449B00F0
:10CBE0000B4407F10C041D460FCD0FC42B682360C6
:10CBF00097F82730013B3B6217E03B6A5A1C2449F7
:10CC000013469B0013449B00C81821493A6A1346F7
:10CC10009B0013449B000B4404461D460FCD0FC4DC
:10CC20002B6823603B6A013B3B623B6A002B0FDBB6
:10CC300017493A6A13469B0013449B000B4493ED3B
:10CC4000007AD7ED037AB4EEE77AF1EE10FAD4D495
:10CC50003B6A5A1C0E4913469B0013449B000B442D
:10CC60001D4607F10C040FCC0FC523682B6097F805
:10CC70002730013387F8273097F82720FB799A422D
:10CC8000A7D300BF00BF2C37BD46B0BC704700BF64
:10CC9000C4690020B0B5A6B000AFF860B9607A6092
:10CCA000FB68002B02D07B68002B02D14FF0FF33D2
:10CCB000A8E1BB68B3F5A06F02D06FF00103A1E15A
:10CCC00001F05EF9B867BB6F002B02D16FF0020371
:10CCD00098E1BB6F1B6B7B67BB6F5B6B3B67BB6F8D
:10CCE0009B6BFB66BB6FDB6BBB66BB6F93F8403027
:10CCF00087F8973097F89730202B02D9202387F8B0
:10CD00009730BB6FDB6C7B66BB6F1B6D3B66002394
:10CD100087F837300023C7F89030FEE00023C7F8CB
:10CD20008C30F0E0D7F890301A01D7F88C301344EB
:10CD3000FB65FA68FB6D134493F900301A463B6EAD
:10CD4000D31A07EE903AF8EEE77A97ED197A67EE84
:10CD5000277AC7ED167A97ED160AFFF7DCFD87ED07
:10CD6000150A97ED157AD7ED1D7AB4EEE77AF1EE54
:10CD700010FA00F1C0800023C7F888302AE0D7F805
:10CD8000883001331B021A46FB6D1344FA681344C2
:10CD900093F900301A463B6ED31A07EE903AF8EE3C
:10CDA000E77A97ED197A67EE277AC7ED0E7A97ED55
:10CDB0000E0AFFF7B0FDF0EE407AD7F888309B00FE
:10CDC00098333B44743BC3ED007AD7F88830013385
:10CDD000C7F88830D7F88830032BD0DD7B6A3B65F5
:10CDE000BB6AFB64FB6ABB643B6B7B6497ED127AA6
:10CDF000D7ED1B7AB4EEE77AF1EE10FA7DD497ED19
:10CE0000117AD7ED1A7AB4EEE77AF1EE10FA74D40B
:10CE1000D7F88C3007EE903AB8EEE77AD7ED147A6F
:10CE200037EE277AF3EE006AC7EE267AC7ED107A5E
:10CE3000D7F8903007EE903AB8EEE77AD7ED137A4C
:10CE400037EE277AF3EE006AC7EE267AC7ED0F7A3F
:10CE50007B6D3B61D7ED127AB6EE007A67EE877A8A
:10CE600097ED107A77EE677AB0EE670AFFF72EFD3E
:10CE7000F0EE407AC7ED057AD7ED117AB6EE007A7A
:10CE800067EE877A97ED0F7A77EE677AB0EE670AEA
:10CE9000FFF71CFDF0EE407AC7ED067AD7ED127A67
:10CEA000B6EE007A27EE877AD7ED107A77EE277AFA
:10CEB000B0EE670AFFF70AFDF0EE407AC7ED077A99
:10CEC000D7ED117AB6EE007A27EE877AD7ED0F7A92
:10CED00077EE277AB0EE670AFFF7F8FCF0EE407ABB
:10CEE000C7ED087A07F1370207F11003114618461B
:10CEF000FFF7FAFD02E000BF00E000BFD7F88C307A
:10CF00000133C7F88C30D7F88C300F2B7FF70AAF7E
:10CF1000D7F890300133C7F89030D7F890300F2B06
:10CF20007FF7FCAE97F837301846FFF749FE7B686D
:10CF300000221A70002387F8873056E00023C7F8D4
:10CF40008030002387F87F3025E097F8872013464C
:10CF50009B0013449B002D4A981897F87F20134696
:10CF60009B0013449B007A68134404331946FFF76F
:10CF7000F0FCB0EE407AD7ED1C7AF4EEC77AF1EE11
:10CF800010FA03D80123C7F880300AE097F87F3001
:10CF9000013387F87F307B681B7897F87F209A42AF
:10CFA000D3D3D7F88030002B1AD197F887207B682D
:10CFB0001B78591CC8B2796808701846796803460E
:10CFC0009B0003449B001944104813469B001344E4
:10CFD0009B0003440C1D1D460FCD0FC42B6823601E
:10CFE00097F88730013387F8873097F8373097F80C
:10CFF00087209A4205D27B681B7897F897209A423F
:10D000009CD8002318469837BD46B0BDC46900209F
:10D0100080B483B000AF7860054A01217B6801FAD3
:10D0200003F3136000BF0C37BD465DF8047B704707
:10D030000805005080B483B000AF7860054A012134
:10D040007B6801FA03F3136000BF0C37BD465DF83F
:10D05000047B70470C05005080B483B000AF78604B
:10D06000054A01217B6801FA03F3136000BF0C3706
:10D07000BD465DF8047B70470808005080B483B05B
:10D0800000AF7860054A01217B6801FA03F3136061
:10D0900000BF0C37BD465DF8047B70470C0800509C
:10D0A00080B500AF0220FFF7D7FF00BF80BD80B57D
:10D0B00000AF0220FFF7E2FF00BF80BD80B500AFE8
:10D0C0000C20FFF7A5FF00BF80BD80B500AF0C208E
:10D0D000FFF7B0FF00BF80BD80B500AF0A20FFF7AB
:10D0E00097FF00BF80BD80B500AF0A20FFF7A2FF09
:10D0F00000BF80BD80B500AF1120FFF789FF00BFE2
:10D1000080BD80B500AF1120FFF794FF00BF80BD48
:10D1100080B500AF0D20FFF77BFF00BF80BD80B55D
:10D1200000AF0D20FFF786FF00BF80BD80B584B043
:10D1300000AF0346FB710723FB6013E0FFF7E1FF3D
:10D14000FA79FB6822FA03F303F00103002B02D003
:10D15000FFF7DEFF01E0FFF7E2FFFFF7CBFFFB6821
:10D16000013BFB60FB68002BE8DAFFF7CAFF00BF5A
:10D170001037BD4680BD80B582B000AF0346FB715D
:10D18000FFF7A3FFFFF793FFFB791846FFF7CEFFEA
:10D19000FFF786FF00BF0837BD4680BD80B582B06F
:10D1A00000AF0346FB71FFF789FFFFF780FFFB79B4
:10D1B0001846FFF7BBFFFFF773FF00BF0837BD46F8
:10D1C00080BD90B583B000AF0446084611461A46AC
:10D1D0002346FB800346BB800B467B8013463B8087
:10D1E0002A20FFF7C8FFFB8801331B0ADBB2184671
:10D1F000FFF7D4FFFB88DBB20133DBB21846FFF741
:10D20000CDFF7B8801331B0ADBB21846FFF7C6FF50
:10D210007B88DBB20133DBB21846FFF7BFFF2B2060
:10D22000FFF7A9FFBB8802331B0ADBB21846FFF7E2
:10D23000B5FFBB88DBB20233DBB21846FFF7AEFFA7
:10D240003B8802331B0ADBB21846FFF7A7FF3B8877
:10D25000DBB20233DBB21846FFF7A0FF2C20FFF74A
:10D260008AFF00BF0C37BD4690BD80B500AF0C4BA8
:10D270000C4A1A600C4B04221A60FFF711FF0420BD
:10D28000FFF7C6FEFFF71AFFFFF726FFFFF739FF8C
:10D29000FFF745FF0320FFF7BBFE00BF80BD00BFC7
:10D2A00018050050183402001808005080B500AF6F
:10D2B000FFF712FF6420FBF7A3F8FFF714FF6420C9
:10D2C000FBF79EF8FFF708FF6420FBF799F800BF13
:10D2D00080BD80B500AFB120FFF74DFF0120FFF703
:10D2E0005DFF2C20FFF75AFF2D20FFF757FFB220DC
:10D2F000FFF741FF0120FFF751FF2C20FFF74EFF02
:10D300002D20FFF74BFFB320FFF735FF0120FFF77C
:10D3100045FF2C20FFF742FF2D20FFF73FFF0120A4
:10D32000FFF73CFF2C20FFF739FF2D20FFF736FFDA
:10D33000B420FFF720FF0720FFF730FFC020FFF7E2
:10D340001AFFA220FFF72AFF0220FFF727FF842001
:10D35000FFF724FFC120FFF70EFFC520FFF71EFFD8
:10D36000C220FFF708FF0A20FFF718FF0020FFF791
:10D3700015FFC320FFF7FFFE8A20FFF70FFF2A20CB
:10D38000FFF70CFFC420FFF7F6FE8A20FFF706FF29
:10D39000EE20FFF703FFC520FFF7EDFE0E20FFF79D
:10D3A000FDFEE020FFF7E7FE0F20FFF7F7FE1A2053
:10D3B000FFF7F4FE0F20FFF7F1FE1820FFF7EEFE57
:10D3C0002F20FFF7EBFE2820FFF7E8FE2020FFF7D5
:10D3D000E5FE2220FFF7E2FE1F20FFF7DFFE1B2005
:10D3E000FFF7DCFE2320FFF7D9FE3720FFF7D6FE3C
:10D3F0000020FFF7D3FE0720FFF7D0FE0220FFF743
:10D40000CDFE1020FFF7CAFEE120FFF7B4FE0F208B
:10D41000FFF7C4FE1B20FFF7C1FE0F20FFF7BEFE83
:10D420001720FFF7BBFE3320FFF7B8FE2C20FFF7D5
:10D43000B5FE2920FFF7B2FE2E20FFF7AFFE302009
:10D44000FFF7ACFE3020FFF7A9FE3920FFF7A6FE5C
:10D450003F20FFF7A3FE0020FFF7A0FE0720FFF705
:10D460009DFE0320FFF79AFE1020FFF797FEF020A5
:10D47000FFF781FE0120FFF791FEF620FFF77BFE0C
:10D480000020FFF78BFE3A20FFF775FE0520FFF71F
:10D4900085FE3620FFF76FFEA020FFF77FFE00BF5E
:10D4A00080BD80B500AFFFF7E0FEFFF7FFFEFFF79E
:10D4B00010FF1120FFF75FFE7820FAF7A1FF292067
:10D4C000FFF759FE1420FAF79BFF00BF80BD80B51F
:10D4D00000AFFFF7F3FDFFF7EAFD00BF80BD80B5A9
:10D4E00000AFFFF7DDFD00BF80BD80B582B000AFAB
:10D4F0000346FB80FB881B0A9BB2DBB21846FFF792
:10D5000015FEFB88DBB21846FFF710FE00BF083798
:10D51000BD4680BD80B584B000AF0346FB807F234D
:10D520009F2200210020FFF74CFEFFF7D0FF0023D1
:10D53000FB6006E0FB881846FFF7D7FFFB68013366
:10D54000FB60FB68B3F5A04FF4D3FFF7C8FF00BF43
:10D550001037BD4680BD80B483B000AF0346FB7179
:10D56000FB79DB08DBB21BB2DB021AB2FB799B084A
:10D57000DBB21BB25B011BB213431AB2FB79DB08AF
:10D58000DBB21BB213431BB29BB218460C37BD462D
:10D590005DF8047B704780B584B000AF78607B682D
:10D5A000002B27D010237B8100233B817B897F3395
:10D5B0009AB23B897F339BB239897889FFF701FEA4
:10D5C000FFF785FF0023FB600DE07A68FB681344DA
:10D5D0001B781846FFF7BFFF03461846FFF785FF85
:10D5E000FB680133FB60FB68B3F5804FEDD3FFF7B9
:10D5F00076FF00E000BF1037BD4680BD90B585B016
:10D6000000AF0446084611461A462346FB800346EF
:10D61000BB800B467B8013463B807B88002B2CD045
:10D62000FB889F2B29D8BB887F2B26D8FA887B883C
:10D630001344A02B03D9FB88C3F1A0037B80FA8895
:10D640007B8813449BB2013B9AB2BB88B988F888A7
:10D65000FFF7B7FDFFF73BFF0023FB8106E03B88A8
:10D660001846FFF742FFFB890133FB81FA897B886B
:10D670009A42F4D3FFF733FF00E000BF1437BD46F2
:10D6800090BD90B585B000AF0446084611461A46D5
:10D690002346FB800346BB800B467B8013463B80C2
:10D6A0007B88002B2CD0FB889F2B29D8BB887F2B15
:10D6B00026D8BA887B881344802B03D9BB88C3F152
:10D6C00080037B80BA887B8813449BB2013B9BB26A
:10D6D000FA88B988F888FFF774FDFFF7F8FE002391
:10D6E000FB8106E03B881846FFF7FFFEFB8901330C
:10D6F000FB81FA897B889A42F4D3FFF7F0FE00E0C1
:10D7000000BF1437BD4690BD90B583B000AF04464E
:10D71000084611461A462346FB800346BB800B464B
:10D720007B8013463B807B88002B36D03B88002BC8
:10D7300033D03B8B7A88B988F888FFF75FFF3B8846
:10D74000012B0AD9BA883B8813449BB2013B99B29A
:10D750003B8B7A88F888FFF751FF3B88022B1DD955
:10D76000BB88013399B23B88023B9AB23B8BF88865
:10D77000FFF787FF7B88012B10D9FA887B88134439
:10D780009BB2013B98B2BB88013399B23B88023B04
:10D790009AB23B8BFFF775FF00E000BF0C37BD4628
:10D7A00090BD00BF80B400AF00BF054B1B68002BCD
:10D7B000FBD000BF00BFBD465DF8047B704700BFD3
:10D7C00000E4014080B500AFFFF7ECFF034B0022FF
:10D7D0001A60FFF7E7FF00BF80BD00BF04E501400E
:10D7E00080B582B000AF78607B68C3F30B03002B79
:10D7F00002D04FF0FF330EE0FFF7D4FF084B0222B8
:10D800001A60FFF7CFFF074A7B681360FFF7CAFF74
:10D81000FFF7D8FF002318460837BD4680BD00BF7C
:10D8200004E5014008E5014080B582B000AF7860B2
:10D8300039607B6803F00303002B02D04FF0FF3305
:10D840000EE0FFF7AFFF084B01221A60FFF7AAFFB7
:10D850007B683A681A60FFF7A5FFFFF7B3FF002364
:10D8600018460837BD4680BD04E5014080B487B046
:10D8700000AFF860B9607A601CE0BB685A1CBA60FF
:10D880001B781A46FB685340FB600023FB750EE0D3
:10D89000FB6803F001035B423B61FB685A0839698E
:10D8A0000A4B0B405340FB60FB7D0133FB75FB7D56
:10D8B000072BEDD97B685A1E7A60002BDDD1FB68FF
:10D8C00018461C37BD465DF8047B70472083B8EDD1
:10D8D00080B584B000AF786039604FF0FF33FB60F3
:10D8E0003A687968F868FFF7C1FFF860FB68DB43C6
:10D8F00018461037BD4680BD80B485B000AFF860D3
:10D90000B9607A60FB68B3F5806F01D200230EE046
:10D91000FA687B689A4201D9002308E07A68FB68BC
:10D92000D31ABA689A4201D9002300E001231846AD
:10D930001437BD465DF8047B704780B58AB000AFF0
:10D9400078607B68B3F5C82F05D07B68B3F5DC2F12
:10D9500001D000239BE17B684FF4806219469D480B
:10D9600000F0AEFF9B4B3B623B6A04229A4918468B
:10D9700001F0D8F80346002B01D0002387E13B6A71
:10D980009B88012B0DD13B6ADB88B3F5806F08D1F2
:10D990003B6A9B68914A934203D13B6A9B8A162B50
:10D9A00001D0002373E13B6ADB68B3F5806F04D3D9
:10D9B0003B6ADB68B3F5204F01D9002367E13B6A7E
:10D9C000DB6FFB613B6A0022DA674FF48061386AE3
:10D9D000FFF77EFFB861BA69FB699A4201D0002364
:10D9E00055E13B6AFA69DA673B6A93F82F30002BFE
:10D9F00001D000234BE13B6AD3ED0C7AF5EEC07AFF
:10DA0000F1EE10FAACBF01230023DBB283F0010377
:10DA1000DBB2002B11D13B6AD3ED0C7AB7EE007A62
:10DA2000F4EEC77AF1EE10FA94BF01230023DBB2C3
:10DA300083F00103DBB2002B01D0002327E13B6A16
:10DA4000D3ED0D7AF5EEC07AF1EE10FAACBF0123FA
:10DA50000023DBB283F00103DBB2002B11D13B6A60
:10DA6000D3ED0D7AB7EE007AF4EEC77AF1EE10FA44
:10DA700094BF01230023DBB283F00103DBB2002B50
:10DA800001D0002303E13B6AD3ED0E7AF5EEC07AB4
:10DA9000F1EE10FAACBF01230023DBB283F00103E7
:10DAA000DBB2002B11D13B6AD3ED0E7AB7EE007AD0
:10DAB000F4EEC77AF1EE10FA94BF01230023DBB233
:10DAC00083F00103DBB2002B01D00023DFE03B6ACF
:10DAD000D3ED0F7AF5EEC07AF1EE10FAACBF012368
:10DAE0000023DBB283F00103DBB2002B11D13B6AD0
:10DAF000D3ED0F7AB7EE007AF4EEC77AF1EE10FAB2
:10DB000094BF01230023DBB283F00103DBB2002BBF
:10DB100001D00023BBE03B6A93F84030002B04D0D7
:10DB20003B6A93F84030202B01D90023AFE000235B
:10DB30007B6292E07A6A13469B001344DB008033D9
:10DB40003A6A1344BB60BB685A6825497B6A51F83E
:10DB500023309A4207D1BB68DA6822497B6A51F8C0
:10DB600023309A4201D0002391E0BB681868BB685B
:10DB700059683B6ADB681A46FFF7BEFE0346002B76
:10DB800026D0BB689868BB68DB6899003B6ADB6895
:10DB90001A46FFF7B1FE0346002B19D0BB6818697F
:10DBA000BB68DB6899003B6ADB681A46FFF7A4FE96
:10DBB0000346002B0CD0BB685869BB68DB68990032
:10DBC0003B6ADB681A46FFF797FE0346002B0BD132
:10DBD00000235CE0C46E00209C100100A8288FE8A0
:10DBE000EC0F010044100100BB689B6803F00303C5
:10DBF000002B0BD1BB681B6903F00303002B05D17D
:10DC0000BB685B6903F00303002B01D000233EE0F7
:10DC1000BB68D3ED067AF5EEC07AF1EE10FACCBF10
:10DC200001230023DBB283F00103DBB2002B0FD111
:10DC3000BB68D3ED077AF5EEC07AF1EE10FACCBFEF
:10DC400001230023DBB283F00103DBB2002B01D000
:10DC500000231CE07B6A01337B627B6A152B7FF615
:10DC600069AF7B6803F580637B613B6ADB68A3F582
:10DC700080633B6139697869FFF72AFEF8603B6A87
:10DC80001B69FA689A4201D0002300E0012318467C
:10DC90002837BD4680BD80B58CB000AF7860396054
:10DCA0004FF4C623FB614FF48073BB610023FB621A
:10DCB0000023BB62002387F8273000233B623AE051
:10DCC0003B6A1B01FA6913447B617B691B68B3F1F2
:10DCD000FF3F35D07B691B68224A934223D10C2138
:10DCE0007869FFF7F5FD38617B69DB683A699A422C
:10DCF0001BD17B699B68FB73FB7B412B02D0FB7BB9
:10DD0000422B14D1FB6A002B04D07B695B68BA6A92
:10DD10009A420DD20123FB627B695B68BB62FB7B8D
:10DD200087F8273004E000BF02E000BF00E000BF3A
:10DD30003B6A01333B623A6ABB699A42C0D300E056
:10DD400000BFFB6A002B01D1002307E07B6897F836
:10DD500027201A703B68BA6A1A60012318463037C8
:10DD6000BD4680BD434D544180B58EB000AF0346E3
:10DD7000FB71344BFB60344B1B6801333B61FB7917
:10DD80007B6107F10C030C211846FFF7A1FD034648
:10DD9000BB614FF4C623BB624FF480737B627B6A26
:10DDA0007B6300233B630DE03B6B1B01BA6A1344AA
:10DDB0001B68B3F1FF3F02D13B6B7B6306E03B6B1B
:10DDC00001333B633A6B7B6A9A42EDD37A6B7B6A91
:10DDD0009A420BD14FF4C620FFF702FD0346002BF9
:10DDE00002D04FF0FF3328E000237B637B6B03F509
:10DDF000C6431B013B6207F10C03FB610023FB627E
:10DE000014E0FB6A9A003B6AD018FB6A9B00FA692F
:10DE100013441B681946FFF707FD0346002B02D089
:10DE20006FF0010309E0FB6A0133FB62FB6A032B1D
:10DE3000E7D93B69044A1360002318463837BD46CA
:10DE400080BD00BF434D5441C472002080B483B0F4
:10DE500000AF0346FB71FB79422B02D14FF4DC2368
:10DE600001E04FF4C82318460C37BD465DF8047B2B
:10DE7000704780B582B000AF0346FB71064AFB795C
:10DE80001370FB791846FFF7E1FF0346034A13605E
:10DE900000BF0837BD4680BDC8720020CC7200208C
:10DEA00080B584B000AF0023FB7200237B603A1D75
:10DEB00007F10B0311461846FFF7EDFEF860FB680B
:10DEC000002B01D07B6800E000231C4A1360FB6834
:10DED000002B10D0FB7A1846FFF7B8FF0346184610
:10DEE000FFF72BFD0346002B05D0FB7A1846FFF702
:10DEF000C0FF01231EE04FF4C820FFF71EFD0346BC
:10DF0000002B04D04120FFF7B4FF012312E04FF4AF
:10DF1000DC20FFF712FD0346002B04D04220FFF760
:10DF2000A8FF012306E0064B00221A70054B0022D1
:10DF30001A60002318461037BD4680BDC472002009
:10DF4000C8720020CC72002080B400AF054B1B6863
:10DF5000002B14BF01230023DBB21846BD465DF839
:10DF6000047B7047CC72002080B400AF034B1B7859
:10DF70001846BD465DF8047B704700BFC87200209C
:10DF800080B500AFFFF7E0FF0346002B01D100236F
:10DF900001E0024B1B68184680BD00BFCC72002018
:10DFA00080B584B000AF0346FB71FFF7E9FFF8606E
:10DFB000FB68002B02D0FB79152B01D9002307E069
:10DFC000FA7913469B001344DB008033FA6813444C
:10DFD00018461037BD4680BD80B584B000AF0346FB
:10DFE000FB71FB791846FFF7DBFFF860FB68002B3D
:10DFF00001D1002304E0FB681A68034B1B6813443B
:10E0000018461037BD4680BDCC72002080B584B064
:10E0100000AF0346FB71FB791846FFF7C1FFF860BC
:10E02000FB68002B01D1002304E0FB689A68034BD6
:10E030001B68134418461037BD4680BDCC720020C3
:10E0400080B584B000AF0346FB71FB791846FFF73B
:10E05000A7FFF860FB68002B01D1002304E0FB68F8
:10E060001A69034B1B68134418461037BD4680BD20
:10E07000CC72002080B584B000AF0346FB71FB7901
:10E080001846FFF78DFFF860FB68002B01D10023D5
:10E0900004E0FB685A69034B1B68134418461037A9
:10E0A000BD4680BDCC72002080B582B000AFFFF7C6
:10E0B00067FF78607B68002B02D07B68183300E034
:10E0C000024B18460837BD4680BD00BFA4100100B2
:10E0D00080B582B000AFFFF753FF78607B68002BFC
:10E0E00002D07B681B6B01E04FF07C5307EE903A47
:10E0F000B0EE670A0837BD4680BD80B582B000AF7C
:10E10000FFF73EFF78607B68002B02D07B685B6B7B
:10E1100000E0044B07EE903AB0EE670A0837BD46C0
:10E1200080BD00BF3333B33E80B582B000AFFFF790
:10E1300027FF78607B68002B02D07B689B6B00E038
:10E14000034B07EE903AB0EE670A0837BD4680BD34
:10E15000CDCC4C3D80B582B000AFFFF711FF7860A9
:10E160007B68002B02D07B68DB6B00E0034B07EE83
:10E17000903AB0EE670A0837BD4680BDCDCC4C3D25
:10E1800080B582B000AFFFF7FBFE78607B68002BA4
:10E1900003D07B6893F8403000E01023184608371E
:10E1A000BD4680BD80B586B000AF786039607B68C1
:10E1B000B3F5806F03D37B68B3F5204F02D94FF0DE
:10E1C000FF334CE0284B1B78412B02D14223FB75D7
:10E1D00008E0254B1B78422B02D14123FB7501E05F
:10E1E0004123FB75FB7D1846FFF730FEF8607B6826
:10E1F00003F6FF7323F47F6323F00F03BB60002358
:10E200003B610FE0FA683B6913441846FFF7E8FAF0
:10E210000346002B02D06FF0010320E03B6903F5B9
:10E2200080533B613A69BB689A42EBD30F4AFB7D4E
:10E2300013700F4AFB6813600E4A7B6813600E4B25
:10E2400000221A600D4B00221A700D4AFB68136001
:10E250003B68002B02D03B68FA7D1A7000231846F9
:10E260001837BD4680BD00BFC8720020D0720020A4
:10E27000D4720020D8720020DC720020E4720020EA
:10E28000E872002080B584B000AF78607B681B78AE
:10E290001A467B6801331B781B021A437B680233E2
:10E2A0001B781B041A437B6803331B781B0613433C
:10E2B000FB600B4B1B68F9681846FFF7B5FA03467D
:10E2C000002B02D04FF0FF3305E0054B1B680433F1
:10E2D000034A1360002318461037BD4680BD00BFB7
:10E2E000E872002080B584B000AF786039607B6848
:10E2F000002B02D03B68002B02D14FF0FF333BE0F4
:10E300001F4B1B68002B07D01E4B1A683B681A4432
:10E310001D4B1B689A4202D96FF001032CE00023C9
:10E32000FB6024E07A68FB681A44184B1B78591C80
:10E33000C8B21649087019461278154B5A54114B39
:10E340001B6801330F4A1360104B1B78042B0BD151
:10E350000F48FFF797FF0346002B02D06FF0020330
:10E360000AE00A4B00221A70FB680133FB60FA686E
:10E370003B689A42D6D3002318461037BD4680BD6D
:10E38000D4720020DC720020D8720020E4720020D9
:10E39000E072002080B582B000AF7860304B1B681F
:10E3A000002B02D14FF0FF3356E02E4B1A682E4B54
:10E3B0001B689A4202D06FF001034DE02B4B1B7893
:10E3C000002B1AD009E0294B1B785A1CD1B2274ADE
:10E3D00011701A46264BFF219954244B1B78032BAE
:10E3E000F1D92348FFF74EFF0346002B02D06FF010
:10E3F000020331E01D4B00221A70194B1B681846AE
:10E40000FFF79BFA0346002B02D16FF0030323E0D2
:10E41000184B1B781846FFF7A7FC0346002B02D0C9
:10E420006FF0040318E0134B1B781846FFF721FD2B
:10E430007B68002B03D00F4B1A787B681A700D4B4A
:10E4400000221A70064B00221A60074B00221A6045
:10E45000044B00221A60002318460837BD4680BDD1
:10E46000D4720020DC720020D8720020E4720020F8
:10E47000E0720020D072002080B400AF0B4B00226D
:10E480001A700B4B00221A600A4B00221A600A4BCA
:10E4900000221A60094B00221A70094B00221A60F0
:10E4A00000BFBD465DF8047B704700BFD0720020FE
:10E4B000D4720020D8720020DC720020E4720020A8
:10E4C000E872002080B400AF034B1B681846BD46BD
:10E4D0005DF8047B704700BFDC72002080B400AFA1
:10E4E000034B1B681846BD465DF8047B704700BFB0
:10E4F000D872002008B52DED028BF0EE408AB0EE08
:10E50000608A00F08DF820B9B0EE480ABDEC028BAD
:10E5100008BDB0EE480A00F083F858B1F4EEC88A9E
:10E52000F1EE10FA48BFB0EE688AB0EE480ABDECD2
:10E53000028B08BDB0EE688AB0EE480ABDEC028BD3
:10E5400008BD00BF08B52DED028BF0EE408AB0EE9D
:10E55000608A00F065F820B9B0EE480ABDEC028B85
:10E5600008BDB0EE480A00F05BF858B1F4EEC88A76
:10E57000F1EE10FAC8BFB0EE688AB0EE480ABDEC02
:10E58000028B08BDB0EE688AB0EE480ABDEC028B83
:10E5900008BD00BF08B52DED028BB0EE408A00F03B
:10E5A0005BF8F0EE408AB0EE480A00F02FF868B150
:10E5B000DFED127AB4EEE78AF1EE10FA0BDCDFED54
:10E5C000107AB4EEE78AF1EE10FA0FD4B0EE680AD2
:10E5D000BDEC028B08BDDFED0B8A00F0D1FAB0EE86
:10E5E000680ABDEC028B2223036008BD00F0C8FA64
:10E5F0002223DFED058A0360E8E700BF1772B1420E
:10E60000B5F1CFC20000807F0000000010EE103A8C
:10E6100023F00040B0F1FF4F2CBF002001207047D5
:10E6200010EE103A33F000400ED0A0F50003B3F125
:10E63000FE4F0DD3074B421E9A4207D9A0F1FF406F
:10E64000B0FA80F0400970470220704703207047FD
:10E6500004207047FEFF7F0010EE103A23F00042C6
:10E66000B2F1FF4F53D84FEAD37100F09280614866
:10E67000834200F38480002BC0F284805E4B9A4278
:10E6800048D95E4B9A4200F297805D4A02EB8102C4
:10E69000D2ED004AD2ED027A81F0010370EE644AB5
:10E6A0005B1A34EEE70ADFED576A9FED575ADFED4C
:10E6B000575A9FED576A20EE007AA7EE265ADFEDF3
:10E6C000556AE5EE075AE5EE876AA6EE876AF0EE30
:10E6D000406AE6EE476A20EE266A002B42D0B0EE92
:10E6E000007A37EE667AB7EE000AC6EE076A13F1D3
:10E6F0007D0F77EEE67A77EEE47A30EE670A4FDB4D
:10E7000010EE102A02EBC35300EE103A704730EEC1
:10E71000000A7047B2F1505F0AD2DFED3F7A70EE27
:10E72000277AB7EE007AF4EEC77AF1EE10FA5DDCE4
:10E7300060EE007A9FED337ADFED335A9FED336A56
:10E74000DFED346AE7EE875A9FED317AA7EEA56ACE
:10E75000E7EE866AA7EEA67AF0EE406AE7EEC76AB1
:10E7600020EE266AF0EE007A76EEE76AB7EE007ADF
:10E77000C6EE267A77EEC07A37EE670A7047002039
:10E7800000F07AB8254B9A427FF678AF002000F06F
:10E790006DB8DFED237A002918BFB0EE670A704725
:10E7A00010EE102A643302EBC353DFED1E7A00EE45
:10E7B000103A20EE270A7047114B9FED1B7ADFEDD0
:10E7C0001B6A03EB8103D3ED047AE0EE077A9FED39
:10E7D000187AFDEEE77AF0EE404A17EE903AF8EE3E
:10E7E000E77AE7EEE64A67EE877A5AE730EE070AFD
:10E7F000704700BF1772B1421872B13E9115853F44
:10E80000F41001004CBB31330EEADDB555B38A3844
:10E81000ABAA2A3E610B36BBCAF24971B5F1CF42B1
:10E82000000000000000800D3BAAB83F8071313F1E
:10E83000D1F7173710B52DED028BB0EE408A0446A4
:10E8400000F09EF9B0EE480ABDEC028B046010BDEA
:10E8500028B1F1EE407A27EE800A2220EAE7F0EEB6
:10E86000407A27EE800A2220E4E700BF9FED010AEC
:10E87000EEE700BF000000109FED010AE8E700BFCF
:10E880000000007000289FED060AF7EE007ABFEE48
:10E89000007A18BFF0EE477A87EE800A2220C9E797
:10E8A00000000000F0EE407A30EE407AF4EE677A35
:10E8B000F1EE10FA87EE070A01D62120BAE7704779
:10E8C000844641EA000313F003036DD1403A41D37B
:10E8D00051F8043B40F8043B51F8043B40F8043B3A
:10E8E00051F8043B40F8043B51F8043B40F8043B2A
:10E8F00051F8043B40F8043B51F8043B40F8043B1A
:10E9000051F8043B40F8043B51F8043B40F8043B09
:10E9100051F8043B40F8043B51F8043B40F8043BF9
:10E9200051F8043B40F8043B51F8043B40F8043BE9
:10E9300051F8043B40F8043B51F8043B40F8043BD9
:10E9400051F8043B40F8043B51F8043B40F8043BC9
:10E95000403ABDD2303211D351F8043B40F8043B69
:10E9600051F8043B40F8043B51F8043B40F8043BA9
:10E9700051F8043B40F8043B103AEDD20C3205D379
:10E9800051F8043B40F8043B043AF9D2043208D071
:10E99000D2071CBF11F8013B00F8013B01D30B88E3
:10E9A00003806046704700BF082A13D38B078DD0C1
:10E9B00010F003038AD0C3F10403D21ADB071CBF93
:10E9C00011F8013B00F8013B80D331F8023B20F8FD
:10E9D000023B7BE7043AD9D3013A11F8013B00F836
:10E9E000013BF9D20B7803704B7843708B788370BE
:10E9F000604670478842F0B514D98B18834211D90C
:10EA0000032A00EB020166D802F1FF3C4AB16FEA2B
:10EA10000C0C0A469C4413F8011D02F8011D6345C5
:10EA2000F9D1F0BD032A0FD8034602F1FF3C002ABA
:10EA3000F7D00CF1010C013B8C4411F8012B03F8C9
:10EA4000012F6145F9D1F0BD41EA00039B073ED19A
:10EA50000F2A64D9A2F1100301F1100423F00F036F
:10EA60002031A446194400F1100E5CF8105C4EF8F9
:10EA7000105C5CF80C5C4EF80C5C5CF8085C4EF8C2
:10EA8000085C5CF8045C4EF8045C0CF1100C8C45DE
:10EA90000EF1100EE9D1E11812F00C0F034402F050
:10EAA0000F0E03F1100338D02EF00305043D1A1F9A
:10EAB0005E198C465CF8044B42F8044FB242F9D11F
:10EAC0000431043329442B440EF00302ADE702F174
:10EAD000FF3C0346ADE741EA0304A4071F4602D00A
:10EAE00002F1FF3C93E7A2F1040E2EF003068E1B09
:10EAF0004FEA9E0E8C46644653F8045D4CF8045D64
:10EB0000B442F8D1CEEB8E7301EB830107EB8307A0
:10EB10003B1F043902F0030276E7724685E703469D
:10EB20009646C1E7032A30B412D941EA0004A4078B
:10EB300084460B4621D11946604653F8044B5CF8D5
:10EB4000045BA54219D1043A032AF4D86046194659
:10EB5000541E7AB1431E0139021901E09A4209D0CC
:10EB600013F8010F11F801CF6045F7D0A0EB0C00AE
:10EB700030BC7047002030BC7047541EEAE700BF2D
:10EB8000014B1868704700BF18010020830730B59B
:10EB900046D08418844604E003F8011B9D0704D086
:10EBA0009C46A4456346F7D130BD013A0244A2EB2E
:10EBB0000C02032A29D9CCB204EB04240F2A04EB5B
:10EBC00004442FD9A2F1100C2CF00F0C03F1100506
:10EBD000AC44C3E90044C3E9024410336345F8D1AF
:10EBE00012F00C0F02F00F0E18D02EF0030C9C4404
:10EBF000AEF104051A4642F8044B6245FBD125F0FC
:10EC0000030404330EF003022344002ACCD0C9B21B
:10EC10001A4403F8011B9342FBD130BD7246F4E75E
:10EC20000346C6E79646E0E780B500AF1C4B1B687D
:10EC3000002B17D01B4801F089FD1B4801F086FD11
:10EC40001A4801F083FD1A4801F080FD194801F0CF
:10EC50007DFD194801F07AFD184801F077FD18484C
:10EC600001F074FD0F4801F050FD0F4801F04DFD1B
:10EC70000E4801F04AFD0E4801F047FD0D4801F035
:10EC800044FD0D4801F041FD0C4801F03EFD0C48EB
:10EC900001F03BFD024B01221A6000BF80BD00BFA6
:10ECA00068750020287400205074002078740020BB
:10ECB000A0740020C8740020F07400201875002093
:10ECC00040750020B0B584B000AFF860B96011465F
:10ECD0001A460B46FB711346BB80FB68334A1C4641
:10ECE00015460FCD0FC40FCD0FC40FCD0FC495E83F
:10ECF000030084E80300FB68BA881A80FB683A8C3A
:10ED00005A80FB68BA8C9A80FB680022DA80BB6864
:10ED1000DB689AB2FB685A83FB791846FFF75CF907
:10ED20000246FB689A60FB791846FFF76FF90246C6
:10ED3000FB68DA60FB791846FFF782F90246FB6848
:10ED40001A61FB791846FFF795F90246FB685A618C
:10ED5000BB689A69FB68DA61BB681A6AFB685A6229
:10ED6000BB68DA69FB681A62BB685A6AFB689A6218
:10ED7000BB6A002B02D0BB685B6A01E06FF07F03C7
:10ED8000FA68D362FB687F221A63FB6801229A86C5
:10ED9000BB6A002B01D0012200E00022FB681A763A
:10EDA00000BFF8681037BD46B0BD00BFAC10010011
:10EDB00080B584B000AFF860B96087ED010A3A60B1
:10EDC00028220021F868FFF7E1FEFB68BA681A60A4
:10EDD000FB684FF480425A60FB6801221A83FB688B
:10EDE00080225A83FB6802221A77FB687A681A62CB
:10EDF000FB683A685A6200BF1037BD4680BD00000C
:10EE000080B5A6B004AF786039600020FFF7C8F87D
:10EE1000C7F884000120FFF7C3F8C7F88000D7F8CF
:10EE20008430002B03D0D7F88030002B02D14FF074
:10EE3000FF338EE0D7F88430D3ED077AD7F88430EB
:10EE40005B6AB0EE670A40220821386801F0FBFCDB
:10EE50000346002B0CBF01230023DBB2002B02D0A2
:10EE60006FF0010375E007F14400012302930223D0
:10EE700001934FF6FF73009303230022D7F8841009
:10EE8000FFF720FF07F14403344A1946786801F080
:10EE90008AF80346402B14BF01230023DBB2002B6A
:10EEA00002D06FF0020354E04FF48043FB673B68ED
:10EEB0001B68002B03D0294B1B68002B02D16FF07D
:10EEC000030346E03B681B68244A11684FF4804204
:10EED0001846FFF7F5FC214801F038FC07F10C005B
:10EEE00001230293022301934FF6FF730093032340
:10EEF0000122D7F88010FFF7E5FE07F10C03184A4E
:10EF00001946786801F04FF80346402B14BF0123DF
:10EF10000023DBB2002B02D06FF0040319E03B6842
:10EF20001B68002B03D00E4B1B68002B02D16FF027
:10EF300005030EE03B681B6803F58043084A11682F
:10EF40004FF480421846FFF7BBFC054801F0FEFB7A
:10EF5000002318468837BD4680BD00BF7874002066
:10EF6000A074002080B5AAB004AFF860B960114663
:10EF70001A460B46FB711346BB71FB791846FFF727
:10EF80000FF8C7F89400BB791846FFF709F8C7F8DF
:10EF90009000D7F89430002B03D0D7F89030002B96
:10EFA00002D14FF0FF3399E007F14800FA790123CD
:10EFB0000293022301934FF6FF7300930323D7F8C4
:10EFC0009410FFF77FFE07F11000BA790123029336
:10EFD000022301934FF6FF7300930323D7F8901099
:10EFE000FFF770FE07F148033E4A1946F86800F043
:10EFF000DAFF03461A46B7F8A430934214BF012340
:10F000000023DBB2002B02D06FF0010366E007F1B2
:10F010001003354A1946F86800F0C5FF03461A4642
:10F02000B7F8A430934214BF01230023DBB2002BB6
:10F0300002D06FF0020351E0F86801F087FBD7F8C7
:10F040009430D3ED077AD7F894305B6AB7F8A420F0
:10F05000B7F8A010B0EE670AB86801F0F4FBC7F883
:10F060008C00D7F88C30002B02D16FF0030335E011
:10F07000B7F8A430B7F8A42002FB03F3C7F8883030
:10F08000D7F89430DA68D7F8883002FB03F3C7F872
:10F090008430D7F89030DA68D7F8883002FB03F371
:10F0A000C7F880300F4B1B68D7F884201946D7F873
:10F0B0008C00FFF705FCD7F88C20D7F88430134478
:10F0C000094A1168D7F880201846FFF7F9FB054870
:10F0D00001F03CFB044801F039FB00231846983747
:10F0E000BD4680BD78740020A074002080B5BAB001
:10F0F00004AFF860B96011461A460B46FB7113461F
:10F10000BB71FB791846FEF74BFFC7F8D400BB79FB
:10F110001846FEF745FFC7F8D00097F8E0301846CC
:10F12000FEF73EFFC7F8CC00D7F8D430002B07D04D
:10F13000D7F8D030002B03D0D7F8CC30002B02D139
:10F140004FF0FF33B3E0B86801F000FB5A4801F01C
:10F15000FDFA5A4801F0FAFA594801F0F7FA07F1B6
:10F160008400FA7901230293012301930123009380
:10F170000323D7F8D410FFF7A5FD07F184034E4A07
:10F180001946F86800F00FFF0346102B14BF012347
:10F190000023DBB2002B02D06FF0010387E007F100
:10F1A0004C00BA79012302930123019301230093B8
:10F1B0000323D7F8D010FFF785FD0123A7F880308F
:10F1C00007F14C033D4A1946F86801F071F803460F
:10F1D000102B14BF01230023DBB2002B02D06FF0F1
:10F1E000020364E0F86801F0B1FA07F1140097F83F
:10F1F000E0200123029301230193002300930123C4
:10F20000D7F8CC10FFF75EFD07F114032C4A19461E
:10F210002A4800F0C8FE0346102B14BF0123002328
:10F22000DBB2002B02D06FF0030340E0234801F073
:10F230008DFAD7F8CC30D3ED077AD7F8CC305B6AAB
:10F24000B0EE670A10222021B86801F0FCFAC7F876
:10F25000C800D7F8C830002B02D16FF0040326E0B5
:10F260004FF48073C7F8C4304FF40063C7F8C03060
:10F270004FF4C053C7F8BC300F4B1B684FF400620B
:10F280001946D7F8C800FFF71BFBD7F8C83003F5BD
:10F2900000630B4A11684FF4C0521846FFF710FB89
:10F2A000054801F053FA064801F050FA00231846C9
:10F2B000D837BD4680BD00BFC8740020F074002060
:10F2C0001875002090B5ADB004AFF860B9607A60F1
:10F2D0003B60FEF739FE0346002B0CBF01230023E1
:10F2E000DBB2002B02D06FF0630324E1FB68002B3C
:10F2F00005D07B68002B02D03B68002B02D14FF079
:10F30000FF3318E1BB68B3F5804F02D06FF0010303
:10F3100011E1FEF735FEC7F88C00D7F88C30002BD2
:10F3200002D16FF0640306E1FFF77EFCD7F88C3062
:10F330009B6C13F1800F02D06FF06503FBE000239C
:10F34000C7F89C3010E0FA68D7F89C3013441A785C
:10F35000F968D7F89C300B44803AD2B21A70D7F8CB
:10F360009C300133C7F89C30D7F89C20BB689A4288
:10F37000E9D3D7F88C30D3ED117AD7F88C309A6C6A
:10F3800007F15803B0EE670AF9681846FFF710FD59
:10F3900007F158036A491846FFF732FDC7F888009D
:10F3A000D7F88830002B03D0D7F888306E3BC2E006
:10F3B0002023019310230093032302226149604814
:10F3C000FFF7D0FDC7F88800D7F88830002B03D0AE
:10F3D000D7F88830783BAEE01023019320230093C8
:10F3E0000523042256495748FFF7BCFDC7F888009B
:10F3F000D7F88830002B03D0D7F88830823B9AE0CA
:10F40000514B07F148040FCB07C4238002341B0C77
:10F4100023704B4BC7F898304A4BC7F89430002301
:10F42000C7F8903046E0D7F8902013465B001344AD
:10F43000A0333B44583B1978D7F8902013465B0023
:10F440001344A0333B44573B1878D7F89020134619
:10F450005B001344A0333B44563B1B7800930346A8
:10F460000A46D7F89410D7F89800FFF73FFEC7F880
:10F470008800D7F88830002B0BD0D7F890306FF089
:10F48000090202FB03F3A3F1C802D7F88830134442
:10F4900051E0D7F89830C7F88030D7F89430C7F8E3
:10F4A0009830D7F88030C7F89430D7F890300133CF
:10F4B000C7F89030D7F89030042BB4DD1520FEF754
:10F4C0006FFDC7F88400D7F88430002B01D11F4BA3
:10F4D00031E007F110000023029301230193002380
:10F4E000009301231522D7F88410FFF7EBFB07F1F7
:10F4F0001003174A1946D7F8980000F054FD034648
:10F50000102B03D1124B1B68002B01D1012300E00B
:10F510000023002B02D06FF496730CE0D7F898000C
:10F5200001F014F90A4B1A687B681A603B684FF4C3
:10F53000A0621A6000231846A437BD4690BD00BFE4
:10F540002874002050740020E4100100D4FEFFFF56
:10F550004075002080B582B000AF786039603968AE
:10F560007868F1F731FC034618460837BD4680BD80
:10F5700080B582B000AF78607868F1F733FC00BFE7
:10F580000837BD4680BD80B483B000AF7860396075
:10F590003B68002B01D1002303E03B687A681A60C6
:10F5A000012318460C37BD465DF8047B7047000008
:10F5B00080B483B000AF7860074B1B68002B01D18B
:10F5C000002303E0044B1A687B68134418460C3789
:10F5D000BD465DF8047B70476C75002080B582B035
:10F5E00000AF0E4B1B697B6010E07B685B68002BF3
:10F5F00006D07B689B681846FFF7DAFF034600E0F9
:10F6000000237A6813607B681B697B607B68002B32
:10F61000EBD100BF00BF0837BD4680BD6C75002030
:10F6200080B584B000AF7860154B5B687A689A4209
:10F6300001D8012320E07B68FB60FB683F2B01D8E9
:10F640004023FB600E4B1B68F9681846FFF782FFEA
:10F65000B860BB68002B01D100230DE0084ABB68ED
:10F660001360074AFB685360054B9B690133044AEA
:10F670009361FFF7B3FF012318461037BD4680BDE5
:10F680006C75002080B500AF044B1B68002B03D1C4
:10F690004020FFF7C5FF00E000BF80BD6C75002073
:10F6A00080B483B000AF78607B68002B28D07B6883
:10F6B00000221A607B6800225A60144B9A687B68AB
:10F6C0009A60124B5A697B68DA607B6800221A6183
:10F6D0007B680F4A5A610D4B5B69002B04D00B4BC2
:10F6E0005B697A681A6102E0084A7B681361074A1D
:10F6F0007B685361054BDB680133044AD36000E04B
:10F7000000BF0C37BD465DF8047B70476C75002068
:10F710004641424E80B485B000AF78607B68002BD4
:10F7200001D1002310E00B4B1B69FB6008E0FA6875
:10F730007B689A4201D1012306E0FB681B69FB60EC
:10F74000FB68002BF3D1002318461437BD465DF843
:10F75000047B70476C75002080B586B000AFF86000
:10F76000B9607A60FB687B6120E07B68002B06D083
:10F770007B699A68BB681A447B699A6005E07B697B
:10F780009A68BB68D21A7B699A607B695B68002BB8
:10F7900006D07B699B681846FFF70AFF034600E026
:10F7A00000237A6913607B691B697B617B69002B8D
:10F7B000DBD100BF00BF1837BD4680BD80B582B029
:10F7C00000AF78607B68002B13D07868FFF7A2FF4A
:10F7D0000346002B14BF01230023DBB2002B02D011
:10F7E000786800F0B1F8FFF74DFF7868FFF758FF31
:10F7F00000E000BF0837BD4680BD000080B588B07E
:10F8000000AF786039607B68002B02D03B68002B2A
:10F8100001D1002391E07868FFF77CFF0346002BBD
:10F820000CBF01230023DBB2002B04D0FFF72AFF1B
:10F830007868FFF735FF7B685B683A689A4202D8C0
:10F840007B681B6879E00023FB600023BB6007F145
:10F850000C0319463868FFF796FE0346002B0AD0C2
:10F860007B685B6807F1080211461846FFF78BFEBC
:10F870000346002B01D1012300E00023002B01D01F
:10F8800000235AE0FA68BB68D31AFB612D4B9B68D2
:10F89000DB43FA699A4201D900234EE0294B9B6869
:10F8A000FA691344BB61B869FFF7BAFE0346002B3F
:10F8B0000CBF01230023DBB2002B01D000233CE06E
:10F8C0007B689A68BB6813447B611E4B9A687B69AE
:10F8D000D31A3B613B69002B18D01A4B1A6879691F
:10F8E000FB690B44D018174B1A687B6913443A69BB
:10F8F0001946FFF77FF8134BDB690133114AD361D7
:10F90000104B1A6A3B6913440E4A13627B681B69E9
:10F910000122F9691846FFF71FFF7B683A685A60B1
:10F920007B689B681846FFF743FE02467B681A60B7
:10F93000044ABB6993607B681B6818462037BD4644
:10F9400080BD00BF6C75002080B586B000AF7860C8
:10F950007B68002B00F0AD807868FFF7DBFE034684
:10F96000002B0CBF01230023DBB2002B06D07B68E9
:10F9700000221A607B6800225A609DE00023FB6031
:10F980007B685B6807F10C0211461846FFF7FBFD28
:10F990000346002B0CBF01230023DBB2002B40F0F9
:10F9A0008A807B689A68FB6813447B61444B9A6841
:10F9B0007B69D31A3B61FB68002B1AD03B69002B93
:10F9C00017D03F4B1A687B689B68D0183C4B1A686D
:10F9D0007B6913443A691946FFF70CF8384BDB6929
:10F9E0000133374AD361364B1A6A3B691344344AB0
:10F9F0001362FB68002B0CD07B681B69F96800223E
:10FA00001846FFF7A9FE2E4B9A68FB68D31A2C4ABA
:10FA100093607B68DB68002B05D07B68DB687A68C5
:10FA200012691A6103E07B681B69254A13617B68D0
:10FA30001B69002B05D07B681B697A68D268DA6085
:10FA400003E07B68DB681E4A53611D4BDB68002BBB
:10FA500004D01B4BDB68013B194AD3607B68002252
:10FA60001A607B6800225A607B6800229A607B687B
:10FA70000022DA607B6800221A617B6800225A61EA
:10FA80000F4BDB68002B17D10D4B1B681846FFF797
:10FA90006FFD0B4B00221A60094B00225A60084B85
:10FAA00000229A60064B00221A61054B00225A611F
:10FAB00002E000BF00E000BF1837BD4680BD00BFB8
:10FAC0006C75002080B483B000AFC7E90001D7E9AE
:10FAD0000023B2F1004F73F1000302DB6FF000432B
:10FAE0000AE0D7E90023B2F1004F73F1FF3302DAE5
:10FAF0004FF0004300E03B6818460C37BD465DF808
:10FB0000047B704780B584B000AF87ED010AC7ED74
:10FB1000000A97ED017AD7ED007A77EE677AF0EE7A
:10FB2000E77AC7ED037AD7ED017AB0EEE77AD7ED41
:10FB3000007AF0EEE77AF0EE670AB0EE470AFEF7D9
:10FB400001FDF0EE407AF7EE000AB0EE670AFEF72C
:10FB5000F9FC87ED020AD7ED027A9FED097A67EE8C
:10FB6000877A97ED037AB4EEE77AF1EE10FA94BF54
:10FB700001230023DBB218461037BD4680BD00BF0D
:10FB8000BD37863580B584B000AFF86087ED020AD6
:10FB90007960FB68002B12D0FB68D3ED087AD7EDB3
:10FBA000020AB0EE670AFFF7ADFF0346002B06D04E
:10FBB000FB685B6A7A689A4201D1012300E0002366
:10FBC00018461037BD4680BD2DE9B04F88B000AF54
:10FBD000F860B9607A603B607A68B968F86800F0EC
:10FBE00044FDF861FB69DA17984691463B68DA17DD
:10FBF0001C46154618EB040A49EB050BC7E904AB94
:10FC0000D7E90401FFF75EFFF861FA693B6C9A429D
:10FC100001DA3B6CFB61FA697B6C9A4201DD7B6C1B
:10FC2000FB61FB6913F1800F02DA6FF07F03FB6168
:10FC3000FB697F2B01DD7F23FB61FB6918462037C1
:10FC4000BD46BDE8B08F000090B486B000AF04465A
:10FC5000084611461A462346FB800346BB800B46E6
:10FC60007B8013463B803B6A002B08D0FB88002B2F
:10FC700005D0BB88002B02D03B88002B01D100238C
:10FC800064E07B884FF6FF7293423CD1FA883B8850
:10FC900013445A1E3B88B2FBF3F33B613B69002BD4
:10FCA00007D03B69013B3A8803FB02F2BB8813444F
:10FCB00000E00023FB60FB88FA689A4203D9FB88C6
:10FCC000FA68D31A00E00023BB603B69B3F5803FBC
:10FCD00003D2BB68204A934201D9002336E03B6936
:10FCE0009AB23B6A1A80BB685B089AB23B6A5A8038
:10FCF000BB689AB2BB685B089BB2D31A9AB23B6AE4
:10FD00009A80012322E0FA88BB88D21A7B885B00A4
:10FD100013447B617B69002B01DA002316E03B88EA
:10FD20007A6992FBF3F39BB201339AB23B6A1A8071
:10FD30003B6A7A889A803B6A9A883B6A5A803B6A17
:10FD40001B88002B14BF01230023DBB21846183791
:10FD5000BD4690BC704700BFFEFF01002DE9B04FCB
:10FD600094B000AFF8617B610B467B8313463B8305
:10FD7000D7F88830DA17BB60FA60D7E90223C7E901
:10FD800012233B8B3A8B02FB03F3FB63B7F8703013
:10FD9000B7F8702002FB03F3BB630023A7F84630DB
:10FDA00095E0B7F84630FA6B02FB03F3FA691344A7
:10FDB0007B63B7F84630BA6B02FB03F37A691344EE
:10FDC0003B630023A7F8443076E0B7F87430B7F807
:10FDD000802003FB02F2B7F844301A44B7F87C30B5
:10FDE000D31AFB62FB6A002B60DB3B8BFA6A9A42F8
:10FDF0005CDA0023A7F8423051E0B7F87830B7F862
:10FE0000802003FB02F2B7F842301A44B7F87C3086
:10FE1000D31ABB62BB6A002B3BDB3B8BBA6A9A42AC
:10FE200037DA3B8BFA6A03FB02F2BB6A13447A6B44
:10FE3000134493F900301A46D7F88430D31A7B6202
:10FE40007B6ADA1798469146B7F84430B7F87020C5
:10FE500003FB02F2B7F8423013443A6B134493F9B0
:10FE600000305BB2DA179A4693460AFB09F208FBA8
:10FE70000BF31344A8FB0A452B441D46D7E9122374
:10FE8000111939606B417B60D7E90023C7E9122360
:10FE900000E000BFB7F842300133A7F84230B7F8AE
:10FEA0004220B7F870309A42A7D300E000BFB7F8FD
:10FEB00044300133A7F84430B7F84420B7F8703025
:10FEC0009A4282D3B7F846300133A7F84630B7F8E4
:10FED00046207B8B9A42FFF464AFD7E91201FFF70B
:10FEE000F1FD034618465037BD46BDE8B08F80B5DA
:10FEF00090B008AFF8607B600B467B8113463B8176
:10FF0000FB68002B05D07B68002B02D0FB6C002B1C
:10FF100001D1002343E0FB681B68BB610023FB8326
:10FF200038E00023BB832EE0FB68198BFB685A8BFB
:10FF3000BB6A0693FB6B05933B8F04933B8903934A
:10FF4000BB8B0293FB8B0193BB8E00937B68B869DC
:10FF5000FFF704FF7861BB6C01937B6C00933B6CF3
:10FF60003A6BF96A7869FFF72FFE0146FB8B7A89B5
:10FF700003FB02F2BB8B1344FA6C13444AB21A70AF
:10FF8000BB8B0133BB83BA8B7B899A42CCD3FB8B6F
:10FF90000133FB83FA8B7B899A42C2D30123184633
:10FFA0002037BD4680BD2DE9F04198B00AAF786199
:10FFB0003961FA607B69002B2FD0FB68002B2CD0B5
:10FFC0007A69FB689A4228D07B691B68002B24D091
:10FFD0007B691B7F022B20D13B699B68002B1CD0C7
:10FFE0003B691B69002B18D03B695B69002B14D05F
:10FFF0003B695B8B002B10D03B69D3ED077A3B69E3
:020000021000EC
:100000005B6A1946B0EE670A7869FFF7BBFD0346E5
:1000100083F00103DBB2002B01D0012300E00023B9
:10002000002B01D000239AE07B69588B3B6919882B
:100030003B695A883B699C8807F118030093234663
:10004000FFF702FE034683F00103DBB2002B01D071
:10005000002384E03B69598B3A8B3B69D3ED087AE6
:100060003B699B6AB0EE670AF86800F0ECFB386306
:100070003B6B002B01D1002371E07B691B8B1A467F
:100080003B691B8802FB03F33A69128802FB03F306
:10009000FB623B8B3A8B02FB03F3BB620023FB86C4
:1000A00057E03B699A68FB8EF96A01FB03F313443E
:1000B0007B623B69DB68002B06D03B69DA68FB8E0C
:1000C0009B0013441B6800E000233B62B7F818E074
:1000D000B7F81A803B691A69FB8E9B0013441B68B2
:1000E000BB603A695169FA8E92000A441268396914
:1000F0000988386980883C69646A3D69AD6A3E69EF
:10010000F66A3B691B6B7B60B7F836C0BB6A03FBC2
:100110000CFC3B6B634409937B6808930796069538
:100120000594049003910292BB6801933B6A00938B
:100130007B6A424671467869FFF7D9FE034683F031
:100140000103DBB2002B01D0002308E0FB8E01335A
:10015000FB863B695B8BFA8E9A42A2D33B8B184697
:100160003837BD46BDE8F0812DE9B04F90B000AF03
:10017000F8617A611A460B467B8313463B83FB6921
:100180005B8B1A46FB695B8B02FB03F33B63FB69EA
:100190001A687B8B396B01FB03F31344FB627B6FA3
:1001A000DA17BB60FA60D7E90223C7E90E23002300
:1001B000FB866FE0B7F86030B7F86C2003FB02F203
:1001C000FB8E1A44B7F86830D31ABB62BB6A002BA7
:1001D0005CDBFB695B8B1A46BB6A934256DA0023F1
:1001E000BB864EE0B7F86430B7F86C2003FB02F230
:1001F000BB8E1A44B7F86830D31A7B627B6A002B37
:100200003BDBFB695B8B1A467B6A934235DAFB6901
:100210005B8B1A46BB6A03FB02F27B6A1344FA6AE1
:10022000134493F900301A463B6FD31A3B623B6A82
:10023000DA1798469146FB8E3A8B03FB02F2BB8E8F
:1002400013447A69134493F900305BB2DA179A4683
:1002500093460AFB09F208FB0BF31344A8FB0A457B
:100260002B441D46D7E90E23111939606B417B6081
:10027000D7E90023C7E90E2300E000BFBB8E01339E
:10028000BB86BA8E3B8B9A42ACD300E000BFFB8E9C
:100290000133FB86FA8E3B8B9A428BD3D7E90E0152
:1002A000FFF710FC034618464037BD46BDE8B08F47
:1002B000B0B598B006AFF860B9607A60FB68002B03
:1002C0002FD07B68002B2CD0FA687B689A4228D00C
:1002D000FB681B68002B24D0FB681B7F022B20D1FE
:1002E000BB689B68002B1CD0BB681B69002B18D017
:1002F000BB685B69002B14D0BB689B8E002B10D0B1
:10030000BB68D3ED077ABB685B6A1946B0EE670A33
:10031000F868FFF737FC034683F00103DBB2002BDC
:1003200001D0012300E00023002B01D00023E4E0F2
:10033000FB681B8B1A46BB689B8E02FB03F3FB63B7
:10034000BB685B8B002B02D0BB685B8B01E0FB6B57
:100350009BB27B87FB6BB3F5803F03D27B8FFA6B3D
:100360009A4201D00023C8E0FB68588BBB6819880B
:10037000BB685A88BB689C8807F11003009323462A
:10038000FFF762FC034683F00103DBB2002B01D0D0
:100390000023B2E03A8ABB68D3ED087ABB689B6A57
:1003A000798FB0EE670A786800F04DFA78637B6B5E
:1003B000002B01D10023A0E0BB681B881A46BB6854
:1003C0001B8802FB03F33B633B8A3A8A02FB03F37D
:1003D000FB620023A7F8463088E0BB689B8EB7F825
:1003E0004620B2FBF3F37B85BB689A68B7F84630CA
:1003F000396B01FB03F313447B62BB68DB68002BA2
:1004000007D0BB68DA68B7F846309B0013441B6816
:1004100000E000233B62B7F84630FA6A02FB03F3C0
:100420007A6B1344FB610023A7F8443054E00023A7
:10043000A7F8423046E0BB681D887B8ABA6892887C
:10044000B968496A7C8D386A0590049103920293D9
:10045000B7F842300193B7F8443000932B467A6ADC
:100460002146F868FFF780FEB861BB681A69B7F8E3
:1004700046309B0013441968BB685A69B7F8463088
:100480009B0013441868BB689C6ABB68DB6ABA6847
:10049000126B0192009323460246B869FFF794FB62
:1004A0000146B7F844303A8A03FB02F2B7F842300B
:1004B0001344FA6913444AB21A70B7F84230013350
:1004C000A7F842303B8AB7F842209A42B3D3B7F834
:1004D00044300133A7F844303B8AB7F844209A42AD
:1004E000A5D3B7F846300133A7F84630B7F8462011
:1004F0007B8F9A42FFF471AF3B8A18464837BD465E
:10050000B0BD80B483B000AFC7E90001D7E90023D4
:10051000B2F1004F73F1000302DB6FF000430AE019
:10052000D7E90023B2F1004F73F1FF3302DA4FF045
:10053000004300E03B6818460C37BD465DF8047B7D
:10054000704700002DE9B00F89B000AFF860B960C6
:10055000F968B1F1004F06D1B968B1F1004F02D18D
:100560006FF0004342E0F968C81788468146B968D1
:10057000C8170C46054604FB09F008FB05F10144C9
:10058000A8FB042319440B46C7E90623C7E9062341
:10059000D7E90623002B04DB4FF080424FF0000325
:1005A00002E0154A4FF0FF33C7E90423D7E90601FB
:1005B000D7E9042384183C6041EB03037B60D7E94F
:1005C0000023002B07DA6FF0004112EB010A43F120
:1005D000000B52465B464FF000004FF00001D00F79
:1005E00040EA4300D91702460B4613461846243703
:1005F000BD46BDE8B00F7047010000C080B487B0B1
:1006000000AF786039603B68002B01DC7B6826E036
:100610003B681F2B07DD7B68002B02DA4FF0FF33AE
:100620001DE000231BE001223B6802FA03F3013BBB
:100630007B617B687A6913403B617B695A087B6800
:10064000DB0F1344FB607A683B6842FA03F33969B5
:10065000FA68914201D9012200E0002213441846B1
:100660001C37BD465DF8047B70472DE9F0438BB025
:1006700000AFF860B9607A607B6823EAE373FB61DE
:100680007B685B4223EAE373BB61FB68DA17984639
:100690009146C7E90889FB691E2B0FDDD7E90823BE
:1006A000002B04DB6FF000424FF0000303E04FF03B
:1006B00000424FF0FF33C7E9082312E0D7E90823CF
:1006C000F969A1F12006C1F1200003FA01F502FA4F
:1006D00006F6354322FA00F0054302FA01F4C7E9B1
:1006E0000845D7E90801FFF70CFF7861B968786918
:1006F000FFF728FF3861B9693869FFF77FFF0346C4
:1007000018462C37BD46BDE8F08380B582B000AFF7
:1007100078607B68002B15D07B681846FFF74EF891
:100720007B6800225A837B685A8B7B681A837B68BC
:1007300000221A777B684FF07E521A627B68002293
:100740005A6200E000BF0837BD4680BD80B582B068
:1007500000AF78607B68002B15D07B681846FFF7E8
:10076000F3F87B6800225A837B685A8B7B681A8374
:100770007B6800221A777B684FF07E521A627B6892
:1007800000225A6200E000BF0837BD4680BD80B538
:1007900086B000AFF860084611461A4687ED000A99
:1007A00003467B810B463B811346FB71FB68002BA4
:1007B0001BD07B89002B18D03B89002B15D0D7ED9F
:1007C000007AF5EEC07AF1EE10FACCBF01230023D7
:1007D000DBB283F00103DBB2002B06D13B6A13F1DD
:1007E000800F02DB3B6A7F2B01DD002327E07B8942
:1007F0003A8902FB03F37B61FB79022B04D13A892E
:100800007B6902FB03F37B61FB6879691846FEF79D
:10081000F5FF38613B69002B01D100230FE0FB6835
:100820007A891A83FB683A895A83FB68FA791A77BE
:10083000FB683A681A62FB683A6A5A623B69184672
:100840001837BD4680BD80B586B002AFF86087ED31
:10085000010A3B600B467B8113463B813A897989CB
:100860003B68009397ED010A0223F868FFF78FFFBA
:10087000034618461037BD4680BD0A0D2000000013
:1008800030000000580000007800000030313233A2
:1008900034353637383961626364656630313233F6
:1008A000343536373839414243444546464C4F4348
:1008B000000000004D4C4F4300000000444D4C6BC5
:1008C0000000000000000000000000000000000028
:1008D000010000000800000000000000000000000F
:1008E00008000000452F000000000000400000004C
:1008F000000000000000000040000000E53900009A
:1009000000000000002000000000000000000000C7
:10091000002000001D450000000000000040000015
:1009200000000000994F0000004000005D4F0000F3
:10093000994F00000001000000000000195800005D
:1009400000010000DD5700001958000000020000FF
:100950000000000000000000800000000000000017
:1009600000000000800000003D6200000000000068
:10097000800000003D620000B16200000400000041
:1009800000000000B96A000004000000356A0000A1
:10099000B96A0000746B5F6578745F74736B20775D
:1009A00061732063616C6C656420696E2074686596
:1009B000207461736B20696E646570656E64656E2A
:1009C000740A0000746B5F6578745F74736B2077D2
:1009D00061732063616C6C656420696E2074686566
:1009E0002064697370617463682064697361626C08
:1009F00065640A00746B5F6578645F74736B20775D
:100A000061732063616C6C656420696E2074686535
:100A1000207461736B20696E646570656E64656EC9
:100A2000740A0000746B5F6578645F74736B207781
:100A300061732063616C6C656420696E2074686505
:100A40002064697370617463682064697361626CA7
:100A500065640A00010000000000000000000000C2
:100A6000020000000000000000000000214552527A
:100A70004F522120696E69745F496D616C6C6F63C0
:100A80000A000000214552524F522120696E6974BC
:100A90005F6465766963650A000000002145525273
:100AA0004F522120696E69745F696E697469616C67
:100AB000697A650A00000000214552524F522120F8
:100AC0006B65726E656C206F626A65637420696E17
:100AD000697469616C697A650A00000021455252A7
:100AE0004F52212053797374656D2074696D65725E
:100AF00020737461727475700A00000021455252AF
:100B00004F522120496E697469616C205461736B86
:100B10002063616E206E6F742073746172740A00BA
:100B2000214552524F522120496E697469616C20EF
:100B30005461736B2063616E206E6F742063726505
:100B400061740A000000000001000000E19C000048
:100B50000100000000040000000000000A3C3C20EE
:100B600053595354454D2053485554444F574E20E4
:100B70003E3E0A000A0A6D6963726F542D4B65721E
:100B80006E656C2056657273696F6E2025782E2510
:100B90003032780A0A000000214552524F5221207B
:100BA000496E6974205461736B2073746172740AA6
:100BB0000000000073657200B004000000F0040043
:100BC0006009000000D00900C012000000B013004E
:100BD00080250000005027004038000000003B0046
:100BE000004B000000A04E008070000000F0750077
:100BF000127A0000000080000096000000509D0066
:100C0000C0DA00000000E50000E1000000F0EB00A9
:100C1000002C010000903A0100C2010000E0D70161
:100C20000084030000B0AF0390D003000000000474
:100C30000008070000705F0700100E0000D0BE0E15
:100C400040420F000000001001000000D9A7000082
:100C500014250040280000000C250040060000007C
:100C600008250040FFFFFFFF10250040FFFFFFFFAA
:100C700000000000000000000A3C3C20535953547F
:100C8000454D20524553455420262052455354414A
:100C90005254203E3E0A00000A3C3C205359535413
:100CA000454D2046415354205245535441525420FF
:100CB0003E3E0A000A3C3C2053595354454D2052B5
:100CC000455354415254203E3E0A00004E4D490ABD
:100CD000000000002A2A2A2048617264206661759B
:100CE0006C74202A2A2A202063747874736B3A2546
:100CF000642020484653523A2578202043465352D8
:100D00003A25780A000000002A2A2A2048617264E5
:100D1000206661756C74202A2A2A202063747874F6
:100D2000736B3A25642020484653523A257825783B
:100D30000A0000004D5055204661756C740A000091
:100D4000427573204661756C740A000055736167C3
:100D500065204661756C740A0000000053564361BB
:100D60006C6C0A004465627567204D6F6E69746F24
:100D7000720A0000556E646566696E652045786389
:100D8000657074696F20494350523A20000000009A
:100D9000257820000A000000437574652D594F4CDA
:100DA0004F20CEBC542D4B65726E656C2052544F53
:100DB0005320537461676520312E312074696D6949
:100DC0006E670A005461736B733A2052582F434F79
:100DD0004D4D202B20494E464552454E4345202B34
:100DE000204C43440A00000056616C6964202E6365
:100DF000757465206D6F64656C20666F756E642018
:100E0000696E20666C6173680A0000004E6F207680
:100E1000616C6964202E63757465206D6F64656C08
:100E20003B2075706C6F6164206F6E65206669721F
:100E300073740A0057616974696E6720666F722067
:100E40004C4344207461736B2E2E2E0A0000000068
:100E50004552524F523A204C4344207265616479A6
:100E6000206576656E74206661696C65640A0000B1
:100E70004C43442072656164792E204F70656E6921
:100E80006E6720736572612E2E2E0A007365726183
:100E9000000000004552524F523A2063616E6E6F5F
:100EA00074206F70656E20736572610A0000000027
:100EB0000000000000000000000000000000000032
:100EC0000000000000000000000000000000000022
:100ED00000000000000000000103000019C600002F
:100EE00008000000000800000000000000000000F2
:100EF0000103000099C100000A000000000C00007E
:100F000000000000000000000103000005C3000015
:100F10000900000000060000000000004375746531
:100F20002D594F4C4F206D6963726F3A626974207E
:100F3000666C6173682D6261636B65642052544F07
:100F400053206669726D776172650A004C434420D4
:100F5000686172647761726520696E697469616C39
:100F6000697A656420696E20696E697469616C20B4
:100F70007461736B0A0000004552524F523A20636D
:100F8000616E6E6F7420637265617465206576654D
:100F90006E7420666C6167730A0000004552524F00
:100FA000523A2063616E6E6F74206372656174657E
:100FB000206170706C69636174696F6E2074617315
:100FC0006B730A004552524F523A2063616E6E6F46
:100FD00074207374617274206170706C69636174E1
:100FE000696F6E207461736B730A00002400000047
:100FF0002400000040020000400200000009000040
:1010000000090000000900002001000000030000AA
:10101000000900002001000000030000000900009A
:101020002001000000030000000900002001000072
:101030000003000000090000200100000003000080
:10104000A0000000040000000400000008000000F0
:101050000800000010000000100000000800000060
:101060002000000018000000080000002000000020
:101070001800000008000000200000001800000018
:101080000800000020000000180000000800000018
:1010900020000000180000000500000043555445E2
:1010A000000000006E6F6E6500000000030000008D
:1010B000010000000000000000000000000000002F
:1010C00000000000010000000000803F0000803FA1
:1010D000000000000000000080FFFFFF7F00000014
:1010E00001000000060708090A0B0C0D0E0F101175
:1010F000121314008071313F807131BFD1F717375F
:0C110000D1F717B70000003F000000BF4F
:08110C00B4D7FF7F01000000D1
:10111400002000400000000000000000000000006B
:1011240019FCFFFF00000000200100200000000067
:1011340000000000EC72002054730020BC730020F7
:10114400000000000000000000000000000000009B
:10115400000000000000000000000000000000008B
:10116400000000000000000000000000000000007B
:10117400000000000000000000000000000000006B
:10118400000000000000000000000000000000005B
:10119400000000000000000000000000000000004B
:1011A400000000000000000000000000000000003B
:1011B400000000000000000000000000000000002B
:1011C400000000000000000001000000000000001A
:1011D4000E33CDAB34126DE6ECDE05000B000000DF
:1011E40000000000000000000000000000000000FB
:1011F40000000000000000000000000000000000EB
:1012040000000000000000000000000000000000DA
:1012140000000000000000000000000000000000CA
:1012240000000000000000000000000000000000BA
:1012340000000000000000000000000000000000AA
:10124400000000000000000000000000000000009A
:040000030000B75DE5
:00000001FF
